<?xml version="1.0" encoding="ISO-8859-1"?>
<Vehicle menyoo_ver="1.0.0">
	<ModelHash>0x7b54a9d3</ModelHash>
	<InitialHandle>155519</InitialHandle>
	<VehicleProperties>
		<Colours>
			<Primary>95</Primary>
			<Secondary>112</Secondary>
			<Pearl>87</Pearl>
			<Rim>112</Rim>
			<Mod1_a>6</Mod1_a>
			<Mod1_b>-1</Mod1_b>
			<Mod1_c>-1</Mod1_c>
			<Mod2_a>6</Mod2_a>
			<Mod2_b>-1</Mod2_b>
			<IsPrimaryColourCustom>false</IsPrimaryColourCustom>
			<IsSecondaryColourCustom>false</IsSecondaryColourCustom>
			<tyreSmoke_R>255</tyreSmoke_R>
			<tyreSmoke_G>255</tyreSmoke_G>
			<tyreSmoke_B>255</tyreSmoke_B>
			<LrInterior>23</LrInterior>
			<LrDashboard>23</LrDashboard>
			<LrXenonHeadlights>0</LrXenonHeadlights>
		</Colours>
		<Livery>-1</Livery>
		<NumberPlateText>25KOI345</NumberPlateText>
		<NumberPlateIndex>0</NumberPlateIndex>
		<WheelType>6</WheelType>
		<WheelsInvisible>false</WheelsInvisible>
		<EngineSoundName></EngineSoundName>
		<WindowTint>1</WindowTint>
		<BulletProofTyres>true</BulletProofTyres>
		<DirtLevel>0</DirtLevel>
		<PaintFade>0.298039228</PaintFade>
		<RoofState>0</RoofState>
		<SirenActive>false</SirenActive>
		<EngineOn>true</EngineOn>
		<EngineHealth>1250</EngineHealth>
		<LightsOn>false</LightsOn>
		<IsRadioLoud>0</IsRadioLoud>
		<LockStatus>1</LockStatus>
		<Neons>
			<Left>false</Left>
			<Right>false</Right>
			<Front>false</Front>
			<Back>false</Back>
			<R>255</R>
			<G>0</G>
			<B>255</B>
		</Neons>
		<ModExtras />
		<Mods>
			<_0>-1,0</_0>
			<_1>-1,0</_1>
			<_2>-1,0</_2>
			<_3>-1,0</_3>
			<_4>-1,0</_4>
			<_5>0,0</_5>
			<_6>1,0</_6>
			<_7>-1,0</_7>
			<_8>-1,0</_8>
			<_9>-1,0</_9>
			<_10>1,0</_10>
			<_11>3,0</_11>
			<_12>2,0</_12>
			<_13>-1,0</_13>
			<_14>-1,0</_14>
			<_15>-1,0</_15>
			<_16>4,0</_16>
			<_17>false</_17>
			<_18>true</_18>
			<_19>false</_19>
			<_20>true</_20>
			<_21>false</_21>
			<_22>true</_22>
			<_23>71,0</_23>
			<_24>71,0</_24>
			<_25>-1,0</_25>
			<_26>-1,0</_26>
			<_27>-1,0</_27>
			<_28>-1,0</_28>
			<_29>-1,0</_29>
			<_30>-1,0</_30>
			<_31>-1,0</_31>
			<_32>-1,0</_32>
			<_33>-1,0</_33>
			<_34>-1,0</_34>
			<_35>-1,0</_35>
			<_36>-1,0</_36>
			<_37>-1,0</_37>
			<_38>-1,0</_38>
			<_39>-1,0</_39>
			<_40>-1,0</_40>
			<_41>-1,0</_41>
			<_42>-1,0</_42>
			<_43>-1,0</_43>
			<_44>-1,0</_44>
			<_45>-1,0</_45>
			<_46>-1,0</_46>
			<_47>-1,0</_47>
			<_48>29,0</_48>
		</Mods>
		<DoorsOpen>
			<BackLeftDoor>false</BackLeftDoor>
			<BackRightDoor>false</BackRightDoor>
			<FrontLeftDoor>false</FrontLeftDoor>
			<FrontRightDoor>false</FrontRightDoor>
			<Hood>false</Hood>
			<Trunk>false</Trunk>
			<Trunk2>false</Trunk2>
		</DoorsOpen>
		<DoorsBroken>
			<BackLeftDoor>false</BackLeftDoor>
			<BackRightDoor>false</BackRightDoor>
			<FrontLeftDoor>false</FrontLeftDoor>
			<FrontRightDoor>false</FrontRightDoor>
			<Hood>false</Hood>
			<Trunk>false</Trunk>
			<Trunk2>false</Trunk2>
		</DoorsBroken>
		<TyresBursted>
			<FrontLeft>false</FrontLeft>
			<FrontRight>false</FrontRight>
			<_2>false</_2>
			<_3>false</_3>
			<BackLeft>false</BackLeft>
			<BackRight>false</BackRight>
			<_6>false</_6>
			<_7>false</_7>
			<_8>false</_8>
		</TyresBursted>
	</VehicleProperties>
	<OpacityLevel>255</OpacityLevel>
	<LodDistance>16960</LodDistance>
	<IsVisible>true</IsVisible>
	<IsDriverVisible>true</IsDriverVisible>
	<MaxHealth>1000</MaxHealth>
	<Health>1000</Health>
	<HasGravity>true</HasGravity>
	<IsOnFire>false</IsOnFire>
	<IsInvincible>false</IsInvincible>
	<IsBulletProof>true</IsBulletProof>
	<IsExplosionProof>true</IsExplosionProof>
	<IsFireProof>true</IsFireProof>
	<IsMeleeProof>true</IsMeleeProof>
	<IsOnlyDamagedByPlayer>false</IsOnlyDamagedByPlayer>
	<SpoonerAttachments SetAttachmentsPersistentAndAddToSpoonerDatabase="false" StartTaskSequencesOnLoad="true">
		<Attachment>
			<ModelHash>0x8860882b</ModelHash>
			<Type>3</Type>
			<Dynamic>false</Dynamic>
			<FrozenPos>true</FrozenPos>
			<HashName>prop_byard_rowboat4</HashName>
			<InitialHandle>520045</InitialHandle>
			<ObjectProperties>
				<TextureVariation>0</TextureVariation>
			</ObjectProperties>
			<OpacityLevel>255</OpacityLevel>
			<LodDistance>16960</LodDistance>
			<IsVisible>true</IsVisible>
			<MaxHealth>1000</MaxHealth>
			<Health>1000</Health>
			<HasGravity>true</HasGravity>
			<IsOnFire>false</IsOnFire>
			<IsInvincible>true</IsInvincible>
			<IsBulletProof>false</IsBulletProof>
			<IsCollisionProof>true</IsCollisionProof>
			<IsExplosionProof>true</IsExplosionProof>
			<IsFireProof>true</IsFireProof>
			<IsMeleeProof>true</IsMeleeProof>
			<IsOnlyDamagedByPlayer>false</IsOnlyDamagedByPlayer>
			<PositionRotation>
				<X>-686.482544</X>
				<Y>-1904.05554</Y>
				<Z>26.3768787</Z>
				<Pitch>-1.21903694</Pitch>
				<Roll>-0.217620477</Roll>
				<Yaw>49.8699417</Yaw>
			</PositionRotation>
			<Attachment isAttached="true">
				<AttachedTo>155519</AttachedTo>
				<BoneIndex>0</BoneIndex>
				<X>0</X>
				<Y>0</Y>
				<Z>-0.629999697</Z>
				<Pitch>0</Pitch>
				<Roll>0</Roll>
				<Yaw>0</Yaw>
			</Attachment>
		</Attachment>
		<Attachment>
			<ModelHash>0x8860882b</ModelHash>
			<Type>3</Type>
			<Dynamic>false</Dynamic>
			<FrozenPos>true</FrozenPos>
			<HashName>prop_byard_rowboat4</HashName>
			<InitialHandle>210034</InitialHandle>
			<ObjectProperties>
				<TextureVariation>0</TextureVariation>
			</ObjectProperties>
			<OpacityLevel>255</OpacityLevel>
			<LodDistance>16960</LodDistance>
			<IsVisible>true</IsVisible>
			<MaxHealth>1000</MaxHealth>
			<Health>1000</Health>
			<HasGravity>true</HasGravity>
			<IsOnFire>false</IsOnFire>
			<IsInvincible>true</IsInvincible>
			<IsBulletProof>false</IsBulletProof>
			<IsCollisionProof>true</IsCollisionProof>
			<IsExplosionProof>true</IsExplosionProof>
			<IsFireProof>true</IsFireProof>
			<IsMeleeProof>true</IsMeleeProof>
			<IsOnlyDamagedByPlayer>false</IsOnlyDamagedByPlayer>
			<PositionRotation>
				<X>-686.479858</X>
				<Y>-1904.06519</Y>
				<Z>27.867382</Z>
				<Pitch>2.78093433</Pitch>
				<Roll>179.782181</Roll>
				<Yaw>49.8851395</Yaw>
			</PositionRotation>
			<Attachment isAttached="true">
				<AttachedTo>155519</AttachedTo>
				<BoneIndex>0</BoneIndex>
				<X>0</X>
				<Y>-0.0399999991</Y>
				<Z>0.860000014</Z>
				<Pitch>3.99999976</Pitch>
				<Roll>-179.999985</Roll>
				<Yaw>0</Yaw>
			</Attachment>
		</Attachment>
		<Attachment>
			<ModelHash>0x79858771</ModelHash>
			<Type>3</Type>
			<Dynamic>false</Dynamic>
			<FrozenPos>true</FrozenPos>
			<HashName>xs_prop_x18_hangar_light_a</HashName>
			<InitialHandle>50960</InitialHandle>
			<ObjectProperties>
				<TextureVariation>0</TextureVariation>
			</ObjectProperties>
			<OpacityLevel>255</OpacityLevel>
			<LodDistance>16960</LodDistance>
			<IsVisible>true</IsVisible>
			<MaxHealth>1000</MaxHealth>
			<Health>1000</Health>
			<HasGravity>true</HasGravity>
			<IsOnFire>false</IsOnFire>
			<IsInvincible>true</IsInvincible>
			<IsBulletProof>false</IsBulletProof>
			<IsCollisionProof>true</IsCollisionProof>
			<IsExplosionProof>true</IsExplosionProof>
			<IsFireProof>true</IsFireProof>
			<IsMeleeProof>true</IsMeleeProof>
			<IsOnlyDamagedByPlayer>false</IsOnlyDamagedByPlayer>
			<PositionRotation>
				<X>-687.973938</X>
				<Y>-1902.80261</Y>
				<Z>27.1956177</Z>
				<Pitch>88.7617188</Pitch>
				<Roll>-10.1201496</Roll>
				<Yaw>59.9924049</Yaw>
			</PositionRotation>
			<Attachment isAttached="true">
				<AttachedTo>155519</AttachedTo>
				<BoneIndex>0</BoneIndex>
				<X>0</X>
				<Y>1.92999864</Y>
				<Z>0.230001181</Z>
				<Pitch>90</Pitch>
				<Roll>0</Roll>
				<Yaw>0</Yaw>
			</Attachment>
		</Attachment>
		<Attachment>
			<ModelHash>0x44f95782</ModelHash>
			<Type>3</Type>
			<Dynamic>false</Dynamic>
			<FrozenPos>true</FrozenPos>
			<HashName>xs_prop_arena_barrel_01a_sf</HashName>
			<InitialHandle>210720</InitialHandle>
			<ObjectProperties>
				<TextureVariation>0</TextureVariation>
			</ObjectProperties>
			<OpacityLevel>255</OpacityLevel>
			<LodDistance>16960</LodDistance>
			<IsVisible>true</IsVisible>
			<MaxHealth>1000</MaxHealth>
			<Health>1000</Health>
			<HasGravity>true</HasGravity>
			<IsOnFire>false</IsOnFire>
			<IsInvincible>true</IsInvincible>
			<IsBulletProof>false</IsBulletProof>
			<IsCollisionProof>false</IsCollisionProof>
			<IsExplosionProof>true</IsExplosionProof>
			<IsFireProof>false</IsFireProof>
			<IsMeleeProof>true</IsMeleeProof>
			<IsOnlyDamagedByPlayer>false</IsOnlyDamagedByPlayer>
			<PositionRotation>
				<X>-684.694336</X>
				<Y>-1905.60522</Y>
				<Z>27.057251</Z>
				<Pitch>-1.21903694</Pitch>
				<Roll>-90.217598</Roll>
				<Yaw>49.8699379</Yaw>
			</PositionRotation>
			<Attachment isAttached="true">
				<AttachedTo>155519</AttachedTo>
				<BoneIndex>0</BoneIndex>
				<X>-0.0299999844</X>
				<Y>-2.37999821</Y>
				<Z>0</Z>
				<Pitch>0</Pitch>
				<Roll>-89.9999924</Roll>
				<Yaw>0</Yaw>
			</Attachment>
		</Attachment>
		<Attachment>
			<ModelHash>0xa2b11053</ModelHash>
			<Type>3</Type>
			<Dynamic>false</Dynamic>
			<FrozenPos>true</FrozenPos>
			<HashName>apa_mp_h_lit_floorlamp_13</HashName>
			<InitialHandle>30734</InitialHandle>
			<ObjectProperties>
				<TextureVariation>0</TextureVariation>
			</ObjectProperties>
			<OpacityLevel>255</OpacityLevel>
			<LodDistance>16960</LodDistance>
			<IsVisible>true</IsVisible>
			<MaxHealth>1000</MaxHealth>
			<Health>1000</Health>
			<HasGravity>true</HasGravity>
			<IsOnFire>false</IsOnFire>
			<IsInvincible>true</IsInvincible>
			<IsBulletProof>false</IsBulletProof>
			<IsCollisionProof>true</IsCollisionProof>
			<IsExplosionProof>true</IsExplosionProof>
			<IsFireProof>false</IsFireProof>
			<IsMeleeProof>true</IsMeleeProof>
			<IsOnlyDamagedByPlayer>false</IsOnlyDamagedByPlayer>
			<PositionRotation>
				<X>-685.756836</X>
				<Y>-1905.32715</Y>
				<Z>27.5944862</Z>
				<Pitch>50.4801559</Pitch>
				<Roll>-0.341911018</Roll>
				<Yaw>50.1383209</Yaw>
			</PositionRotation>
			<Attachment isAttached="true">
				<AttachedTo>155519</AttachedTo>
				<BoneIndex>0</BoneIndex>
				<X>-0.499999911</X>
				<Y>-1.40000021</Y>
				<Z>0.559999943</Z>
				<Pitch>51.6996994</Pitch>
				<Roll>-1.49011612e-07</Roll>
				<Yaw>1.81794167e-06</Yaw>
			</Attachment>
		</Attachment>
		<Attachment>
			<ModelHash>0xd30f19d0</ModelHash>
			<Type>3</Type>
			<Dynamic>false</Dynamic>
			<FrozenPos>true</FrozenPos>
			<HashName>ba_prop_battle_lights_tube_l_b</HashName>
			<InitialHandle>70971</InitialHandle>
			<ObjectProperties>
				<TextureVariation>0</TextureVariation>
			</ObjectProperties>
			<OpacityLevel>255</OpacityLevel>
			<LodDistance>16960</LodDistance>
			<IsVisible>true</IsVisible>
			<MaxHealth>1000</MaxHealth>
			<Health>1000</Health>
			<HasGravity>true</HasGravity>
			<IsOnFire>false</IsOnFire>
			<IsInvincible>true</IsInvincible>
			<IsBulletProof>false</IsBulletProof>
			<IsCollisionProof>false</IsCollisionProof>
			<IsExplosionProof>true</IsExplosionProof>
			<IsFireProof>false</IsFireProof>
			<IsMeleeProof>true</IsMeleeProof>
			<IsOnlyDamagedByPlayer>false</IsOnlyDamagedByPlayer>
			<PositionRotation>
				<X>-686.740723</X>
				<Y>-1905.12195</Y>
				<Z>26.8536835</Z>
				<Pitch>-88.2060394</Pitch>
				<Roll>-7.96614838</Roll>
				<Yaw>42.911808</Yaw>
			</PositionRotation>
			<Attachment isAttached="true">
				<AttachedTo>155519</AttachedTo>
				<BoneIndex>0</BoneIndex>
				<X>-0.979999363</X>
				<Y>-0.49999997</Y>
				<Z>-0.159999982</Z>
				<Pitch>-86.9999924</Pitch>
				<Roll>-0.999999821</Roll>
				<Yaw>5.96046448e-08</Yaw>
			</Attachment>
		</Attachment>
		<Attachment>
			<ModelHash>0x49566db0</ModelHash>
			<Type>3</Type>
			<Dynamic>false</Dynamic>
			<FrozenPos>true</FrozenPos>
			<HashName>apa_mp_apa_yacht_radar_01a</HashName>
			<InitialHandle>291402</InitialHandle>
			<ObjectProperties>
				<TextureVariation>0</TextureVariation>
			</ObjectProperties>
			<OpacityLevel>255</OpacityLevel>
			<LodDistance>16960</LodDistance>
			<IsVisible>true</IsVisible>
			<MaxHealth>1000</MaxHealth>
			<Health>1000</Health>
			<HasGravity>true</HasGravity>
			<IsOnFire>false</IsOnFire>
			<IsInvincible>true</IsInvincible>
			<IsBulletProof>false</IsBulletProof>
			<IsCollisionProof>true</IsCollisionProof>
			<IsExplosionProof>true</IsExplosionProof>
			<IsFireProof>false</IsFireProof>
			<IsMeleeProof>true</IsMeleeProof>
			<IsOnlyDamagedByPlayer>false</IsOnlyDamagedByPlayer>
			<PositionRotation>
				<X>-686.66217</X>
				<Y>-1903.91113</Y>
				<Z>27.80229</Z>
				<Pitch>-1.21903694</Pitch>
				<Roll>-0.217620477</Roll>
				<Yaw>49.8699417</Yaw>
			</PositionRotation>
			<Attachment isAttached="true">
				<AttachedTo>155519</AttachedTo>
				<BoneIndex>0</BoneIndex>
				<X>0</X>
				<Y>0.199999988</Y>
				<Z>0.799999952</Z>
				<Pitch>0</Pitch>
				<Roll>0</Roll>
				<Yaw>0</Yaw>
			</Attachment>
		</Attachment>
		<Attachment>
			<ModelHash>0x44f95782</ModelHash>
			<Type>3</Type>
			<Dynamic>false</Dynamic>
			<FrozenPos>true</FrozenPos>
			<HashName>xs_prop_arena_barrel_01a_sf</HashName>
			<InitialHandle>357704</InitialHandle>
			<ObjectProperties>
				<TextureVariation>0</TextureVariation>
			</ObjectProperties>
			<OpacityLevel>255</OpacityLevel>
			<LodDistance>16960</LodDistance>
			<IsVisible>true</IsVisible>
			<MaxHealth>1000</MaxHealth>
			<Health>1000</Health>
			<HasGravity>true</HasGravity>
			<IsOnFire>false</IsOnFire>
			<IsInvincible>true</IsInvincible>
			<IsBulletProof>false</IsBulletProof>
			<IsCollisionProof>false</IsCollisionProof>
			<IsExplosionProof>true</IsExplosionProof>
			<IsFireProof>false</IsFireProof>
			<IsMeleeProof>true</IsMeleeProof>
			<IsOnlyDamagedByPlayer>false</IsOnlyDamagedByPlayer>
			<PositionRotation>
				<X>-684.694336</X>
				<Y>-1905.60522</Y>
				<Z>27.057251</Z>
				<Pitch>1.21903694</Pitch>
				<Roll>-89.7823639</Roll>
				<Yaw>-130.13002</Yaw>
			</PositionRotation>
			<Attachment isAttached="true">
				<AttachedTo>155519</AttachedTo>
				<BoneIndex>36</BoneIndex>
				<X>-0.0299999844</X>
				<Y>-2.37999821</Y>
				<Z>0</Z>
				<Pitch>0</Pitch>
				<Roll>-89.9999924</Roll>
				<Yaw>-179.999985</Yaw>
			</Attachment>
		</Attachment>
		<Attachment>
			<ModelHash>0xa2b11053</ModelHash>
			<Type>3</Type>
			<Dynamic>false</Dynamic>
			<FrozenPos>true</FrozenPos>
			<HashName>apa_mp_h_lit_floorlamp_13</HashName>
			<InitialHandle>68466</InitialHandle>
			<ObjectProperties>
				<TextureVariation>0</TextureVariation>
			</ObjectProperties>
			<OpacityLevel>255</OpacityLevel>
			<LodDistance>16960</LodDistance>
			<IsVisible>true</IsVisible>
			<MaxHealth>1000</MaxHealth>
			<Health>1000</Health>
			<HasGravity>true</HasGravity>
			<IsOnFire>false</IsOnFire>
			<IsInvincible>true</IsInvincible>
			<IsBulletProof>false</IsBulletProof>
			<IsCollisionProof>true</IsCollisionProof>
			<IsExplosionProof>true</IsExplosionProof>
			<IsFireProof>false</IsFireProof>
			<IsMeleeProof>true</IsMeleeProof>
			<IsOnlyDamagedByPlayer>false</IsOnlyDamagedByPlayer>
			<PositionRotation>
				<X>-685.138184</X>
				<Y>-1904.59302</Y>
				<Z>27.5981312</Z>
				<Pitch>50.4801559</Pitch>
				<Roll>-0.341911018</Roll>
				<Yaw>50.1383209</Yaw>
			</PositionRotation>
			<Attachment isAttached="true">
				<AttachedTo>155519</AttachedTo>
				<BoneIndex>0</BoneIndex>
				<X>0.45999971</X>
				<Y>-1.40000021</Y>
				<Z>0.559999943</Z>
				<Pitch>51.6996994</Pitch>
				<Roll>-1.49011612e-07</Roll>
				<Yaw>1.81794167e-06</Yaw>
			</Attachment>
		</Attachment>
		<Attachment>
			<ModelHash>0xd30f19d0</ModelHash>
			<Type>3</Type>
			<Dynamic>false</Dynamic>
			<FrozenPos>true</FrozenPos>
			<HashName>ba_prop_battle_lights_tube_l_b</HashName>
			<InitialHandle>338556</InitialHandle>
			<ObjectProperties>
				<TextureVariation>0</TextureVariation>
			</ObjectProperties>
			<OpacityLevel>255</OpacityLevel>
			<LodDistance>16960</LodDistance>
			<IsVisible>true</IsVisible>
			<MaxHealth>1000</MaxHealth>
			<Health>1000</Health>
			<HasGravity>true</HasGravity>
			<IsOnFire>false</IsOnFire>
			<IsInvincible>true</IsInvincible>
			<IsBulletProof>false</IsBulletProof>
			<IsCollisionProof>false</IsCollisionProof>
			<IsExplosionProof>true</IsExplosionProof>
			<IsFireProof>false</IsFireProof>
			<IsMeleeProof>true</IsMeleeProof>
			<IsOnlyDamagedByPlayer>false</IsOnlyDamagedByPlayer>
			<PositionRotation>
				<X>-686.750977</X>
				<Y>-1905.11597</Y>
				<Z>27.4035549</Z>
				<Pitch>-88.2060394</Pitch>
				<Roll>-7.96614838</Roll>
				<Yaw>42.911808</Yaw>
			</PositionRotation>
			<Attachment isAttached="true">
				<AttachedTo>155519</AttachedTo>
				<BoneIndex>0</BoneIndex>
				<X>-0.979999363</X>
				<Y>-0.49999997</Y>
				<Z>0.389999896</Z>
				<Pitch>-86.9999924</Pitch>
				<Roll>-0.999999821</Roll>
				<Yaw>5.96046448e-08</Yaw>
			</Attachment>
		</Attachment>
		<Attachment>
			<ModelHash>0xd30f19d0</ModelHash>
			<Type>3</Type>
			<Dynamic>false</Dynamic>
			<FrozenPos>true</FrozenPos>
			<HashName>ba_prop_battle_lights_tube_l_b</HashName>
			<InitialHandle>172295</InitialHandle>
			<ObjectProperties>
				<TextureVariation>0</TextureVariation>
			</ObjectProperties>
			<OpacityLevel>255</OpacityLevel>
			<LodDistance>16960</LodDistance>
			<IsVisible>true</IsVisible>
			<MaxHealth>1000</MaxHealth>
			<Health>1000</Health>
			<HasGravity>true</HasGravity>
			<IsOnFire>false</IsOnFire>
			<IsInvincible>true</IsInvincible>
			<IsBulletProof>false</IsBulletProof>
			<IsCollisionProof>false</IsCollisionProof>
			<IsExplosionProof>true</IsExplosionProof>
			<IsFireProof>false</IsFireProof>
			<IsMeleeProof>true</IsMeleeProof>
			<IsOnlyDamagedByPlayer>false</IsOnlyDamagedByPlayer>
			<PositionRotation>
				<X>-685.513611</X>
				<Y>-1903.64795</Y>
				<Z>27.4108467</Z>
				<Pitch>-88.2060394</Pitch>
				<Roll>-7.96614838</Roll>
				<Yaw>42.911808</Yaw>
			</PositionRotation>
			<Attachment isAttached="true">
				<AttachedTo>155519</AttachedTo>
				<BoneIndex>0</BoneIndex>
				<X>0.939999461</X>
				<Y>-0.49999997</Y>
				<Z>0.389999896</Z>
				<Pitch>-86.9999924</Pitch>
				<Roll>-0.999999821</Roll>
				<Yaw>5.96046448e-08</Yaw>
			</Attachment>
		</Attachment>
		<Attachment>
			<ModelHash>0xd30f19d0</ModelHash>
			<Type>3</Type>
			<Dynamic>false</Dynamic>
			<FrozenPos>true</FrozenPos>
			<HashName>ba_prop_battle_lights_tube_l_b</HashName>
			<InitialHandle>207368</InitialHandle>
			<ObjectProperties>
				<TextureVariation>0</TextureVariation>
			</ObjectProperties>
			<OpacityLevel>255</OpacityLevel>
			<LodDistance>16960</LodDistance>
			<IsVisible>true</IsVisible>
			<MaxHealth>1000</MaxHealth>
			<Health>1000</Health>
			<HasGravity>true</HasGravity>
			<IsOnFire>false</IsOnFire>
			<IsInvincible>true</IsInvincible>
			<IsBulletProof>false</IsBulletProof>
			<IsCollisionProof>false</IsCollisionProof>
			<IsExplosionProof>true</IsExplosionProof>
			<IsFireProof>false</IsFireProof>
			<IsMeleeProof>true</IsMeleeProof>
			<IsOnlyDamagedByPlayer>false</IsOnlyDamagedByPlayer>
			<PositionRotation>
				<X>-685.490051</X>
				<Y>-1903.63879</Y>
				<Z>26.8410549</Z>
				<Pitch>-88.2060394</Pitch>
				<Roll>-7.96614838</Roll>
				<Yaw>42.911808</Yaw>
			</PositionRotation>
			<Attachment isAttached="true">
				<AttachedTo>155519</AttachedTo>
				<BoneIndex>0</BoneIndex>
				<X>0.959999442</X>
				<Y>-0.49999997</Y>
				<Z>-0.180000022</Z>
				<Pitch>-86.9999924</Pitch>
				<Roll>-0.999999821</Roll>
				<Yaw>5.96046448e-08</Yaw>
			</Attachment>
		</Attachment>
	</SpoonerAttachments>
</Vehicle>
