<?xml version="1.0" encoding="ISO-8859-1"?>
<Vehicle menyoo_ver="1.0.1">
	<ModelHash>0x58cdaf30</ModelHash>
	<InitialHandle>443413</InitialHandle>
	<VehicleProperties>
		<Colours>
			<Primary>12</Primary>
			<Secondary>12</Secondary>
			<Pearl>18</Pearl>
			<Rim>158</Rim>
			<Mod1_a>6</Mod1_a>
			<Mod1_b>-1</Mod1_b>
			<Mod1_c>-1</Mod1_c>
			<Mod2_a>6</Mod2_a>
			<Mod2_b>-1</Mod2_b>
			<IsPrimaryColourCustom>false</IsPrimaryColourCustom>
			<IsSecondaryColourCustom>false</IsSecondaryColourCustom>
			<tyreSmoke_R>255</tyreSmoke_R>
			<tyreSmoke_G>255</tyreSmoke_G>
			<tyreSmoke_B>255</tyreSmoke_B>
			<LrInterior>158</LrInterior>
			<LrDashboard>134</LrDashboard>
			<LrXenonHeadlights>255</LrXenonHeadlights>
		</Colours>
		<Livery>-1</Livery>
		<NumberPlateText>29QXW508</NumberPlateText>
		<NumberPlateIndex>0</NumberPlateIndex>
		<WheelType>0</WheelType>
		<WheelsInvisible>false</WheelsInvisible>
		<EngineSoundName></EngineSoundName>
		<WindowTint>1</WindowTint>
		<BulletProofTyres>true</BulletProofTyres>
		<DirtLevel>0.0276821554</DirtLevel>
		<PaintFade>0.298039228</PaintFade>
		<RoofState>0</RoofState>
		<SirenActive>false</SirenActive>
		<EngineOn>true</EngineOn>
		<EngineHealth>1000</EngineHealth>
		<LightsOn>false</LightsOn>
		<IsRadioLoud>0</IsRadioLoud>
		<LockStatus>1</LockStatus>
		<Neons>
			<Left>false</Left>
			<Right>false</Right>
			<Front>false</Front>
			<Back>false</Back>
			<R>255</R>
			<G>0</G>
			<B>255</B>
		</Neons>
		<ModExtras>
			<_1>true</_1>
			<_2>true</_2>
			<_15>true</_15>
			<_16>true</_16>
		</ModExtras>
		<Mods>
			<_0>-1,0</_0>
			<_1>1,0</_1>
			<_2>-1,0</_2>
			<_3>-1,0</_3>
			<_4>0,0</_4>
			<_5>-1,0</_5>
			<_6>-1,0</_6>
			<_7>-1,0</_7>
			<_8>-1,0</_8>
			<_9>-1,0</_9>
			<_10>1,0</_10>
			<_11>3,0</_11>
			<_12>2,0</_12>
			<_13>-1,0</_13>
			<_14>-1,0</_14>
			<_15>-1,0</_15>
			<_16>4,0</_16>
			<_17>false</_17>
			<_18>true</_18>
			<_19>false</_19>
			<_20>true</_20>
			<_21>false</_21>
			<_22>true</_22>
			<_23>49,0</_23>
			<_24>-1,0</_24>
			<_25>-1,0</_25>
			<_26>-1,0</_26>
			<_27>-1,0</_27>
			<_28>-1,0</_28>
			<_29>-1,0</_29>
			<_30>-1,0</_30>
			<_31>-1,0</_31>
			<_32>-1,0</_32>
			<_33>-1,0</_33>
			<_34>-1,0</_34>
			<_35>-1,0</_35>
			<_36>-1,0</_36>
			<_37>-1,0</_37>
			<_38>-1,0</_38>
			<_39>-1,0</_39>
			<_40>-1,0</_40>
			<_41>-1,0</_41>
			<_42>-1,0</_42>
			<_43>-1,0</_43>
			<_44>-1,0</_44>
			<_45>-1,0</_45>
			<_46>-1,0</_46>
			<_47>-1,0</_47>
			<_48>39,0</_48>
		</Mods>
		<DoorsOpen>
			<BackLeftDoor>false</BackLeftDoor>
			<BackRightDoor>false</BackRightDoor>
			<FrontLeftDoor>false</FrontLeftDoor>
			<FrontRightDoor>false</FrontRightDoor>
			<Hood>false</Hood>
			<Trunk>false</Trunk>
			<Trunk2>false</Trunk2>
		</DoorsOpen>
		<DoorsBroken>
			<BackLeftDoor>false</BackLeftDoor>
			<BackRightDoor>false</BackRightDoor>
			<FrontLeftDoor>false</FrontLeftDoor>
			<FrontRightDoor>false</FrontRightDoor>
			<Hood>false</Hood>
			<Trunk>false</Trunk>
			<Trunk2>false</Trunk2>
		</DoorsBroken>
		<TyresBursted>
			<FrontLeft>false</FrontLeft>
			<FrontRight>false</FrontRight>
			<_2>false</_2>
			<_3>false</_3>
			<BackLeft>false</BackLeft>
			<BackRight>false</BackRight>
			<_6>false</_6>
			<_7>false</_7>
			<_8>false</_8>
		</TyresBursted>
	</VehicleProperties>
	<OpacityLevel>255</OpacityLevel>
	<LodDistance>16960</LodDistance>
	<IsVisible>true</IsVisible>
	<IsDriverVisible>true</IsDriverVisible>
	<MaxHealth>1000</MaxHealth>
	<Health>1000</Health>
	<HasGravity>true</HasGravity>
	<IsOnFire>false</IsOnFire>
	<IsInvincible>false</IsInvincible>
	<IsBulletProof>true</IsBulletProof>
	<IsExplosionProof>true</IsExplosionProof>
	<IsFireProof>true</IsFireProof>
	<IsMeleeProof>true</IsMeleeProof>
	<IsOnlyDamagedByPlayer>false</IsOnlyDamagedByPlayer>
	<SpoonerAttachments SetAttachmentsPersistentAndAddToSpoonerDatabase="false" StartTaskSequencesOnLoad="true">
		<Attachment>
			<ModelHash>0x5fef4bd7</ModelHash>
			<Type>3</Type>
			<Dynamic>false</Dynamic>
			<FrozenPos>true</FrozenPos>
			<HashName>prop_lifeblurb_01b</HashName>
			<InitialHandle>326714</InitialHandle>
			<ObjectProperties>
				<TextureVariation>0</TextureVariation>
			</ObjectProperties>
			<OpacityLevel>255</OpacityLevel>
			<LodDistance>16960</LodDistance>
			<IsVisible>true</IsVisible>
			<MaxHealth>1000</MaxHealth>
			<Health>1000</Health>
			<HasGravity>true</HasGravity>
			<IsOnFire>false</IsOnFire>
			<IsInvincible>true</IsInvincible>
			<IsBulletProof>false</IsBulletProof>
			<IsCollisionProof>true</IsCollisionProof>
			<IsExplosionProof>true</IsExplosionProof>
			<IsFireProof>false</IsFireProof>
			<IsMeleeProof>true</IsMeleeProof>
			<IsOnlyDamagedByPlayer>false</IsOnlyDamagedByPlayer>
			<PositionRotation>
				<X>-1388.651</X>
				<Y>-145.574112</Y>
				<Z>47.7467613</Z>
				<Pitch>2.82318759</Pitch>
				<Roll>2.39316702</Roll>
				<Yaw>-26.2755833</Yaw>
			</PositionRotation>
			<Attachment isAttached="true">
				<AttachedTo>443413</AttachedTo>
				<BoneIndex>0</BoneIndex>
				<X>0</X>
				<Y>0.879999459</Y>
				<Z>0</Z>
				<Pitch>0</Pitch>
				<Roll>0</Roll>
				<Yaw>-179.999985</Yaw>
			</Attachment>
		</Attachment>
	</SpoonerAttachments>
</Vehicle>
