<?xml version="1.0" encoding="ISO-8859-1"?>
<Vehicle menyoo_ver="1.3.0">
	<ModelHash>0x149bd32a</ModelHash>
	<InitialHandle>613137</InitialHandle>
	<VehicleProperties>
		<Colours>
			<Primary>12</Primary>
			<Secondary>12</Secondary>
			<Pearl>5</Pearl>
			<Rim>111</Rim>
			<Mod1_a>6</Mod1_a>
			<Mod1_b>-1</Mod1_b>
			<Mod1_c>-1</Mod1_c>
			<Mod2_a>6</Mod2_a>
			<Mod2_b>-1</Mod2_b>
			<IsPrimaryColourCustom>false</IsPrimaryColourCustom>
			<IsSecondaryColourCustom>false</IsSecondaryColourCustom>
			<tyreSmoke_R>255</tyreSmoke_R>
			<tyreSmoke_G>255</tyreSmoke_G>
			<tyreSmoke_B>255</tyreSmoke_B>
			<LrInterior>111</LrInterior>
			<LrDashboard>0</LrDashboard>
			<LrXenonHeadlights>255</LrXenonHeadlights>
		</Colours>
		<Livery>-1</Livery>
		<NumberPlateText>07MHJ305</NumberPlateText>
		<NumberPlateIndex>0</NumberPlateIndex>
		<WheelType>0</WheelType>
		<WheelsInvisible>false</WheelsInvisible>
		<EngineSoundName></EngineSoundName>
		<WindowTint>1</WindowTint>
		<BulletProofTyres>true</BulletProofTyres>
		<DirtLevel>0.00452148216</DirtLevel>
		<PaintFade>0.298039228</PaintFade>
		<RoofState>0</RoofState>
		<SirenActive>false</SirenActive>
		<EngineOn>true</EngineOn>
		<EngineHealth>1000</EngineHealth>
		<LightsOn>true</LightsOn>
		<IsRadioLoud>0</IsRadioLoud>
		<LockStatus>1</LockStatus>
		<Neons>
			<Left>false</Left>
			<Right>false</Right>
			<Front>false</Front>
			<Back>false</Back>
			<R>255</R>
			<G>0</G>
			<B>255</B>
		</Neons>
		<ModExtras>
			<_1>true</_1>
			<_2>true</_2>
			<_3>true</_3>
			<_4>true</_4>
			<_5>true</_5>
			<_6>true</_6>
			<_7>true</_7>
		</ModExtras>
		<Mods>
			<_0>-1,0</_0>
			<_1>-1,0</_1>
			<_2>-1,0</_2>
			<_3>-1,0</_3>
			<_4>-1,0</_4>
			<_5>-1,0</_5>
			<_6>-1,0</_6>
			<_7>-1,0</_7>
			<_8>-1,0</_8>
			<_9>-1,0</_9>
			<_10>-1,0</_10>
			<_11>3,0</_11>
			<_12>2,0</_12>
			<_13>3,0</_13>
			<_14>44,0</_14>
			<_15>2,0</_15>
			<_16>4,0</_16>
			<_17>false</_17>
			<_18>true</_18>
			<_19>false</_19>
			<_20>true</_20>
			<_21>false</_21>
			<_22>true</_22>
			<_23>49,0</_23>
			<_24>-1,0</_24>
			<_25>-1,0</_25>
			<_26>-1,0</_26>
			<_27>-1,0</_27>
			<_28>-1,0</_28>
			<_29>-1,0</_29>
			<_30>-1,0</_30>
			<_31>-1,0</_31>
			<_32>-1,0</_32>
			<_33>-1,0</_33>
			<_34>-1,0</_34>
			<_35>-1,0</_35>
			<_36>-1,0</_36>
			<_37>-1,0</_37>
			<_38>-1,0</_38>
			<_39>-1,0</_39>
			<_40>-1,0</_40>
			<_41>-1,0</_41>
			<_42>-1,0</_42>
			<_43>-1,0</_43>
			<_44>-1,0</_44>
			<_45>-1,0</_45>
			<_46>-1,0</_46>
			<_47>-1,0</_47>
			<_48>9,0</_48>
		</Mods>
		<DoorsOpen>
			<BackLeftDoor>false</BackLeftDoor>
			<BackRightDoor>false</BackRightDoor>
			<FrontLeftDoor>false</FrontLeftDoor>
			<FrontRightDoor>false</FrontRightDoor>
			<Hood>false</Hood>
			<Trunk>false</Trunk>
			<Trunk2>false</Trunk2>
		</DoorsOpen>
		<DoorsBroken>
			<BackLeftDoor>false</BackLeftDoor>
			<BackRightDoor>false</BackRightDoor>
			<FrontLeftDoor>false</FrontLeftDoor>
			<FrontRightDoor>false</FrontRightDoor>
			<Hood>false</Hood>
			<Trunk>false</Trunk>
			<Trunk2>false</Trunk2>
		</DoorsBroken>
		<TyresBursted>
			<FrontLeft>false</FrontLeft>
			<FrontRight>false</FrontRight>
			<_2>false</_2>
			<_3>false</_3>
			<BackLeft>false</BackLeft>
			<BackRight>false</BackRight>
			<_6>false</_6>
			<_7>false</_7>
			<_8>false</_8>
		</TyresBursted>
	</VehicleProperties>
	<OpacityLevel>255</OpacityLevel>
	<LodDistance>16960</LodDistance>
	<IsVisible>true</IsVisible>
	<IsDriverVisible>true</IsDriverVisible>
	<MaxHealth>1000</MaxHealth>
	<Health>1000</Health>
	<HasGravity>true</HasGravity>
	<IsOnFire>false</IsOnFire>
	<IsInvincible>false</IsInvincible>
	<IsBulletProof>false</IsBulletProof>
	<IsExplosionProof>false</IsExplosionProof>
	<IsFireProof>false</IsFireProof>
	<IsMeleeProof>false</IsMeleeProof>
	<IsOnlyDamagedByPlayer>false</IsOnlyDamagedByPlayer>
	<SpoonerAttachments SetAttachmentsPersistentAndAddToSpoonerDatabase="true" StartTaskSequencesOnLoad="true">
		<Attachment>
			<ModelHash>0x174b724f</ModelHash>
			<Type>3</Type>
			<Dynamic>false</Dynamic>
			<FrozenPos>true</FrozenPos>
			<HashName>xs_propintarena_lamps_01b</HashName>
			<InitialHandle>613393</InitialHandle>
			<ObjectProperties>
				<TextureVariation>0</TextureVariation>
			</ObjectProperties>
			<OpacityLevel>255</OpacityLevel>
			<LodDistance>16960</LodDistance>
			<IsVisible>true</IsVisible>
			<MaxHealth>1000</MaxHealth>
			<Health>926</Health>
			<HasGravity>true</HasGravity>
			<IsOnFire>false</IsOnFire>
			<IsInvincible>false</IsInvincible>
			<IsBulletProof>false</IsBulletProof>
			<IsCollisionProof>false</IsCollisionProof>
			<IsExplosionProof>false</IsExplosionProof>
			<IsFireProof>false</IsFireProof>
			<IsMeleeProof>false</IsMeleeProof>
			<IsOnlyDamagedByPlayer>false</IsOnlyDamagedByPlayer>
			<PositionRotation>
				<X>-1335.48462</X>
				<Y>-3047.62964</Y>
				<Z>15.5746508</Z>
				<Pitch>-19.9194183</Pitch>
				<Roll>0.0213050041</Roll>
				<Yaw>-141.402161</Yaw>
			</PositionRotation>
			<Attachment isAttached="true">
				<AttachedTo>613137</AttachedTo>
				<BoneIndex>0</BoneIndex>
				<X>2.49999833</X>
				<Y>-1.00000012</Y>
				<Z>1.40000093</Z>
				<Pitch>-20.0000038</Pitch>
				<Roll>-7.51018524e-06</Roll>
				<Yaw>-90.0000076</Yaw>
			</Attachment>
		</Attachment>
		<Attachment>
			<ModelHash>0x4b64199d</ModelHash>
			<Type>1</Type>
			<Dynamic>true</Dynamic>
			<FrozenPos>false</FrozenPos>
			<HashName>Vinewood Male</HashName>
			<InitialHandle>613649</InitialHandle>
			<PedProperties>
				<IsStill>true</IsStill>
				<CanRagdoll>false</CanRagdoll>
				<HasShortHeight>false</HasShortHeight>
				<Armour>0</Armour>
				<CurrentWeapon>0xa2719263</CurrentWeapon>
				<PedProps>
					<_0>-1,-1</_0>
					<_1>-1,-1</_1>
					<_2>-1,-1</_2>
					<_3>-1,-1</_3>
					<_4>-1,-1</_4>
					<_5>-1,-1</_5>
					<_6>-1,-1</_6>
					<_7>-1,-1</_7>
					<_8>-1,-1</_8>
					<_9>-1,-1</_9>
				</PedProps>
				<PedComps>
					<_0>0,0</_0>
					<_1>0,0</_1>
					<_2>0,0</_2>
					<_3>1,0</_3>
					<_4>0,0</_4>
					<_5>0,0</_5>
					<_6>0,0</_6>
					<_7>0,0</_7>
					<_8>0,1</_8>
					<_9>0,0</_9>
					<_10>0,0</_10>
					<_11>0,0</_11>
				</PedComps>
				<RelationshipGroupAltered>false</RelationshipGroupAltered>
				<RelationshipGroup>0xfade4843</RelationshipGroup>
				<ScenarioActive>false</ScenarioActive>
				<AnimActive>true</AnimActive>
				<AnimDict>anim@amb@nightclub@djs@solomun@</AnimDict>
				<AnimName>sol_dance_c_sol</AnimName>
			</PedProperties>
			<OpacityLevel>255</OpacityLevel>
			<LodDistance>16960</LodDistance>
			<IsVisible>true</IsVisible>
			<MaxHealth>200</MaxHealth>
			<Health>200</Health>
			<HasGravity>true</HasGravity>
			<IsOnFire>false</IsOnFire>
			<IsInvincible>false</IsInvincible>
			<IsBulletProof>false</IsBulletProof>
			<IsCollisionProof>false</IsCollisionProof>
			<IsExplosionProof>false</IsExplosionProof>
			<IsFireProof>false</IsFireProof>
			<IsMeleeProof>false</IsMeleeProof>
			<IsOnlyDamagedByPlayer>false</IsOnlyDamagedByPlayer>
			<PositionRotation>
				<X>-1337.74841</X>
				<Y>-3045.59521</Y>
				<Z>17.1302547</Z>
				<Pitch>-0.0805818886</Pitch>
				<Roll>-0.0200372282</Roll>
				<Yaw>38.5905533</Yaw>
			</PositionRotation>
			<Attachment isAttached="true">
				<AttachedTo>613137</AttachedTo>
				<BoneIndex>-1</BoneIndex>
				<X>-0.50000006</X>
				<Y>-1.50000024</Y>
				<Z>2.93000054</Z>
				<Pitch>0</Pitch>
				<Roll>0</Roll>
				<Yaw>90.0000076</Yaw>
			</Attachment>
		</Attachment>
		<Attachment>
			<ModelHash>0x9fd4292d</ModelHash>
			<Type>1</Type>
			<Dynamic>true</Dynamic>
			<FrozenPos>false</FrozenPos>
			<HashName>Bouncer</HashName>
			<InitialHandle>613905</InitialHandle>
			<PedProperties>
				<IsStill>true</IsStill>
				<CanRagdoll>false</CanRagdoll>
				<HasShortHeight>false</HasShortHeight>
				<Armour>0</Armour>
				<CurrentWeapon>0xa2719263</CurrentWeapon>
				<PedProps>
					<_0>-1,-1</_0>
					<_1>-1,-1</_1>
					<_2>-1,-1</_2>
					<_3>-1,-1</_3>
					<_4>-1,-1</_4>
					<_5>-1,-1</_5>
					<_6>-1,-1</_6>
					<_7>-1,-1</_7>
					<_8>-1,-1</_8>
					<_9>-1,-1</_9>
				</PedProps>
				<PedComps>
					<_0>1,2</_0>
					<_1>0,0</_1>
					<_2>1,1</_2>
					<_3>1,3</_3>
					<_4>0,0</_4>
					<_5>0,0</_5>
					<_6>0,0</_6>
					<_7>0,0</_7>
					<_8>1,1</_8>
					<_9>0,0</_9>
					<_10>0,0</_10>
					<_11>0,0</_11>
				</PedComps>
				<TattooLogoDecals />
				<DamagePacks />
				<RelationshipGroupAltered>false</RelationshipGroupAltered>
				<RelationshipGroup>0xfade4843</RelationshipGroup>
				<ScenarioActive>false</ScenarioActive>
				<AnimActive>true</AnimActive>
				<AnimDict>mini@strip_club@idles@bouncer@idle_a</AnimDict>
				<AnimName>idle_a</AnimName>
			</PedProperties>
			<OpacityLevel>255</OpacityLevel>
			<LodDistance>16960</LodDistance>
			<IsVisible>true</IsVisible>
			<MaxHealth>200</MaxHealth>
			<Health>200</Health>
			<HasGravity>true</HasGravity>
			<IsOnFire>false</IsOnFire>
			<IsInvincible>false</IsInvincible>
			<IsBulletProof>false</IsBulletProof>
			<IsCollisionProof>false</IsCollisionProof>
			<IsExplosionProof>false</IsExplosionProof>
			<IsFireProof>false</IsFireProof>
			<IsMeleeProof>false</IsMeleeProof>
			<IsOnlyDamagedByPlayer>false</IsOnlyDamagedByPlayer>
			<PositionRotation>
				<X>-1334.38147</X>
				<Y>-3040.99487</Y>
				<Z>13.9500713</Z>
				<Pitch>-0.0805818886</Pitch>
				<Roll>-0.0200372282</Roll>
				<Yaw>38.5905533</Yaw>
			</PositionRotation>
			<Attachment isAttached="true">
				<AttachedTo>613137</AttachedTo>
				<BoneIndex>-1</BoneIndex>
				<X>-2.00000024</X>
				<Y>3.99999881</Y>
				<Z>-0.25000003</Z>
				<Pitch>0</Pitch>
				<Roll>0</Roll>
				<Yaw>90.0000076</Yaw>
			</Attachment>
		</Attachment>
		<Attachment>
			<ModelHash>0x9fd4292d</ModelHash>
			<Type>1</Type>
			<Dynamic>true</Dynamic>
			<FrozenPos>false</FrozenPos>
			<HashName>Bouncer</HashName>
			<InitialHandle>614161</InitialHandle>
			<PedProperties>
				<IsStill>true</IsStill>
				<CanRagdoll>false</CanRagdoll>
				<HasShortHeight>false</HasShortHeight>
				<Armour>0</Armour>
				<CurrentWeapon>0xa2719263</CurrentWeapon>
				<PedProps>
					<_0>-1,-1</_0>
					<_1>-1,-1</_1>
					<_2>-1,-1</_2>
					<_3>-1,-1</_3>
					<_4>-1,-1</_4>
					<_5>-1,-1</_5>
					<_6>-1,-1</_6>
					<_7>-1,-1</_7>
					<_8>-1,-1</_8>
					<_9>-1,-1</_9>
				</PedProps>
				<PedComps>
					<_0>0,2</_0>
					<_1>0,0</_1>
					<_2>1,0</_2>
					<_3>1,0</_3>
					<_4>0,0</_4>
					<_5>0,0</_5>
					<_6>0,0</_6>
					<_7>0,0</_7>
					<_8>1,0</_8>
					<_9>0,0</_9>
					<_10>0,0</_10>
					<_11>0,0</_11>
				</PedComps>
				<RelationshipGroupAltered>false</RelationshipGroupAltered>
				<RelationshipGroup>0xfade4843</RelationshipGroup>
				<ScenarioActive>false</ScenarioActive>
				<AnimActive>true</AnimActive>
				<AnimDict>mini@strip_club@idles@bouncer@idle_c</AnimDict>
				<AnimName>idle_c</AnimName>
			</PedProperties>
			<OpacityLevel>255</OpacityLevel>
			<LodDistance>16960</LodDistance>
			<IsVisible>true</IsVisible>
			<MaxHealth>200</MaxHealth>
			<Health>200</Health>
			<HasGravity>true</HasGravity>
			<IsOnFire>false</IsOnFire>
			<IsInvincible>false</IsInvincible>
			<IsBulletProof>false</IsBulletProof>
			<IsCollisionProof>false</IsCollisionProof>
			<IsExplosionProof>false</IsExplosionProof>
			<IsFireProof>false</IsFireProof>
			<IsMeleeProof>false</IsMeleeProof>
			<IsOnlyDamagedByPlayer>false</IsOnlyDamagedByPlayer>
			<PositionRotation>
				<X>-1342.19775</X>
				<Y>-3047.23242</Y>
				<Z>13.9665737</Z>
				<Pitch>-0.0805818886</Pitch>
				<Roll>-0.0200372338</Roll>
				<Yaw>38.5905418</Yaw>
			</PositionRotation>
			<Attachment isAttached="true">
				<AttachedTo>613137</AttachedTo>
				<BoneIndex>-1</BoneIndex>
				<X>-2.00000024</X>
				<Y>-6.00000095</Y>
				<Z>-0.230000079</Z>
				<Pitch>0</Pitch>
				<Roll>0</Roll>
				<Yaw>90</Yaw>
			</Attachment>
		</Attachment>
		<Attachment>
			<ModelHash>0xa42e1fb8</ModelHash>
			<Type>3</Type>
			<Dynamic>false</Dynamic>
			<FrozenPos>true</FrozenPos>
			<HashName>ba_rig_dj_01_lights_03_a</HashName>
			<InitialHandle>617233</InitialHandle>
			<ObjectProperties>
				<TextureVariation>0</TextureVariation>
			</ObjectProperties>
			<OpacityLevel>255</OpacityLevel>
			<LodDistance>16960</LodDistance>
			<IsVisible>true</IsVisible>
			<MaxHealth>1000</MaxHealth>
			<Health>1000</Health>
			<HasGravity>true</HasGravity>
			<IsOnFire>false</IsOnFire>
			<IsInvincible>false</IsInvincible>
			<IsBulletProof>false</IsBulletProof>
			<IsCollisionProof>false</IsCollisionProof>
			<IsExplosionProof>false</IsExplosionProof>
			<IsFireProof>false</IsFireProof>
			<IsMeleeProof>false</IsMeleeProof>
			<IsOnlyDamagedByPlayer>false</IsOnlyDamagedByPlayer>
			<PositionRotation>
				<X>-1345.20483</X>
				<Y>-3029.03516</Y>
				<Z>13.3470802</Z>
				<Pitch>0.0200376399</Pitch>
				<Roll>-6.88058233</Roll>
				<Yaw>-51.4094238</Yaw>
			</PositionRotation>
			<Attachment isAttached="true">
				<AttachedTo>613137</AttachedTo>
				<BoneIndex>0</BoneIndex>
				<X>-18.0999947</X>
				<Y>2.99999928</Y>
				<Z>-0.799998462</Z>
				<Pitch>0</Pitch>
				<Roll>-6.80000019</Roll>
				<Yaw>0</Yaw>
			</Attachment>
		</Attachment>
		<Attachment>
			<ModelHash>0x74d7c314</ModelHash>
			<Type>3</Type>
			<Dynamic>false</Dynamic>
			<FrozenPos>true</FrozenPos>
			<HashName>ba_rig_dj_04_lights_03_a</HashName>
			<InitialHandle>617489</InitialHandle>
			<ObjectProperties>
				<TextureVariation>0</TextureVariation>
			</ObjectProperties>
			<OpacityLevel>255</OpacityLevel>
			<LodDistance>16960</LodDistance>
			<IsVisible>true</IsVisible>
			<MaxHealth>1000</MaxHealth>
			<Health>1000</Health>
			<HasGravity>true</HasGravity>
			<IsOnFire>false</IsOnFire>
			<IsInvincible>false</IsInvincible>
			<IsBulletProof>false</IsBulletProof>
			<IsCollisionProof>false</IsCollisionProof>
			<IsExplosionProof>false</IsExplosionProof>
			<IsFireProof>false</IsFireProof>
			<IsMeleeProof>false</IsMeleeProof>
			<IsOnlyDamagedByPlayer>false</IsOnlyDamagedByPlayer>
			<PositionRotation>
				<X>-1352.08313</X>
				<Y>-3034.52393</Y>
				<Z>13.3440008</Z>
				<Pitch>0.0200376399</Pitch>
				<Roll>-6.88057804</Roll>
				<Yaw>-51.4094238</Yaw>
			</PositionRotation>
			<Attachment isAttached="true">
				<AttachedTo>613137</AttachedTo>
				<BoneIndex>0</BoneIndex>
				<X>-18.1000328</X>
				<Y>-5.79999685</Y>
				<Z>-0.800000131</Z>
				<Pitch>0</Pitch>
				<Roll>-6.7999959</Roll>
				<Yaw>0</Yaw>
			</Attachment>
		</Attachment>
		<Attachment>
			<ModelHash>0xbe49c6b2</ModelHash>
			<Type>3</Type>
			<Dynamic>false</Dynamic>
			<FrozenPos>true</FrozenPos>
			<HashName>xs_prop_arena_arrow_01a_sf</HashName>
			<InitialHandle>617745</InitialHandle>
			<ObjectProperties>
				<TextureVariation>0</TextureVariation>
			</ObjectProperties>
			<OpacityLevel>255</OpacityLevel>
			<LodDistance>16960</LodDistance>
			<IsVisible>true</IsVisible>
			<MaxHealth>1000</MaxHealth>
			<Health>1000</Health>
			<HasGravity>true</HasGravity>
			<IsOnFire>false</IsOnFire>
			<IsInvincible>false</IsInvincible>
			<IsBulletProof>false</IsBulletProof>
			<IsCollisionProof>false</IsCollisionProof>
			<IsExplosionProof>false</IsExplosionProof>
			<IsFireProof>false</IsFireProof>
			<IsMeleeProof>false</IsMeleeProof>
			<IsOnlyDamagedByPlayer>false</IsOnlyDamagedByPlayer>
			<PositionRotation>
				<X>-1328.97168</X>
				<Y>-3023.88574</Y>
				<Z>12.9612188</Z>
				<Pitch>0.0758355409</Pitch>
				<Roll>-0.0338216126</Roll>
				<Yaw>-103.409424</Yaw>
			</PositionRotation>
			<Attachment isAttached="true">
				<AttachedTo>613137</AttachedTo>
				<BoneIndex>0</BoneIndex>
				<X>-12.0000019</X>
				<Y>18.9000015</Y>
				<Z>-1.20000017</Z>
				<Pitch>0</Pitch>
				<Roll>0</Roll>
				<Yaw>-52.0000038</Yaw>
			</Attachment>
		</Attachment>
		<Attachment>
			<ModelHash>0x68adbf92</ModelHash>
			<Type>3</Type>
			<Dynamic>false</Dynamic>
			<FrozenPos>true</FrozenPos>
			<HashName>xs_prop_arena_goal_sf</HashName>
			<InitialHandle>618257</InitialHandle>
			<ObjectProperties>
				<TextureVariation>0</TextureVariation>
			</ObjectProperties>
			<OpacityLevel>255</OpacityLevel>
			<LodDistance>16960</LodDistance>
			<IsVisible>true</IsVisible>
			<MaxHealth>1000</MaxHealth>
			<Health>1000</Health>
			<HasGravity>true</HasGravity>
			<IsOnFire>false</IsOnFire>
			<IsInvincible>false</IsInvincible>
			<IsBulletProof>false</IsBulletProof>
			<IsCollisionProof>false</IsCollisionProof>
			<IsExplosionProof>false</IsExplosionProof>
			<IsFireProof>false</IsFireProof>
			<IsMeleeProof>false</IsMeleeProof>
			<IsOnlyDamagedByPlayer>false</IsOnlyDamagedByPlayer>
			<PositionRotation>
				<X>-1339.8479</X>
				<Y>-3042.1604</Y>
				<Z>12.9648075</Z>
				<Pitch>0.0805818886</Pitch>
				<Roll>0.0200372357</Roll>
				<Yaw>-141.409439</Yaw>
			</PositionRotation>
			<Attachment isAttached="true">
				<AttachedTo>613137</AttachedTo>
				<BoneIndex>0</BoneIndex>
				<X>-4.49999809</X>
				<Y>-1.00000036</Y>
				<Z>-1.20000017</Z>
				<Pitch>0</Pitch>
				<Roll>0</Roll>
				<Yaw>-90.0000076</Yaw>
			</Attachment>
		</Attachment>
		<Attachment>
			<ModelHash>0x154e3679</ModelHash>
			<Type>1</Type>
			<Dynamic>true</Dynamic>
			<FrozenPos>false</FrozenPos>
			<HashName>Club Customer Female 2</HashName>
			<InitialHandle>549651</InitialHandle>
			<PedProperties>
				<IsStill>true</IsStill>
				<CanRagdoll>false</CanRagdoll>
				<HasShortHeight>false</HasShortHeight>
				<Armour>0</Armour>
				<CurrentWeapon>0xa2719263</CurrentWeapon>
				<PedProps>
					<_0>-1,-1</_0>
					<_1>-1,-1</_1>
					<_2>-1,-1</_2>
					<_3>-1,-1</_3>
					<_4>-1,-1</_4>
					<_5>-1,-1</_5>
					<_6>-1,-1</_6>
					<_7>-1,-1</_7>
					<_8>-1,-1</_8>
					<_9>-1,-1</_9>
				</PedProps>
				<PedComps>
					<_0>2,1</_0>
					<_1>0,0</_1>
					<_2>3,2</_2>
					<_3>2,2</_3>
					<_4>2,0</_4>
					<_5>0,0</_5>
					<_6>0,0</_6>
					<_7>0,0</_7>
					<_8>0,0</_8>
					<_9>0,0</_9>
					<_10>0,0</_10>
					<_11>0,0</_11>
				</PedComps>
				<TattooLogoDecals />
				<DamagePacks />
				<RelationshipGroupAltered>false</RelationshipGroupAltered>
				<RelationshipGroup>0xfade4843</RelationshipGroup>
				<ScenarioActive>false</ScenarioActive>
				<AnimActive>true</AnimActive>
				<AnimDict>anim@amb@nightclub@dancers@crowddance_facedj@low_intesnsity</AnimDict>
				<AnimName>li_dance_facedj_09_v2_female^1</AnimName>
			</PedProperties>
			<OpacityLevel>255</OpacityLevel>
			<LodDistance>16960</LodDistance>
			<IsVisible>true</IsVisible>
			<MaxHealth>200</MaxHealth>
			<Health>200</Health>
			<HasGravity>true</HasGravity>
			<IsOnFire>false</IsOnFire>
			<IsInvincible>false</IsInvincible>
			<IsBulletProof>false</IsBulletProof>
			<IsCollisionProof>false</IsCollisionProof>
			<IsExplosionProof>false</IsExplosionProof>
			<IsFireProof>false</IsFireProof>
			<IsMeleeProof>false</IsMeleeProof>
			<IsOnlyDamagedByPlayer>false</IsOnlyDamagedByPlayer>
			<PositionRotation>
				<X>-1347.02979</X>
				<Y>-3039.57422</Y>
				<Z>13.8556299</Z>
				<Pitch>0.0744521841</Pitch>
				<Roll>-0.0175370481</Roll>
				<Yaw>-113.40934</Yaw>
			</PositionRotation>
			<Attachment isAttached="true">
				<AttachedTo>613137</AttachedTo>
				<BoneIndex>0</BoneIndex>
				<X>-11.000001</X>
				<Y>-5.00000048</Y>
				<Z>-0.300000042</Z>
				<Pitch>0</Pitch>
				<Roll>0</Roll>
				<Yaw>-62</Yaw>
			</Attachment>
		</Attachment>
		<Attachment>
			<ModelHash>0x00a40d25</ModelHash>
			<Type>1</Type>
			<Dynamic>true</Dynamic>
			<FrozenPos>false</FrozenPos>
			<HashName>Club Customer Female 3</HashName>
			<InitialHandle>549907</InitialHandle>
			<PedProperties>
				<IsStill>true</IsStill>
				<CanRagdoll>false</CanRagdoll>
				<HasShortHeight>false</HasShortHeight>
				<Armour>0</Armour>
				<CurrentWeapon>0xa2719263</CurrentWeapon>
				<PedProps>
					<_0>-1,-1</_0>
					<_1>-1,-1</_1>
					<_2>-1,-1</_2>
					<_3>-1,-1</_3>
					<_4>-1,-1</_4>
					<_5>-1,-1</_5>
					<_6>-1,-1</_6>
					<_7>-1,-1</_7>
					<_8>-1,-1</_8>
					<_9>-1,-1</_9>
				</PedProps>
				<PedComps>
					<_0>2,1</_0>
					<_1>0,0</_1>
					<_2>4,1</_2>
					<_3>2,1</_3>
					<_4>2,2</_4>
					<_5>0,0</_5>
					<_6>0,0</_6>
					<_7>0,0</_7>
					<_8>0,0</_8>
					<_9>0,0</_9>
					<_10>0,0</_10>
					<_11>0,0</_11>
				</PedComps>
				<TattooLogoDecals />
				<DamagePacks />
				<RelationshipGroupAltered>false</RelationshipGroupAltered>
				<RelationshipGroup>0xfade4843</RelationshipGroup>
				<ScenarioActive>false</ScenarioActive>
				<AnimActive>true</AnimActive>
				<AnimDict>anim@amb@nightclub@dancers@crowddance_facedj@low_intesnsity</AnimDict>
				<AnimName>li_dance_facedj_09_v1_female^5</AnimName>
			</PedProperties>
			<OpacityLevel>255</OpacityLevel>
			<LodDistance>16960</LodDistance>
			<IsVisible>true</IsVisible>
			<MaxHealth>200</MaxHealth>
			<Health>200</Health>
			<HasGravity>true</HasGravity>
			<IsOnFire>false</IsOnFire>
			<IsInvincible>false</IsInvincible>
			<IsBulletProof>false</IsBulletProof>
			<IsCollisionProof>false</IsCollisionProof>
			<IsExplosionProof>false</IsExplosionProof>
			<IsFireProof>false</IsFireProof>
			<IsMeleeProof>false</IsMeleeProof>
			<IsOnlyDamagedByPlayer>false</IsOnlyDamagedByPlayer>
			<PositionRotation>
				<X>-1338.90564</X>
				<Y>-3036.92896</Y>
				<Z>13.9022207</Z>
				<Pitch>0.067695111</Pitch>
				<Roll>0.0356096737</Roll>
				<Yaw>-154.409363</Yaw>
			</PositionRotation>
			<Attachment isAttached="true">
				<AttachedTo>613137</AttachedTo>
				<BoneIndex>0</BoneIndex>
				<X>-8.00000095</X>
				<Y>3.00000048</Y>
				<Z>-0.26000008</Z>
				<Pitch>0</Pitch>
				<Roll>0</Roll>
				<Yaw>-103</Yaw>
			</Attachment>
		</Attachment>
		<Attachment>
			<ModelHash>0xa7b71042</ModelHash>
			<Type>1</Type>
			<Dynamic>true</Dynamic>
			<FrozenPos>false</FrozenPos>
			<HashName>Club Customer Male 1</HashName>
			<InitialHandle>550163</InitialHandle>
			<PedProperties>
				<IsStill>true</IsStill>
				<CanRagdoll>false</CanRagdoll>
				<HasShortHeight>false</HasShortHeight>
				<Armour>0</Armour>
				<CurrentWeapon>0xa2719263</CurrentWeapon>
				<PedProps>
					<_0>-1,-1</_0>
					<_1>-1,-1</_1>
					<_2>-1,-1</_2>
					<_3>-1,-1</_3>
					<_4>-1,-1</_4>
					<_5>-1,-1</_5>
					<_6>-1,-1</_6>
					<_7>-1,-1</_7>
					<_8>-1,-1</_8>
					<_9>-1,-1</_9>
				</PedProps>
				<PedComps>
					<_0>4,1</_0>
					<_1>0,0</_1>
					<_2>3,0</_2>
					<_3>6,0</_3>
					<_4>3,0</_4>
					<_5>0,0</_5>
					<_6>0,0</_6>
					<_7>0,0</_7>
					<_8>0,0</_8>
					<_9>0,0</_9>
					<_10>0,0</_10>
					<_11>0,0</_11>
				</PedComps>
				<TattooLogoDecals />
				<DamagePacks />
				<RelationshipGroupAltered>false</RelationshipGroupAltered>
				<RelationshipGroup>0xfade4843</RelationshipGroup>
				<ScenarioActive>false</ScenarioActive>
				<AnimActive>true</AnimActive>
				<AnimDict>anim@amb@nightclub@dancers@crowddance_facedj@med_intensity</AnimDict>
				<AnimName>mi_dance_facedj_17_v1_male^5</AnimName>
			</PedProperties>
			<OpacityLevel>255</OpacityLevel>
			<LodDistance>16960</LodDistance>
			<IsVisible>true</IsVisible>
			<MaxHealth>200</MaxHealth>
			<Health>200</Health>
			<HasGravity>true</HasGravity>
			<IsOnFire>false</IsOnFire>
			<IsInvincible>false</IsInvincible>
			<IsBulletProof>false</IsBulletProof>
			<IsCollisionProof>false</IsCollisionProof>
			<IsExplosionProof>false</IsExplosionProof>
			<IsFireProof>false</IsFireProof>
			<IsMeleeProof>false</IsMeleeProof>
			<IsOnlyDamagedByPlayer>false</IsOnlyDamagedByPlayer>
			<PositionRotation>
				<X>-1345.31653</X>
				<Y>-3043.32422</Y>
				<Z>13.9104538</Z>
				<Pitch>0.0697380751</Pitch>
				<Roll>-0.0314209796</Roll>
				<Yaw>-102.409348</Yaw>
			</PositionRotation>
			<Attachment isAttached="true">
				<AttachedTo>613137</AttachedTo>
				<BoneIndex>0</BoneIndex>
				<X>-7.00000191</X>
				<Y>-6.00000048</Y>
				<Z>-0.250000089</Z>
				<Pitch>0</Pitch>
				<Roll>0</Roll>
				<Yaw>-51</Yaw>
			</Attachment>
		</Attachment>
		<Attachment>
			<ModelHash>0xd4f5eabf</ModelHash>
			<Type>1</Type>
			<Dynamic>true</Dynamic>
			<FrozenPos>false</FrozenPos>
			<HashName>Club Customer Male 3</HashName>
			<InitialHandle>550419</InitialHandle>
			<PedProperties>
				<IsStill>true</IsStill>
				<CanRagdoll>false</CanRagdoll>
				<HasShortHeight>false</HasShortHeight>
				<Armour>0</Armour>
				<CurrentWeapon>0xa2719263</CurrentWeapon>
				<PedProps>
					<_0>-1,-1</_0>
					<_1>-1,-1</_1>
					<_2>-1,-1</_2>
					<_3>-1,-1</_3>
					<_4>-1,-1</_4>
					<_5>-1,-1</_5>
					<_6>-1,-1</_6>
					<_7>-1,-1</_7>
					<_8>-1,-1</_8>
					<_9>-1,-1</_9>
				</PedProps>
				<PedComps>
					<_0>3,2</_0>
					<_1>0,0</_1>
					<_2>3,2</_2>
					<_3>5,0</_3>
					<_4>3,2</_4>
					<_5>0,0</_5>
					<_6>0,0</_6>
					<_7>0,0</_7>
					<_8>0,0</_8>
					<_9>0,0</_9>
					<_10>0,0</_10>
					<_11>0,0</_11>
				</PedComps>
				<TattooLogoDecals />
				<DamagePacks />
				<RelationshipGroupAltered>false</RelationshipGroupAltered>
				<RelationshipGroup>0xfade4843</RelationshipGroup>
				<ScenarioActive>false</ScenarioActive>
				<AnimActive>true</AnimActive>
				<AnimDict>anim@amb@nightclub@dancers@crowddance_facedj@low_intesnsity</AnimDict>
				<AnimName>li_dance_facedj_09_v1_male^2</AnimName>
			</PedProperties>
			<OpacityLevel>255</OpacityLevel>
			<LodDistance>16960</LodDistance>
			<IsVisible>true</IsVisible>
			<MaxHealth>200</MaxHealth>
			<Health>200</Health>
			<HasGravity>true</HasGravity>
			<IsOnFire>false</IsOnFire>
			<IsInvincible>false</IsInvincible>
			<IsBulletProof>false</IsBulletProof>
			<IsCollisionProof>false</IsCollisionProof>
			<IsExplosionProof>false</IsExplosionProof>
			<IsFireProof>false</IsFireProof>
			<IsMeleeProof>false</IsMeleeProof>
			<IsOnlyDamagedByPlayer>false</IsOnlyDamagedByPlayer>
			<PositionRotation>
				<X>-1343.31738</X>
				<Y>-3038.13403</Y>
				<Z>13.9084568</Z>
				<Pitch>0.07361947</Pitch>
				<Roll>0.0207569245</Roll>
				<Yaw>-142.409378</Yaw>
			</PositionRotation>
			<Attachment isAttached="true">
				<AttachedTo>613137</AttachedTo>
				<BoneIndex>0</BoneIndex>
				<X>-9.81003094</X>
				<Y>-1.20000017</Y>
				<Z>-0.25000003</Z>
				<Pitch>0</Pitch>
				<Roll>0</Roll>
				<Yaw>-91.0000076</Yaw>
			</Attachment>
		</Attachment>
		<Attachment>
			<ModelHash>0xa7b71042</ModelHash>
			<Type>1</Type>
			<Dynamic>true</Dynamic>
			<FrozenPos>false</FrozenPos>
			<HashName>Club Customer Male 1</HashName>
			<InitialHandle>550675</InitialHandle>
			<PedProperties>
				<IsStill>true</IsStill>
				<CanRagdoll>false</CanRagdoll>
				<HasShortHeight>false</HasShortHeight>
				<Armour>0</Armour>
				<CurrentWeapon>0xa2719263</CurrentWeapon>
				<PedProps>
					<_0>-1,-1</_0>
					<_1>-1,-1</_1>
					<_2>-1,-1</_2>
					<_3>-1,-1</_3>
					<_4>-1,-1</_4>
					<_5>-1,-1</_5>
					<_6>-1,-1</_6>
					<_7>-1,-1</_7>
					<_8>-1,-1</_8>
					<_9>-1,-1</_9>
				</PedProps>
				<PedComps>
					<_0>2,2</_0>
					<_1>0,0</_1>
					<_2>5,0</_2>
					<_3>4,0</_3>
					<_4>2,2</_4>
					<_5>0,0</_5>
					<_6>0,0</_6>
					<_7>0,0</_7>
					<_8>0,0</_8>
					<_9>0,0</_9>
					<_10>0,0</_10>
					<_11>0,0</_11>
				</PedComps>
				<TattooLogoDecals />
				<DamagePacks />
				<RelationshipGroupAltered>false</RelationshipGroupAltered>
				<RelationshipGroup>0xfade4843</RelationshipGroup>
				<ScenarioActive>false</ScenarioActive>
				<AnimActive>true</AnimActive>
				<AnimDict>anim@amb@nightclub@dancers@crowddance_facedj@hi_intensity</AnimDict>
				<AnimName>hi_dance_facedj_09_v2_male^1</AnimName>
			</PedProperties>
			<OpacityLevel>255</OpacityLevel>
			<LodDistance>16960</LodDistance>
			<IsVisible>true</IsVisible>
			<MaxHealth>200</MaxHealth>
			<Health>200</Health>
			<HasGravity>true</HasGravity>
			<IsOnFire>false</IsOnFire>
			<IsInvincible>false</IsInvincible>
			<IsBulletProof>false</IsBulletProof>
			<IsCollisionProof>false</IsCollisionProof>
			<IsExplosionProof>false</IsExplosionProof>
			<IsFireProof>false</IsFireProof>
			<IsMeleeProof>false</IsMeleeProof>
			<IsOnlyDamagedByPlayer>false</IsOnlyDamagedByPlayer>
			<PositionRotation>
				<X>-1339.02539</X>
				<Y>-3040.46606</Y>
				<Z>13.924262</Z>
				<Pitch>0.0701374784</Pitch>
				<Roll>0.0444484651</Roll>
				<Yaw>-159.809464</Yaw>
			</PositionRotation>
			<Attachment isAttached="true">
				<AttachedTo>613137</AttachedTo>
				<BoneIndex>-1</BoneIndex>
				<X>-5.30999756</X>
				<Y>0.700000107</Y>
				<Z>-0.27000007</Z>
				<Pitch>0</Pitch>
				<Roll>0</Roll>
				<Yaw>-108.400009</Yaw>
			</Attachment>
		</Attachment>
		<Attachment>
			<ModelHash>0x00a40d25</ModelHash>
			<Type>1</Type>
			<Dynamic>true</Dynamic>
			<FrozenPos>false</FrozenPos>
			<HashName>Club Customer Female 3</HashName>
			<InitialHandle>550931</InitialHandle>
			<PedProperties>
				<IsStill>true</IsStill>
				<CanRagdoll>false</CanRagdoll>
				<HasShortHeight>false</HasShortHeight>
				<Armour>0</Armour>
				<CurrentWeapon>0xa2719263</CurrentWeapon>
				<PedProps>
					<_0>-1,-1</_0>
					<_1>-1,-1</_1>
					<_2>-1,-1</_2>
					<_3>-1,-1</_3>
					<_4>-1,-1</_4>
					<_5>-1,-1</_5>
					<_6>-1,-1</_6>
					<_7>-1,-1</_7>
					<_8>-1,-1</_8>
					<_9>-1,-1</_9>
				</PedProps>
				<PedComps>
					<_0>0,2</_0>
					<_1>0,0</_1>
					<_2>1,1</_2>
					<_3>1,2</_3>
					<_4>1,0</_4>
					<_5>0,0</_5>
					<_6>0,0</_6>
					<_7>0,0</_7>
					<_8>2,0</_8>
					<_9>0,0</_9>
					<_10>0,0</_10>
					<_11>0,0</_11>
				</PedComps>
				<TattooLogoDecals />
				<DamagePacks />
				<RelationshipGroupAltered>false</RelationshipGroupAltered>
				<RelationshipGroup>0xfade4843</RelationshipGroup>
				<ScenarioActive>false</ScenarioActive>
				<AnimActive>true</AnimActive>
				<AnimDict>anim@amb@nightclub@dancers@crowddance_facedj@low_intesnsity</AnimDict>
				<AnimName>li_dance_facedj_09_v1_female^5</AnimName>
			</PedProperties>
			<OpacityLevel>255</OpacityLevel>
			<LodDistance>16960</LodDistance>
			<IsVisible>true</IsVisible>
			<MaxHealth>200</MaxHealth>
			<Health>200</Health>
			<HasGravity>true</HasGravity>
			<IsOnFire>false</IsOnFire>
			<IsInvincible>false</IsInvincible>
			<IsBulletProof>false</IsBulletProof>
			<IsCollisionProof>false</IsCollisionProof>
			<IsExplosionProof>false</IsExplosionProof>
			<IsFireProof>false</IsFireProof>
			<IsMeleeProof>false</IsMeleeProof>
			<IsOnlyDamagedByPlayer>false</IsOnlyDamagedByPlayer>
			<PositionRotation>
				<X>-1344.8429</X>
				<Y>-3039.10815</Y>
				<Z>13.8976002</Z>
				<Pitch>0.0758774579</Pitch>
				<Roll>-0.00965859182</Roll>
				<Yaw>-119.409348</Yaw>
			</PositionRotation>
			<Attachment isAttached="true">
				<AttachedTo>613137</AttachedTo>
				<BoneIndex>0</BoneIndex>
				<X>-10.000001</X>
				<Y>-3.00000048</Y>
				<Z>-0.26000002</Z>
				<Pitch>0</Pitch>
				<Roll>0</Roll>
				<Yaw>-68.0000076</Yaw>
			</Attachment>
		</Attachment>
		<Attachment>
			<ModelHash>0x154e3679</ModelHash>
			<Type>1</Type>
			<Dynamic>true</Dynamic>
			<FrozenPos>false</FrozenPos>
			<HashName>Club Customer Female 2</HashName>
			<InitialHandle>551187</InitialHandle>
			<PedProperties>
				<IsStill>true</IsStill>
				<CanRagdoll>false</CanRagdoll>
				<HasShortHeight>false</HasShortHeight>
				<Armour>0</Armour>
				<CurrentWeapon>0xa2719263</CurrentWeapon>
				<PedProps>
					<_0>-1,-1</_0>
					<_1>-1,-1</_1>
					<_2>-1,-1</_2>
					<_3>-1,-1</_3>
					<_4>-1,-1</_4>
					<_5>-1,-1</_5>
					<_6>-1,-1</_6>
					<_7>-1,-1</_7>
					<_8>-1,-1</_8>
					<_9>-1,-1</_9>
				</PedProps>
				<PedComps>
					<_0>4,0</_0>
					<_1>0,0</_1>
					<_2>6,0</_2>
					<_3>5,5</_3>
					<_4>5,4</_4>
					<_5>0,0</_5>
					<_6>0,0</_6>
					<_7>0,0</_7>
					<_8>3,0</_8>
					<_9>0,0</_9>
					<_10>0,0</_10>
					<_11>0,0</_11>
				</PedComps>
				<TattooLogoDecals />
				<DamagePacks />
				<RelationshipGroupAltered>false</RelationshipGroupAltered>
				<RelationshipGroup>0xfade4843</RelationshipGroup>
				<ScenarioActive>false</ScenarioActive>
				<AnimActive>true</AnimActive>
				<AnimDict>anim@amb@nightclub@dancers@crowddance_facedj@hi_intensity</AnimDict>
				<AnimName>hi_dance_facedj_17_v2_female^5</AnimName>
			</PedProperties>
			<OpacityLevel>255</OpacityLevel>
			<LodDistance>16960</LodDistance>
			<IsVisible>true</IsVisible>
			<MaxHealth>200</MaxHealth>
			<Health>200</Health>
			<HasGravity>true</HasGravity>
			<IsOnFire>false</IsOnFire>
			<IsInvincible>false</IsInvincible>
			<IsBulletProof>false</IsBulletProof>
			<IsCollisionProof>false</IsCollisionProof>
			<IsExplosionProof>false</IsExplosionProof>
			<IsFireProof>false</IsFireProof>
			<IsMeleeProof>false</IsMeleeProof>
			<IsOnlyDamagedByPlayer>false</IsOnlyDamagedByPlayer>
			<PositionRotation>
				<X>-1340.77051</X>
				<Y>-3039.72217</Y>
				<Z>13.8924503</Z>
				<Pitch>0.07361947</Pitch>
				<Roll>0.0207569245</Roll>
				<Yaw>-142.409378</Yaw>
			</PositionRotation>
			<Attachment isAttached="true">
				<AttachedTo>613137</AttachedTo>
				<BoneIndex>0</BoneIndex>
				<X>-6.97999477</X>
				<Y>-0.200000033</Y>
				<Z>-0.2700001</Z>
				<Pitch>-2.38418579e-07</Pitch>
				<Roll>0</Roll>
				<Yaw>-91.0000076</Yaw>
			</Attachment>
		</Attachment>
		<Attachment>
			<ModelHash>0x67f6dbcd</ModelHash>
			<Type>1</Type>
			<Dynamic>true</Dynamic>
			<FrozenPos>false</FrozenPos>
			<HashName>Club Customer Female 1</HashName>
			<InitialHandle>551443</InitialHandle>
			<PedProperties>
				<IsStill>true</IsStill>
				<CanRagdoll>false</CanRagdoll>
				<HasShortHeight>false</HasShortHeight>
				<Armour>0</Armour>
				<CurrentWeapon>0xa2719263</CurrentWeapon>
				<PedProps>
					<_0>-1,-1</_0>
					<_1>-1,-1</_1>
					<_2>-1,-1</_2>
					<_3>-1,-1</_3>
					<_4>-1,-1</_4>
					<_5>-1,-1</_5>
					<_6>-1,-1</_6>
					<_7>-1,-1</_7>
					<_8>-1,-1</_8>
					<_9>-1,-1</_9>
				</PedProps>
				<PedComps>
					<_0>4,1</_0>
					<_1>0,0</_1>
					<_2>5,0</_2>
					<_3>4,5</_3>
					<_4>4,5</_4>
					<_5>0,0</_5>
					<_6>0,0</_6>
					<_7>0,0</_7>
					<_8>3,0</_8>
					<_9>0,0</_9>
					<_10>0,0</_10>
					<_11>0,0</_11>
				</PedComps>
				<TattooLogoDecals />
				<DamagePacks />
				<RelationshipGroupAltered>false</RelationshipGroupAltered>
				<RelationshipGroup>0xfade4843</RelationshipGroup>
				<ScenarioActive>false</ScenarioActive>
				<AnimActive>true</AnimActive>
				<AnimDict>anim@amb@nightclub@dancers@crowddance_facedj@med_intensity</AnimDict>
				<AnimName>mi_dance_facedj_09_v1_female^3</AnimName>
			</PedProperties>
			<OpacityLevel>255</OpacityLevel>
			<LodDistance>16960</LodDistance>
			<IsVisible>true</IsVisible>
			<MaxHealth>200</MaxHealth>
			<Health>200</Health>
			<HasGravity>true</HasGravity>
			<IsOnFire>false</IsOnFire>
			<IsInvincible>false</IsInvincible>
			<IsBulletProof>false</IsBulletProof>
			<IsCollisionProof>false</IsCollisionProof>
			<IsExplosionProof>false</IsExplosionProof>
			<IsFireProof>false</IsFireProof>
			<IsMeleeProof>false</IsMeleeProof>
			<IsOnlyDamagedByPlayer>false</IsOnlyDamagedByPlayer>
			<PositionRotation>
				<X>-1342.97156</X>
				<Y>-3041.45313</Y>
				<Z>13.901473</Z>
				<Pitch>0.0764018968</Pitch>
				<Roll>0.00366414525</Roll>
				<Yaw>-129.409378</Yaw>
			</PositionRotation>
			<Attachment isAttached="true">
				<AttachedTo>613137</AttachedTo>
				<BoneIndex>0</BoneIndex>
				<X>-6.99999952</X>
				<Y>-3.00000191</Y>
				<Z>-0.26000002</Z>
				<Pitch>0</Pitch>
				<Roll>0</Roll>
				<Yaw>-78.0000076</Yaw>
			</Attachment>
		</Attachment>
		<Attachment>
			<ModelHash>0xc62f4d32</ModelHash>
			<Type>1</Type>
			<Dynamic>true</Dynamic>
			<FrozenPos>false</FrozenPos>
			<HashName>Club Customer Male 2</HashName>
			<InitialHandle>551699</InitialHandle>
			<PedProperties>
				<IsStill>true</IsStill>
				<CanRagdoll>false</CanRagdoll>
				<HasShortHeight>false</HasShortHeight>
				<Armour>0</Armour>
				<CurrentWeapon>0x39958261</CurrentWeapon>
				<PedProps>
					<_0>-1,-1</_0>
					<_1>-1,-1</_1>
					<_2>-1,-1</_2>
					<_3>-1,-1</_3>
					<_4>-1,-1</_4>
					<_5>-1,-1</_5>
					<_6>-1,-1</_6>
					<_7>-1,-1</_7>
					<_8>-1,-1</_8>
					<_9>-1,-1</_9>
				</PedProps>
				<PedComps>
					<_0>4,2</_0>
					<_1>0,0</_1>
					<_2>3,2</_2>
					<_3>6,0</_3>
					<_4>3,2</_4>
					<_5>0,0</_5>
					<_6>0,0</_6>
					<_7>0,0</_7>
					<_8>0,0</_8>
					<_9>0,0</_9>
					<_10>0,0</_10>
					<_11>0,0</_11>
				</PedComps>
				<TattooLogoDecals />
				<DamagePacks />
				<RelationshipGroupAltered>false</RelationshipGroupAltered>
				<RelationshipGroup>0xfade4843</RelationshipGroup>
				<ScenarioActive>true</ScenarioActive>
				<ScenarioName>WORLD_HUMAN_PARTYING</ScenarioName>
				<AnimActive>false</AnimActive>
			</PedProperties>
			<OpacityLevel>255</OpacityLevel>
			<LodDistance>16960</LodDistance>
			<IsVisible>true</IsVisible>
			<MaxHealth>200</MaxHealth>
			<Health>200</Health>
			<HasGravity>true</HasGravity>
			<IsOnFire>false</IsOnFire>
			<IsInvincible>false</IsInvincible>
			<IsBulletProof>false</IsBulletProof>
			<IsCollisionProof>false</IsCollisionProof>
			<IsExplosionProof>false</IsExplosionProof>
			<IsFireProof>false</IsFireProof>
			<IsMeleeProof>false</IsMeleeProof>
			<IsOnlyDamagedByPlayer>false</IsOnlyDamagedByPlayer>
			<PositionRotation>
				<X>-1340.46875</X>
				<Y>-3038.17651</Y>
				<Z>13.8415413</Z>
				<Pitch>0.0750188679</Pitch>
				<Roll>-0.0149279945</Roll>
				<Yaw>-115.409355</Yaw>
			</PositionRotation>
			<Attachment isAttached="true">
				<AttachedTo>613137</AttachedTo>
				<BoneIndex>0</BoneIndex>
				<X>-8</X>
				<Y>1.00000179</Y>
				<Z>-0.320000023</Z>
				<Pitch>0</Pitch>
				<Roll>0</Roll>
				<Yaw>-64.0000076</Yaw>
			</Attachment>
		</Attachment>
		<Attachment>
			<ModelHash>0xa7b71042</ModelHash>
			<Type>1</Type>
			<Dynamic>true</Dynamic>
			<FrozenPos>false</FrozenPos>
			<HashName>Club Customer Male 1</HashName>
			<InitialHandle>551955</InitialHandle>
			<PedProperties>
				<IsStill>true</IsStill>
				<CanRagdoll>false</CanRagdoll>
				<HasShortHeight>false</HasShortHeight>
				<Armour>0</Armour>
				<CurrentWeapon>0xa2719263</CurrentWeapon>
				<PedProps>
					<_0>-1,-1</_0>
					<_1>-1,-1</_1>
					<_2>-1,-1</_2>
					<_3>-1,-1</_3>
					<_4>-1,-1</_4>
					<_5>-1,-1</_5>
					<_6>-1,-1</_6>
					<_7>-1,-1</_7>
					<_8>-1,-1</_8>
					<_9>-1,-1</_9>
				</PedProps>
				<PedComps>
					<_0>1,2</_0>
					<_1>0,0</_1>
					<_2>2,0</_2>
					<_3>0,2</_3>
					<_4>0,3</_4>
					<_5>0,0</_5>
					<_6>0,0</_6>
					<_7>0,0</_7>
					<_8>0,0</_8>
					<_9>0,0</_9>
					<_10>0,0</_10>
					<_11>0,0</_11>
				</PedComps>
				<TattooLogoDecals />
				<DamagePacks />
				<RelationshipGroupAltered>false</RelationshipGroupAltered>
				<RelationshipGroup>0xfade4843</RelationshipGroup>
				<ScenarioActive>false</ScenarioActive>
				<AnimActive>true</AnimActive>
				<AnimDict>anim@amb@nightclub@dancers@crowddance_facedj@</AnimDict>
				<AnimName>hi_dance_facedj_09_v1_male^6</AnimName>
			</PedProperties>
			<OpacityLevel>255</OpacityLevel>
			<LodDistance>16960</LodDistance>
			<IsVisible>true</IsVisible>
			<MaxHealth>200</MaxHealth>
			<Health>200</Health>
			<HasGravity>true</HasGravity>
			<IsOnFire>false</IsOnFire>
			<IsInvincible>false</IsInvincible>
			<IsBulletProof>false</IsBulletProof>
			<IsCollisionProof>false</IsCollisionProof>
			<IsExplosionProof>false</IsExplosionProof>
			<IsFireProof>false</IsFireProof>
			<IsMeleeProof>false</IsMeleeProof>
			<IsOnlyDamagedByPlayer>false</IsOnlyDamagedByPlayer>
			<PositionRotation>
				<X>-1341.41321</X>
				<Y>-3041.64233</Y>
				<Z>13.9132929</Z>
				<Pitch>0.0703852773</Pitch>
				<Roll>0.0299431048</Roll>
				<Yaw>-149.709381</Yaw>
			</PositionRotation>
			<Attachment isAttached="true">
				<AttachedTo>613137</AttachedTo>
				<BoneIndex>0</BoneIndex>
				<X>-5.87999535</X>
				<Y>-1.90000033</Y>
				<Z>-0.25000003</Z>
				<Pitch>0</Pitch>
				<Roll>0</Roll>
				<Yaw>-98.3000031</Yaw>
			</Attachment>
		</Attachment>
		<Attachment>
			<ModelHash>0xa7b71042</ModelHash>
			<Type>1</Type>
			<Dynamic>true</Dynamic>
			<FrozenPos>false</FrozenPos>
			<HashName>Club Customer Male 1</HashName>
			<InitialHandle>227862</InitialHandle>
			<PedProperties>
				<IsStill>true</IsStill>
				<CanRagdoll>false</CanRagdoll>
				<HasShortHeight>false</HasShortHeight>
				<Armour>0</Armour>
				<CurrentWeapon>0xa2719263</CurrentWeapon>
				<PedProps>
					<_0>-1,-1</_0>
					<_1>-1,-1</_1>
					<_2>-1,-1</_2>
					<_3>-1,-1</_3>
					<_4>-1,-1</_4>
					<_5>-1,-1</_5>
					<_6>-1,-1</_6>
					<_7>-1,-1</_7>
					<_8>-1,-1</_8>
					<_9>-1,-1</_9>
				</PedProps>
				<PedComps>
					<_0>1,2</_0>
					<_1>0,0</_1>
					<_2>2,0</_2>
					<_3>0,2</_3>
					<_4>0,3</_4>
					<_5>0,0</_5>
					<_6>0,0</_6>
					<_7>0,0</_7>
					<_8>0,0</_8>
					<_9>0,0</_9>
					<_10>0,0</_10>
					<_11>0,0</_11>
				</PedComps>
				<TattooLogoDecals />
				<DamagePacks />
				<RelationshipGroupAltered>false</RelationshipGroupAltered>
				<RelationshipGroup>0xfade4843</RelationshipGroup>
				<ScenarioActive>false</ScenarioActive>
				<AnimActive>true</AnimActive>
				<AnimDict>anim@amb@nightclub@dancers@crowddance_facedj@</AnimDict>
				<AnimName>hi_dance_facedj_09_v1_male^6</AnimName>
			</PedProperties>
			<OpacityLevel>255</OpacityLevel>
			<LodDistance>16960</LodDistance>
			<IsVisible>true</IsVisible>
			<MaxHealth>200</MaxHealth>
			<Health>200</Health>
			<HasGravity>true</HasGravity>
			<IsOnFire>false</IsOnFire>
			<IsInvincible>false</IsInvincible>
			<IsBulletProof>false</IsBulletProof>
			<IsCollisionProof>false</IsCollisionProof>
			<IsExplosionProof>false</IsExplosionProof>
			<IsFireProof>false</IsFireProof>
			<IsMeleeProof>false</IsMeleeProof>
			<IsOnlyDamagedByPlayer>false</IsOnlyDamagedByPlayer>
			<PositionRotation>
				<X>-1351.71667</X>
				<Y>-3038.35034</Y>
				<Z>13.8996353</Z>
				<Pitch>0.0703852773</Pitch>
				<Roll>0.0299431048</Roll>
				<Yaw>-149.709381</Yaw>
			</PositionRotation>
			<Attachment isAttached="true">
				<AttachedTo>613137</AttachedTo>
				<BoneIndex>0</BoneIndex>
				<X>-14.8799953</X>
				<Y>-7.9000001</Y>
				<Z>-0.25000003</Z>
				<Pitch>0</Pitch>
				<Roll>0</Roll>
				<Yaw>-98.3000031</Yaw>
			</Attachment>
		</Attachment>
		<Attachment>
			<ModelHash>0xc62f4d32</ModelHash>
			<Type>1</Type>
			<Dynamic>true</Dynamic>
			<FrozenPos>false</FrozenPos>
			<HashName>Club Customer Male 2</HashName>
			<InitialHandle>229910</InitialHandle>
			<PedProperties>
				<IsStill>true</IsStill>
				<CanRagdoll>false</CanRagdoll>
				<HasShortHeight>false</HasShortHeight>
				<Armour>0</Armour>
				<CurrentWeapon>0x39958261</CurrentWeapon>
				<PedProps>
					<_0>-1,-1</_0>
					<_1>-1,-1</_1>
					<_2>-1,-1</_2>
					<_3>-1,-1</_3>
					<_4>-1,-1</_4>
					<_5>-1,-1</_5>
					<_6>-1,-1</_6>
					<_7>-1,-1</_7>
					<_8>-1,-1</_8>
					<_9>-1,-1</_9>
				</PedProps>
				<PedComps>
					<_0>4,2</_0>
					<_1>0,0</_1>
					<_2>3,2</_2>
					<_3>6,0</_3>
					<_4>3,2</_4>
					<_5>0,0</_5>
					<_6>0,0</_6>
					<_7>0,0</_7>
					<_8>0,0</_8>
					<_9>0,0</_9>
					<_10>0,0</_10>
					<_11>0,0</_11>
				</PedComps>
				<TattooLogoDecals />
				<DamagePacks />
				<RelationshipGroupAltered>false</RelationshipGroupAltered>
				<RelationshipGroup>0xfade4843</RelationshipGroup>
				<ScenarioActive>true</ScenarioActive>
				<ScenarioName>WORLD_HUMAN_PARTYING</ScenarioName>
				<AnimActive>false</AnimActive>
			</PedProperties>
			<OpacityLevel>255</OpacityLevel>
			<LodDistance>16960</LodDistance>
			<IsVisible>true</IsVisible>
			<MaxHealth>200</MaxHealth>
			<Health>200</Health>
			<HasGravity>true</HasGravity>
			<IsOnFire>false</IsOnFire>
			<IsInvincible>false</IsInvincible>
			<IsBulletProof>false</IsBulletProof>
			<IsCollisionProof>false</IsCollisionProof>
			<IsExplosionProof>false</IsExplosionProof>
			<IsFireProof>false</IsFireProof>
			<IsMeleeProof>false</IsMeleeProof>
			<IsOnlyDamagedByPlayer>false</IsOnlyDamagedByPlayer>
			<PositionRotation>
				<X>-1350.14856</X>
				<Y>-3035.66602</Y>
				<Z>13.829175</Z>
				<Pitch>0.0750188679</Pitch>
				<Roll>-0.0149279945</Roll>
				<Yaw>-115.409355</Yaw>
			</PositionRotation>
			<Attachment isAttached="true">
				<AttachedTo>613137</AttachedTo>
				<BoneIndex>0</BoneIndex>
				<X>-16</X>
				<Y>-4.99999857</Y>
				<Z>-0.320000023</Z>
				<Pitch>0</Pitch>
				<Roll>0</Roll>
				<Yaw>-64.0000076</Yaw>
			</Attachment>
		</Attachment>
		<Attachment>
			<ModelHash>0x67f6dbcd</ModelHash>
			<Type>1</Type>
			<Dynamic>true</Dynamic>
			<FrozenPos>false</FrozenPos>
			<HashName>Club Customer Female 1</HashName>
			<InitialHandle>230166</InitialHandle>
			<PedProperties>
				<IsStill>true</IsStill>
				<CanRagdoll>false</CanRagdoll>
				<HasShortHeight>false</HasShortHeight>
				<Armour>0</Armour>
				<CurrentWeapon>0xa2719263</CurrentWeapon>
				<PedProps>
					<_0>-1,-1</_0>
					<_1>-1,-1</_1>
					<_2>-1,-1</_2>
					<_3>-1,-1</_3>
					<_4>-1,-1</_4>
					<_5>-1,-1</_5>
					<_6>-1,-1</_6>
					<_7>-1,-1</_7>
					<_8>-1,-1</_8>
					<_9>-1,-1</_9>
				</PedProps>
				<PedComps>
					<_0>4,1</_0>
					<_1>0,0</_1>
					<_2>5,0</_2>
					<_3>4,5</_3>
					<_4>4,5</_4>
					<_5>0,0</_5>
					<_6>0,0</_6>
					<_7>0,0</_7>
					<_8>3,0</_8>
					<_9>0,0</_9>
					<_10>0,0</_10>
					<_11>0,0</_11>
				</PedComps>
				<TattooLogoDecals />
				<DamagePacks />
				<RelationshipGroupAltered>false</RelationshipGroupAltered>
				<RelationshipGroup>0xfade4843</RelationshipGroup>
				<ScenarioActive>false</ScenarioActive>
				<AnimActive>true</AnimActive>
				<AnimDict>anim@amb@nightclub@dancers@crowddance_facedj@med_intensity</AnimDict>
				<AnimName>mi_dance_facedj_09_v1_female^3</AnimName>
			</PedProperties>
			<OpacityLevel>255</OpacityLevel>
			<LodDistance>16960</LodDistance>
			<IsVisible>true</IsVisible>
			<MaxHealth>200</MaxHealth>
			<Health>200</Health>
			<HasGravity>true</HasGravity>
			<IsOnFire>false</IsOnFire>
			<IsInvincible>false</IsInvincible>
			<IsBulletProof>false</IsBulletProof>
			<IsCollisionProof>false</IsCollisionProof>
			<IsExplosionProof>false</IsExplosionProof>
			<IsFireProof>false</IsFireProof>
			<IsMeleeProof>false</IsMeleeProof>
			<IsOnlyDamagedByPlayer>false</IsOnlyDamagedByPlayer>
			<PositionRotation>
				<X>-1343.58765</X>
				<Y>-3034.26831</Y>
				<Z>13.8950863</Z>
				<Pitch>0.0764018968</Pitch>
				<Roll>0.00366414525</Roll>
				<Yaw>-129.409378</Yaw>
			</PositionRotation>
			<Attachment isAttached="true">
				<AttachedTo>613137</AttachedTo>
				<BoneIndex>0</BoneIndex>
				<X>-12.999999</X>
				<Y>0.999997973</Y>
				<Z>-0.26000011</Z>
				<Pitch>0</Pitch>
				<Roll>0</Roll>
				<Yaw>-78.0000076</Yaw>
			</Attachment>
		</Attachment>
		<Attachment>
			<ModelHash>0x154e3679</ModelHash>
			<Type>1</Type>
			<Dynamic>true</Dynamic>
			<FrozenPos>false</FrozenPos>
			<HashName>Club Customer Female 2</HashName>
			<InitialHandle>226838</InitialHandle>
			<PedProperties>
				<IsStill>true</IsStill>
				<CanRagdoll>false</CanRagdoll>
				<HasShortHeight>false</HasShortHeight>
				<Armour>0</Armour>
				<CurrentWeapon>0xa2719263</CurrentWeapon>
				<PedProps>
					<_0>-1,-1</_0>
					<_1>-1,-1</_1>
					<_2>-1,-1</_2>
					<_3>-1,-1</_3>
					<_4>-1,-1</_4>
					<_5>-1,-1</_5>
					<_6>-1,-1</_6>
					<_7>-1,-1</_7>
					<_8>-1,-1</_8>
					<_9>-1,-1</_9>
				</PedProps>
				<PedComps>
					<_0>4,0</_0>
					<_1>0,0</_1>
					<_2>6,0</_2>
					<_3>5,5</_3>
					<_4>5,4</_4>
					<_5>0,0</_5>
					<_6>0,0</_6>
					<_7>0,0</_7>
					<_8>3,0</_8>
					<_9>0,0</_9>
					<_10>0,0</_10>
					<_11>0,0</_11>
				</PedComps>
				<TattooLogoDecals />
				<DamagePacks />
				<RelationshipGroupAltered>false</RelationshipGroupAltered>
				<RelationshipGroup>0xfade4843</RelationshipGroup>
				<ScenarioActive>false</ScenarioActive>
				<AnimActive>true</AnimActive>
				<AnimDict>anim@amb@nightclub@dancers@crowddance_facedj@hi_intensity</AnimDict>
				<AnimName>hi_dance_facedj_17_v2_female^5</AnimName>
			</PedProperties>
			<OpacityLevel>255</OpacityLevel>
			<LodDistance>16960</LodDistance>
			<IsVisible>true</IsVisible>
			<MaxHealth>200</MaxHealth>
			<Health>200</Health>
			<HasGravity>true</HasGravity>
			<IsOnFire>false</IsOnFire>
			<IsInvincible>false</IsInvincible>
			<IsBulletProof>false</IsBulletProof>
			<IsCollisionProof>false</IsCollisionProof>
			<IsExplosionProof>false</IsExplosionProof>
			<IsFireProof>false</IsFireProof>
			<IsMeleeProof>false</IsMeleeProof>
			<IsOnlyDamagedByPlayer>false</IsOnlyDamagedByPlayer>
			<PositionRotation>
				<X>-1348.5791</X>
				<Y>-3039.55664</Y>
				<Z>13.8839569</Z>
				<Pitch>0.07361947</Pitch>
				<Roll>0.0207569245</Roll>
				<Yaw>-142.409378</Yaw>
			</PositionRotation>
			<Attachment isAttached="true">
				<AttachedTo>613137</AttachedTo>
				<BoneIndex>0</BoneIndex>
				<X>-11.9799948</X>
				<Y>-6.19999981</Y>
				<Z>-0.2700001</Z>
				<Pitch>-2.38418579e-07</Pitch>
				<Roll>0</Roll>
				<Yaw>-91.0000076</Yaw>
			</Attachment>
		</Attachment>
		<Attachment>
			<ModelHash>0x00a40d25</ModelHash>
			<Type>1</Type>
			<Dynamic>true</Dynamic>
			<FrozenPos>false</FrozenPos>
			<HashName>Club Customer Female 3</HashName>
			<InitialHandle>210454</InitialHandle>
			<PedProperties>
				<IsStill>true</IsStill>
				<CanRagdoll>false</CanRagdoll>
				<HasShortHeight>false</HasShortHeight>
				<Armour>0</Armour>
				<CurrentWeapon>0xa2719263</CurrentWeapon>
				<PedProps>
					<_0>-1,-1</_0>
					<_1>-1,-1</_1>
					<_2>-1,-1</_2>
					<_3>-1,-1</_3>
					<_4>-1,-1</_4>
					<_5>-1,-1</_5>
					<_6>-1,-1</_6>
					<_7>-1,-1</_7>
					<_8>-1,-1</_8>
					<_9>-1,-1</_9>
				</PedProps>
				<PedComps>
					<_0>0,2</_0>
					<_1>0,0</_1>
					<_2>1,1</_2>
					<_3>1,2</_3>
					<_4>1,0</_4>
					<_5>0,0</_5>
					<_6>0,0</_6>
					<_7>0,0</_7>
					<_8>2,0</_8>
					<_9>0,0</_9>
					<_10>0,0</_10>
					<_11>0,0</_11>
				</PedComps>
				<TattooLogoDecals />
				<DamagePacks />
				<RelationshipGroupAltered>false</RelationshipGroupAltered>
				<RelationshipGroup>0xfade4843</RelationshipGroup>
				<ScenarioActive>false</ScenarioActive>
				<AnimActive>true</AnimActive>
				<AnimDict>anim@amb@nightclub@dancers@crowddance_facedj@low_intesnsity</AnimDict>
				<AnimName>li_dance_facedj_09_v1_female^5</AnimName>
			</PedProperties>
			<OpacityLevel>255</OpacityLevel>
			<LodDistance>16960</LodDistance>
			<IsVisible>true</IsVisible>
			<MaxHealth>200</MaxHealth>
			<Health>200</Health>
			<HasGravity>true</HasGravity>
			<IsOnFire>false</IsOnFire>
			<IsInvincible>false</IsInvincible>
			<IsBulletProof>false</IsBulletProof>
			<IsCollisionProof>false</IsCollisionProof>
			<IsExplosionProof>false</IsExplosionProof>
			<IsFireProof>false</IsFireProof>
			<IsMeleeProof>false</IsMeleeProof>
			<IsOnlyDamagedByPlayer>false</IsOnlyDamagedByPlayer>
			<PositionRotation>
				<X>-1344.67725</X>
				<Y>-3031.2998</Y>
				<Z>13.8915529</Z>
				<Pitch>0.0758774579</Pitch>
				<Roll>-0.00965859182</Roll>
				<Yaw>-119.409348</Yaw>
			</PositionRotation>
			<Attachment isAttached="true">
				<AttachedTo>613137</AttachedTo>
				<BoneIndex>0</BoneIndex>
				<X>-16</X>
				<Y>1.99999928</Y>
				<Z>-0.26000002</Z>
				<Pitch>0</Pitch>
				<Roll>0</Roll>
				<Yaw>-68.0000076</Yaw>
			</Attachment>
		</Attachment>
		<Attachment>
			<ModelHash>0xa7b71042</ModelHash>
			<Type>1</Type>
			<Dynamic>true</Dynamic>
			<FrozenPos>false</FrozenPos>
			<HashName>Club Customer Male 1</HashName>
			<InitialHandle>211990</InitialHandle>
			<PedProperties>
				<IsStill>true</IsStill>
				<CanRagdoll>false</CanRagdoll>
				<HasShortHeight>false</HasShortHeight>
				<Armour>0</Armour>
				<CurrentWeapon>0xa2719263</CurrentWeapon>
				<PedProps>
					<_0>-1,-1</_0>
					<_1>-1,-1</_1>
					<_2>-1,-1</_2>
					<_3>-1,-1</_3>
					<_4>-1,-1</_4>
					<_5>-1,-1</_5>
					<_6>-1,-1</_6>
					<_7>-1,-1</_7>
					<_8>-1,-1</_8>
					<_9>-1,-1</_9>
				</PedProps>
				<PedComps>
					<_0>2,2</_0>
					<_1>0,0</_1>
					<_2>5,0</_2>
					<_3>4,0</_3>
					<_4>2,2</_4>
					<_5>0,0</_5>
					<_6>0,0</_6>
					<_7>0,0</_7>
					<_8>0,0</_8>
					<_9>0,0</_9>
					<_10>0,0</_10>
					<_11>0,0</_11>
				</PedComps>
				<TattooLogoDecals />
				<DamagePacks />
				<RelationshipGroupAltered>false</RelationshipGroupAltered>
				<RelationshipGroup>0xfade4843</RelationshipGroup>
				<ScenarioActive>false</ScenarioActive>
				<AnimActive>true</AnimActive>
				<AnimDict>anim@amb@nightclub@dancers@crowddance_facedj@hi_intensity</AnimDict>
				<AnimName>hi_dance_facedj_09_v2_male^1</AnimName>
			</PedProperties>
			<OpacityLevel>255</OpacityLevel>
			<LodDistance>16960</LodDistance>
			<IsVisible>true</IsVisible>
			<MaxHealth>200</MaxHealth>
			<Health>200</Health>
			<HasGravity>true</HasGravity>
			<IsOnFire>false</IsOnFire>
			<IsInvincible>false</IsInvincible>
			<IsBulletProof>false</IsBulletProof>
			<IsCollisionProof>false</IsCollisionProof>
			<IsExplosionProof>false</IsExplosionProof>
			<IsFireProof>false</IsFireProof>
			<IsMeleeProof>false</IsMeleeProof>
			<IsOnlyDamagedByPlayer>false</IsOnlyDamagedByPlayer>
			<PositionRotation>
				<X>-1347.14185</X>
				<Y>-3036.70825</Y>
				<Z>13.9116116</Z>
				<Pitch>0.0701374784</Pitch>
				<Roll>0.0444484651</Roll>
				<Yaw>-159.809464</Yaw>
			</PositionRotation>
			<Attachment isAttached="true">
				<AttachedTo>613137</AttachedTo>
				<BoneIndex>-1</BoneIndex>
				<X>-13.3099976</X>
				<Y>-3.29999971</Y>
				<Z>-0.27000007</Z>
				<Pitch>0</Pitch>
				<Roll>0</Roll>
				<Yaw>-108.400009</Yaw>
			</Attachment>
		</Attachment>
		<Attachment>
			<ModelHash>0xd4f5eabf</ModelHash>
			<Type>1</Type>
			<Dynamic>true</Dynamic>
			<FrozenPos>false</FrozenPos>
			<HashName>Club Customer Male 3</HashName>
			<InitialHandle>210966</InitialHandle>
			<PedProperties>
				<IsStill>true</IsStill>
				<CanRagdoll>false</CanRagdoll>
				<HasShortHeight>false</HasShortHeight>
				<Armour>0</Armour>
				<CurrentWeapon>0xa2719263</CurrentWeapon>
				<PedProps>
					<_0>-1,-1</_0>
					<_1>-1,-1</_1>
					<_2>-1,-1</_2>
					<_3>-1,-1</_3>
					<_4>-1,-1</_4>
					<_5>-1,-1</_5>
					<_6>-1,-1</_6>
					<_7>-1,-1</_7>
					<_8>-1,-1</_8>
					<_9>-1,-1</_9>
				</PedProps>
				<PedComps>
					<_0>3,2</_0>
					<_1>0,0</_1>
					<_2>3,2</_2>
					<_3>5,0</_3>
					<_4>3,2</_4>
					<_5>0,0</_5>
					<_6>0,0</_6>
					<_7>0,0</_7>
					<_8>0,0</_8>
					<_9>0,0</_9>
					<_10>0,0</_10>
					<_11>0,0</_11>
				</PedComps>
				<TattooLogoDecals />
				<DamagePacks />
				<RelationshipGroupAltered>false</RelationshipGroupAltered>
				<RelationshipGroup>0xfade4843</RelationshipGroup>
				<ScenarioActive>false</ScenarioActive>
				<AnimActive>true</AnimActive>
				<AnimDict>anim@amb@nightclub@dancers@crowddance_facedj@low_intesnsity</AnimDict>
				<AnimName>li_dance_facedj_09_v1_male^2</AnimName>
			</PedProperties>
			<OpacityLevel>255</OpacityLevel>
			<LodDistance>16960</LodDistance>
			<IsVisible>true</IsVisible>
			<MaxHealth>200</MaxHealth>
			<Health>200</Health>
			<HasGravity>true</HasGravity>
			<IsOnFire>false</IsOnFire>
			<IsInvincible>false</IsInvincible>
			<IsBulletProof>false</IsBulletProof>
			<IsCollisionProof>false</IsCollisionProof>
			<IsExplosionProof>false</IsExplosionProof>
			<IsFireProof>false</IsFireProof>
			<IsMeleeProof>false</IsMeleeProof>
			<IsOnlyDamagedByPlayer>false</IsOnlyDamagedByPlayer>
			<PositionRotation>
				<X>-1348.93896</X>
				<Y>-3037.50244</Y>
				<Z>13.9019337</Z>
				<Pitch>0.07361947</Pitch>
				<Roll>0.0207569245</Roll>
				<Yaw>-142.409378</Yaw>
			</PositionRotation>
			<Attachment isAttached="true">
				<AttachedTo>613137</AttachedTo>
				<BoneIndex>0</BoneIndex>
				<X>-13.81003</X>
				<Y>-5.19999981</Y>
				<Z>-0.250000119</Z>
				<Pitch>0</Pitch>
				<Roll>0</Roll>
				<Yaw>-91.0000076</Yaw>
			</Attachment>
		</Attachment>
		<Attachment>
			<ModelHash>0xa7b71042</ModelHash>
			<Type>1</Type>
			<Dynamic>true</Dynamic>
			<FrozenPos>false</FrozenPos>
			<HashName>Club Customer Male 1</HashName>
			<InitialHandle>211222</InitialHandle>
			<PedProperties>
				<IsStill>true</IsStill>
				<CanRagdoll>false</CanRagdoll>
				<HasShortHeight>false</HasShortHeight>
				<Armour>0</Armour>
				<CurrentWeapon>0xa2719263</CurrentWeapon>
				<PedProps>
					<_0>-1,-1</_0>
					<_1>-1,-1</_1>
					<_2>-1,-1</_2>
					<_3>-1,-1</_3>
					<_4>-1,-1</_4>
					<_5>-1,-1</_5>
					<_6>-1,-1</_6>
					<_7>-1,-1</_7>
					<_8>-1,-1</_8>
					<_9>-1,-1</_9>
				</PedProps>
				<PedComps>
					<_0>4,1</_0>
					<_1>0,0</_1>
					<_2>3,0</_2>
					<_3>6,0</_3>
					<_4>3,0</_4>
					<_5>0,0</_5>
					<_6>0,0</_6>
					<_7>0,0</_7>
					<_8>0,0</_8>
					<_9>0,0</_9>
					<_10>0,0</_10>
					<_11>0,0</_11>
				</PedComps>
				<TattooLogoDecals />
				<DamagePacks />
				<RelationshipGroupAltered>false</RelationshipGroupAltered>
				<RelationshipGroup>0xfade4843</RelationshipGroup>
				<ScenarioActive>false</ScenarioActive>
				<AnimActive>true</AnimActive>
				<AnimDict>anim@amb@nightclub@dancers@crowddance_facedj@med_intensity</AnimDict>
				<AnimName>mi_dance_facedj_17_v1_male^5</AnimName>
			</PedProperties>
			<OpacityLevel>255</OpacityLevel>
			<LodDistance>16960</LodDistance>
			<IsVisible>true</IsVisible>
			<MaxHealth>200</MaxHealth>
			<Health>200</Health>
			<HasGravity>true</HasGravity>
			<IsOnFire>false</IsOnFire>
			<IsInvincible>false</IsInvincible>
			<IsBulletProof>false</IsBulletProof>
			<IsCollisionProof>false</IsCollisionProof>
			<IsExplosionProof>false</IsExplosionProof>
			<IsFireProof>false</IsFireProof>
			<IsMeleeProof>false</IsMeleeProof>
			<IsOnlyDamagedByPlayer>false</IsOnlyDamagedByPlayer>
			<PositionRotation>
				<X>-1341.08484</X>
				<Y>-3030.9917</Y>
				<Z>13.9051542</Z>
				<Pitch>0.0697380751</Pitch>
				<Roll>-0.0314209796</Roll>
				<Yaw>-102.409348</Yaw>
			</PositionRotation>
			<Attachment isAttached="true">
				<AttachedTo>613137</AttachedTo>
				<BoneIndex>0</BoneIndex>
				<X>-14.0000019</X>
				<Y>4.99999905</Y>
				<Z>-0.25000006</Z>
				<Pitch>0</Pitch>
				<Roll>0</Roll>
				<Yaw>-51</Yaw>
			</Attachment>
		</Attachment>
		<Attachment>
			<ModelHash>0x00a40d25</ModelHash>
			<Type>1</Type>
			<Dynamic>true</Dynamic>
			<FrozenPos>false</FrozenPos>
			<HashName>Club Customer Female 3</HashName>
			<InitialHandle>211478</InitialHandle>
			<PedProperties>
				<IsStill>true</IsStill>
				<CanRagdoll>false</CanRagdoll>
				<HasShortHeight>false</HasShortHeight>
				<Armour>0</Armour>
				<CurrentWeapon>0xa2719263</CurrentWeapon>
				<PedProps>
					<_0>-1,-1</_0>
					<_1>-1,-1</_1>
					<_2>-1,-1</_2>
					<_3>-1,-1</_3>
					<_4>-1,-1</_4>
					<_5>-1,-1</_5>
					<_6>-1,-1</_6>
					<_7>-1,-1</_7>
					<_8>-1,-1</_8>
					<_9>-1,-1</_9>
				</PedProps>
				<PedComps>
					<_0>2,1</_0>
					<_1>0,0</_1>
					<_2>4,1</_2>
					<_3>2,1</_3>
					<_4>2,2</_4>
					<_5>0,0</_5>
					<_6>0,0</_6>
					<_7>0,0</_7>
					<_8>0,0</_8>
					<_9>0,0</_9>
					<_10>0,0</_10>
					<_11>0,0</_11>
				</PedComps>
				<TattooLogoDecals />
				<DamagePacks />
				<RelationshipGroupAltered>false</RelationshipGroupAltered>
				<RelationshipGroup>0xfade4843</RelationshipGroup>
				<ScenarioActive>false</ScenarioActive>
				<AnimActive>true</AnimActive>
				<AnimDict>anim@amb@nightclub@dancers@crowddance_facedj@low_intesnsity</AnimDict>
				<AnimName>li_dance_facedj_09_v1_female^5</AnimName>
			</PedProperties>
			<OpacityLevel>255</OpacityLevel>
			<LodDistance>16960</LodDistance>
			<IsVisible>true</IsVisible>
			<MaxHealth>200</MaxHealth>
			<Health>200</Health>
			<HasGravity>true</HasGravity>
			<IsOnFire>false</IsOnFire>
			<IsInvincible>false</IsInvincible>
			<IsBulletProof>false</IsBulletProof>
			<IsCollisionProof>false</IsCollisionProof>
			<IsExplosionProof>false</IsExplosionProof>
			<IsFireProof>false</IsFireProof>
			<IsMeleeProof>false</IsMeleeProof>
			<IsOnlyDamagedByPlayer>false</IsOnlyDamagedByPlayer>
			<PositionRotation>
				<X>-1347.17993</X>
				<Y>-3034.57642</Y>
				<Z>13.8914852</Z>
				<Pitch>0.067695111</Pitch>
				<Roll>0.0356096737</Roll>
				<Yaw>-154.409363</Yaw>
			</PositionRotation>
			<Attachment isAttached="true">
				<AttachedTo>613137</AttachedTo>
				<BoneIndex>0</BoneIndex>
				<X>-15</X>
				<Y>-1.99999928</Y>
				<Z>-0.26000008</Z>
				<Pitch>0</Pitch>
				<Roll>0</Roll>
				<Yaw>-103</Yaw>
			</Attachment>
		</Attachment>
		<Attachment>
			<ModelHash>0x154e3679</ModelHash>
			<Type>1</Type>
			<Dynamic>true</Dynamic>
			<FrozenPos>false</FrozenPos>
			<HashName>Club Customer Female 2</HashName>
			<InitialHandle>223766</InitialHandle>
			<PedProperties>
				<IsStill>true</IsStill>
				<CanRagdoll>false</CanRagdoll>
				<HasShortHeight>false</HasShortHeight>
				<Armour>0</Armour>
				<CurrentWeapon>0xa2719263</CurrentWeapon>
				<PedProps>
					<_0>-1,-1</_0>
					<_1>-1,-1</_1>
					<_2>-1,-1</_2>
					<_3>-1,-1</_3>
					<_4>-1,-1</_4>
					<_5>-1,-1</_5>
					<_6>-1,-1</_6>
					<_7>-1,-1</_7>
					<_8>-1,-1</_8>
					<_9>-1,-1</_9>
				</PedProps>
				<PedComps>
					<_0>2,1</_0>
					<_1>0,0</_1>
					<_2>3,2</_2>
					<_3>2,2</_3>
					<_4>2,0</_4>
					<_5>0,0</_5>
					<_6>0,0</_6>
					<_7>0,0</_7>
					<_8>0,0</_8>
					<_9>0,0</_9>
					<_10>0,0</_10>
					<_11>0,0</_11>
				</PedComps>
				<TattooLogoDecals />
				<DamagePacks />
				<RelationshipGroupAltered>false</RelationshipGroupAltered>
				<RelationshipGroup>0xfade4843</RelationshipGroup>
				<ScenarioActive>false</ScenarioActive>
				<AnimActive>true</AnimActive>
				<AnimDict>anim@amb@nightclub@dancers@crowddance_facedj@low_intesnsity</AnimDict>
				<AnimName>li_dance_facedj_09_v2_female^1</AnimName>
			</PedProperties>
			<OpacityLevel>255</OpacityLevel>
			<LodDistance>16960</LodDistance>
			<IsVisible>true</IsVisible>
			<MaxHealth>200</MaxHealth>
			<Health>200</Health>
			<HasGravity>true</HasGravity>
			<IsOnFire>false</IsOnFire>
			<IsInvincible>false</IsInvincible>
			<IsBulletProof>false</IsBulletProof>
			<IsCollisionProof>false</IsCollisionProof>
			<IsExplosionProof>false</IsExplosionProof>
			<IsFireProof>false</IsFireProof>
			<IsMeleeProof>false</IsMeleeProof>
			<IsOnlyDamagedByPlayer>false</IsOnlyDamagedByPlayer>
			<PositionRotation>
				<X>-1342.33228</X>
				<Y>-3029.42847</Y>
				<Z>13.8525724</Z>
				<Pitch>0.0744521841</Pitch>
				<Roll>-0.0175370481</Roll>
				<Yaw>-113.40934</Yaw>
			</PositionRotation>
			<Attachment isAttached="true">
				<AttachedTo>613137</AttachedTo>
				<BoneIndex>0</BoneIndex>
				<X>-16</X>
				<Y>4.99999905</Y>
				<Z>-0.300000012</Z>
				<Pitch>0</Pitch>
				<Roll>0</Roll>
				<Yaw>-62</Yaw>
			</Attachment>
		</Attachment>
		<Attachment>
			<ModelHash>0xbabead23</ModelHash>
			<Type>3</Type>
			<Dynamic>false</Dynamic>
			<FrozenPos>true</FrozenPos>
			<HashName>xm_prop_base_fence_01</HashName>
			<InitialHandle>443192</InitialHandle>
			<ObjectProperties>
				<TextureVariation>0</TextureVariation>
			</ObjectProperties>
			<OpacityLevel>255</OpacityLevel>
			<LodDistance>16960</LodDistance>
			<IsVisible>true</IsVisible>
			<MaxHealth>1000</MaxHealth>
			<Health>1000</Health>
			<HasGravity>true</HasGravity>
			<IsOnFire>false</IsOnFire>
			<IsInvincible>false</IsInvincible>
			<IsBulletProof>false</IsBulletProof>
			<IsCollisionProof>false</IsCollisionProof>
			<IsExplosionProof>false</IsExplosionProof>
			<IsFireProof>false</IsFireProof>
			<IsMeleeProof>false</IsMeleeProof>
			<IsOnlyDamagedByPlayer>false</IsOnlyDamagedByPlayer>
			<PositionRotation>
				<X>-1350.59497</X>
				<Y>-3044.08398</Y>
				<Z>12.9541368</Z>
				<Pitch>0.020037232</Pitch>
				<Roll>-0.0805818811</Roll>
				<Yaw>-51.4094315</Yaw>
			</PositionRotation>
			<Attachment isAttached="true">
				<AttachedTo>613137</AttachedTo>
				<BoneIndex>0</BoneIndex>
				<X>-9.6999979</X>
				<Y>-10.6000051</Y>
				<Z>-1.20000005</Z>
				<Pitch>0</Pitch>
				<Roll>0</Roll>
				<Yaw>0</Yaw>
			</Attachment>
		</Attachment>
		<Attachment>
			<ModelHash>0xbabead23</ModelHash>
			<Type>3</Type>
			<Dynamic>false</Dynamic>
			<FrozenPos>true</FrozenPos>
			<HashName>xm_prop_base_fence_01</HashName>
			<InitialHandle>652604</InitialHandle>
			<ObjectProperties>
				<TextureVariation>0</TextureVariation>
			</ObjectProperties>
			<OpacityLevel>255</OpacityLevel>
			<LodDistance>16960</LodDistance>
			<IsVisible>true</IsVisible>
			<MaxHealth>1000</MaxHealth>
			<Health>1000</Health>
			<HasGravity>true</HasGravity>
			<IsOnFire>false</IsOnFire>
			<IsInvincible>false</IsInvincible>
			<IsBulletProof>false</IsBulletProof>
			<IsCollisionProof>false</IsCollisionProof>
			<IsExplosionProof>false</IsExplosionProof>
			<IsFireProof>false</IsFireProof>
			<IsMeleeProof>false</IsMeleeProof>
			<IsOnlyDamagedByPlayer>false</IsOnlyDamagedByPlayer>
			<PositionRotation>
				<X>-1353.15234</X>
				<Y>-3040.87939</Y>
				<Z>12.94837</Z>
				<Pitch>0.020037232</Pitch>
				<Roll>-0.0805818811</Roll>
				<Yaw>-51.4094315</Yaw>
			</PositionRotation>
			<Attachment isAttached="true">
				<AttachedTo>613137</AttachedTo>
				<BoneIndex>0</BoneIndex>
				<X>-13.8000135</X>
				<Y>-10.6000051</Y>
				<Z>-1.20000005</Z>
				<Pitch>0</Pitch>
				<Roll>0</Roll>
				<Yaw>0</Yaw>
			</Attachment>
		</Attachment>
		<Attachment>
			<ModelHash>0xbabead23</ModelHash>
			<Type>3</Type>
			<Dynamic>false</Dynamic>
			<FrozenPos>true</FrozenPos>
			<HashName>xm_prop_base_fence_01</HashName>
			<InitialHandle>427837</InitialHandle>
			<ObjectProperties>
				<TextureVariation>0</TextureVariation>
			</ObjectProperties>
			<OpacityLevel>255</OpacityLevel>
			<LodDistance>16960</LodDistance>
			<IsVisible>true</IsVisible>
			<MaxHealth>1000</MaxHealth>
			<Health>1000</Health>
			<HasGravity>true</HasGravity>
			<IsOnFire>false</IsOnFire>
			<IsInvincible>false</IsInvincible>
			<IsBulletProof>false</IsBulletProof>
			<IsCollisionProof>false</IsCollisionProof>
			<IsExplosionProof>false</IsExplosionProof>
			<IsFireProof>false</IsFireProof>
			<IsMeleeProof>false</IsMeleeProof>
			<IsOnlyDamagedByPlayer>false</IsOnlyDamagedByPlayer>
			<PositionRotation>
				<X>-1355.70972</X>
				<Y>-3037.6748</Y>
				<Z>12.9426041</Z>
				<Pitch>0.020037232</Pitch>
				<Roll>-0.0805818811</Roll>
				<Yaw>-51.4094315</Yaw>
			</PositionRotation>
			<Attachment isAttached="true">
				<AttachedTo>613137</AttachedTo>
				<BoneIndex>0</BoneIndex>
				<X>-17.9000282</X>
				<Y>-10.6000051</Y>
				<Z>-1.20000005</Z>
				<Pitch>0</Pitch>
				<Roll>0</Roll>
				<Yaw>0</Yaw>
			</Attachment>
		</Attachment>
		<Attachment>
			<ModelHash>0xbabead23</ModelHash>
			<Type>3</Type>
			<Dynamic>false</Dynamic>
			<FrozenPos>true</FrozenPos>
			<HashName>xm_prop_base_fence_01</HashName>
			<InitialHandle>228159</InitialHandle>
			<ObjectProperties>
				<TextureVariation>0</TextureVariation>
			</ObjectProperties>
			<OpacityLevel>255</OpacityLevel>
			<LodDistance>16960</LodDistance>
			<IsVisible>true</IsVisible>
			<MaxHealth>1000</MaxHealth>
			<Health>1000</Health>
			<HasGravity>true</HasGravity>
			<IsOnFire>false</IsOnFire>
			<IsInvincible>false</IsInvincible>
			<IsBulletProof>false</IsBulletProof>
			<IsCollisionProof>false</IsCollisionProof>
			<IsExplosionProof>false</IsExplosionProof>
			<IsFireProof>false</IsFireProof>
			<IsMeleeProof>false</IsMeleeProof>
			<IsOnlyDamagedByPlayer>false</IsOnlyDamagedByPlayer>
			<PositionRotation>
				<X>-1336.68201</X>
				<Y>-3032.9812</Y>
				<Z>12.9603615</Z>
				<Pitch>0.020037232</Pitch>
				<Roll>-0.0805818811</Roll>
				<Yaw>-51.4094315</Yaw>
			</PositionRotation>
			<Attachment isAttached="true">
				<AttachedTo>613137</AttachedTo>
				<BoneIndex>0</BoneIndex>
				<X>-9.6999979</X>
				<Y>7.19999456</Y>
				<Z>-1.20000005</Z>
				<Pitch>0</Pitch>
				<Roll>0</Roll>
				<Yaw>0</Yaw>
			</Attachment>
		</Attachment>
		<Attachment>
			<ModelHash>0xbabead23</ModelHash>
			<Type>3</Type>
			<Dynamic>false</Dynamic>
			<FrozenPos>true</FrozenPos>
			<HashName>xm_prop_base_fence_01</HashName>
			<InitialHandle>152896</InitialHandle>
			<ObjectProperties>
				<TextureVariation>0</TextureVariation>
			</ObjectProperties>
			<OpacityLevel>255</OpacityLevel>
			<LodDistance>16960</LodDistance>
			<IsVisible>true</IsVisible>
			<MaxHealth>1000</MaxHealth>
			<Health>1000</Health>
			<HasGravity>true</HasGravity>
			<IsOnFire>false</IsOnFire>
			<IsInvincible>false</IsInvincible>
			<IsBulletProof>false</IsBulletProof>
			<IsCollisionProof>false</IsCollisionProof>
			<IsExplosionProof>false</IsExplosionProof>
			<IsFireProof>false</IsFireProof>
			<IsMeleeProof>false</IsMeleeProof>
			<IsOnlyDamagedByPlayer>false</IsOnlyDamagedByPlayer>
			<PositionRotation>
				<X>-1342.10864</X>
				<Y>-3026.18115</Y>
				<Z>12.9481258</Z>
				<Pitch>0.020037232</Pitch>
				<Roll>-0.0805818811</Roll>
				<Yaw>-51.4094315</Yaw>
			</PositionRotation>
			<Attachment isAttached="true">
				<AttachedTo>613137</AttachedTo>
				<BoneIndex>0</BoneIndex>
				<X>-18.4000301</X>
				<Y>7.19999456</Y>
				<Z>-1.20000005</Z>
				<Pitch>0</Pitch>
				<Roll>0</Roll>
				<Yaw>0</Yaw>
			</Attachment>
		</Attachment>
		<Attachment>
			<ModelHash>0xa7b71042</ModelHash>
			<Type>1</Type>
			<Dynamic>true</Dynamic>
			<FrozenPos>false</FrozenPos>
			<HashName>Club Customer Male 1</HashName>
			<InitialHandle>331854</InitialHandle>
			<PedProperties>
				<IsStill>true</IsStill>
				<CanRagdoll>false</CanRagdoll>
				<HasShortHeight>false</HasShortHeight>
				<Armour>0</Armour>
				<CurrentWeapon>0xa2719263</CurrentWeapon>
				<PedProps>
					<_0>-1,-1</_0>
					<_1>-1,-1</_1>
					<_2>-1,-1</_2>
					<_3>-1,-1</_3>
					<_4>-1,-1</_4>
					<_5>-1,-1</_5>
					<_6>-1,-1</_6>
					<_7>-1,-1</_7>
					<_8>-1,-1</_8>
					<_9>-1,-1</_9>
				</PedProps>
				<PedComps>
					<_0>3,1</_0>
					<_1>0,0</_1>
					<_2>3,2</_2>
					<_3>5,2</_3>
					<_4>4,0</_4>
					<_5>0,0</_5>
					<_6>0,0</_6>
					<_7>0,0</_7>
					<_8>0,0</_8>
					<_9>0,0</_9>
					<_10>0,0</_10>
					<_11>0,0</_11>
				</PedComps>
				<RelationshipGroupAltered>false</RelationshipGroupAltered>
				<RelationshipGroup>0xfade4843</RelationshipGroup>
				<ScenarioActive>false</ScenarioActive>
				<AnimActive>true</AnimActive>
				<AnimDict>anim@amb@nightclub@dancers@crowddance_facedj@hi_intensity</AnimDict>
				<AnimName>hi_dance_facedj_09_v1_male^5</AnimName>
			</PedProperties>
			<OpacityLevel>255</OpacityLevel>
			<LodDistance>16960</LodDistance>
			<IsVisible>true</IsVisible>
			<MaxHealth>200</MaxHealth>
			<Health>200</Health>
			<HasGravity>true</HasGravity>
			<IsOnFire>false</IsOnFire>
			<IsInvincible>false</IsInvincible>
			<IsBulletProof>false</IsBulletProof>
			<IsCollisionProof>false</IsCollisionProof>
			<IsExplosionProof>false</IsExplosionProof>
			<IsFireProof>false</IsFireProof>
			<IsMeleeProof>false</IsMeleeProof>
			<IsOnlyDamagedByPlayer>false</IsOnlyDamagedByPlayer>
			<PositionRotation>
				<X>-1344.52722</X>
				<Y>-3036.29736</Y>
				<Z>13.955698</Z>
				<Pitch>0.0728502274</Pitch>
				<Roll>0.0233135466</Roll>
				<Yaw>-144.409363</Yaw>
			</PositionRotation>
			<Attachment isAttached="true">
				<AttachedTo>613137</AttachedTo>
				<BoneIndex>0</BoneIndex>
				<X>-11.999999</X>
				<Y>-0.999999821</Y>
				<Z>-0.199999988</Z>
				<Pitch>0</Pitch>
				<Roll>0</Roll>
				<Yaw>-92.9999924</Yaw>
			</Attachment>
		</Attachment>
		<Attachment>
			<ModelHash>0xd4f5eabf</ModelHash>
			<Type>1</Type>
			<Dynamic>true</Dynamic>
			<FrozenPos>false</FrozenPos>
			<HashName>Club Customer Male 3</HashName>
			<InitialHandle>552782</InitialHandle>
			<PedProperties>
				<IsStill>true</IsStill>
				<CanRagdoll>false</CanRagdoll>
				<HasShortHeight>false</HasShortHeight>
				<Armour>0</Armour>
				<CurrentWeapon>0xa2719263</CurrentWeapon>
				<PedProps>
					<_0>-1,-1</_0>
					<_1>-1,-1</_1>
					<_2>-1,-1</_2>
					<_3>-1,-1</_3>
					<_4>-1,-1</_4>
					<_5>-1,-1</_5>
					<_6>-1,-1</_6>
					<_7>-1,-1</_7>
					<_8>-1,-1</_8>
					<_9>-1,-1</_9>
				</PedProps>
				<PedComps>
					<_0>0,1</_0>
					<_1>0,0</_1>
					<_2>0,1</_2>
					<_3>0,3</_3>
					<_4>0,2</_4>
					<_5>0,0</_5>
					<_6>0,0</_6>
					<_7>0,0</_7>
					<_8>0,0</_8>
					<_9>0,0</_9>
					<_10>0,0</_10>
					<_11>0,0</_11>
				</PedComps>
				<RelationshipGroupAltered>false</RelationshipGroupAltered>
				<RelationshipGroup>0xfade4843</RelationshipGroup>
				<ScenarioActive>false</ScenarioActive>
				<AnimActive>true</AnimActive>
				<AnimDict>anim@amb@nightclub@dancers@crowddance_facedj@</AnimDict>
				<AnimName>hi_dance_facedj_09_v1_male^2</AnimName>
			</PedProperties>
			<OpacityLevel>255</OpacityLevel>
			<LodDistance>16960</LodDistance>
			<IsVisible>true</IsVisible>
			<MaxHealth>200</MaxHealth>
			<Health>200</Health>
			<HasGravity>true</HasGravity>
			<IsOnFire>false</IsOnFire>
			<IsInvincible>false</IsInvincible>
			<IsBulletProof>false</IsBulletProof>
			<IsCollisionProof>false</IsCollisionProof>
			<IsExplosionProof>false</IsExplosionProof>
			<IsFireProof>false</IsFireProof>
			<IsMeleeProof>false</IsMeleeProof>
			<IsOnlyDamagedByPlayer>false</IsOnlyDamagedByPlayer>
			<PositionRotation>
				<X>-1340.68298</X>
				<Y>-3034.3811</Y>
				<Z>13.9582872</Z>
				<Pitch>0.0579496622</Pitch>
				<Roll>0.0499250777</Roll>
				<Yaw>-167.409363</Yaw>
			</PositionRotation>
			<Attachment isAttached="true">
				<AttachedTo>613137</AttachedTo>
				<BoneIndex>0</BoneIndex>
				<X>-11.1000061</X>
				<Y>3.19999909</Y>
				<Z>-0.199999988</Z>
				<Pitch>0</Pitch>
				<Roll>0</Roll>
				<Yaw>-115.999992</Yaw>
			</Attachment>
		</Attachment>
		<Attachment>
			<ModelHash>0x00a40d25</ModelHash>
			<Type>1</Type>
			<Dynamic>true</Dynamic>
			<FrozenPos>false</FrozenPos>
			<HashName>Club Customer Female 3</HashName>
			<InitialHandle>543823</InitialHandle>
			<PedProperties>
				<IsStill>true</IsStill>
				<CanRagdoll>false</CanRagdoll>
				<HasShortHeight>false</HasShortHeight>
				<Armour>0</Armour>
				<CurrentWeapon>0xa2719263</CurrentWeapon>
				<PedProps>
					<_0>-1,-1</_0>
					<_1>-1,-1</_1>
					<_2>-1,-1</_2>
					<_3>-1,-1</_3>
					<_4>-1,-1</_4>
					<_5>-1,-1</_5>
					<_6>-1,-1</_6>
					<_7>-1,-1</_7>
					<_8>-1,-1</_8>
					<_9>-1,-1</_9>
				</PedProps>
				<PedComps>
					<_0>3,0</_0>
					<_1>0,0</_1>
					<_2>5,2</_2>
					<_3>4,1</_3>
					<_4>4,1</_4>
					<_5>0,0</_5>
					<_6>0,0</_6>
					<_7>0,0</_7>
					<_8>3,0</_8>
					<_9>0,0</_9>
					<_10>0,0</_10>
					<_11>0,0</_11>
				</PedComps>
				<RelationshipGroupAltered>false</RelationshipGroupAltered>
				<RelationshipGroup>0xfade4843</RelationshipGroup>
				<ScenarioActive>false</ScenarioActive>
				<AnimActive>true</AnimActive>
				<AnimDict>anim@amb@nightclub@dancers@crowddance_facedj@low_intesnsity</AnimDict>
				<AnimName>li_dance_facedj_09_v1_female^6</AnimName>
			</PedProperties>
			<OpacityLevel>255</OpacityLevel>
			<LodDistance>16960</LodDistance>
			<IsVisible>true</IsVisible>
			<MaxHealth>200</MaxHealth>
			<Health>200</Health>
			<HasGravity>true</HasGravity>
			<IsOnFire>false</IsOnFire>
			<IsInvincible>false</IsInvincible>
			<IsBulletProof>false</IsBulletProof>
			<IsCollisionProof>false</IsCollisionProof>
			<IsExplosionProof>false</IsExplosionProof>
			<IsFireProof>false</IsFireProof>
			<IsMeleeProof>false</IsMeleeProof>
			<IsOnlyDamagedByPlayer>false</IsOnlyDamagedByPlayer>
			<PositionRotation>
				<X>-1349.58423</X>
				<Y>-3033.80811</Y>
				<Z>13.9482985</Z>
				<Pitch>0.0763263181</Pitch>
				<Roll>0.00499696052</Roll>
				<Yaw>-130.409348</Yaw>
			</PositionRotation>
			<Attachment isAttached="true">
				<AttachedTo>613137</AttachedTo>
				<BoneIndex>0</BoneIndex>
				<X>-17.100029</X>
				<Y>-3.3999989</Y>
				<Z>-0.199999988</Z>
				<Pitch>0</Pitch>
				<Roll>0</Roll>
				<Yaw>-78.9999924</Yaw>
			</Attachment>
		</Attachment>
		<Attachment>
			<ModelHash>0x9fd4292d</ModelHash>
			<Type>1</Type>
			<Dynamic>true</Dynamic>
			<FrozenPos>false</FrozenPos>
			<HashName>Bouncer</HashName>
			<InitialHandle>456033</InitialHandle>
			<PedProperties>
				<IsStill>true</IsStill>
				<CanRagdoll>false</CanRagdoll>
				<HasShortHeight>false</HasShortHeight>
				<Armour>0</Armour>
				<CurrentWeapon>0xa2719263</CurrentWeapon>
				<PedProps>
					<_0>-1,-1</_0>
					<_1>-1,-1</_1>
					<_2>-1,-1</_2>
					<_3>-1,-1</_3>
					<_4>-1,-1</_4>
					<_5>-1,-1</_5>
					<_6>-1,-1</_6>
					<_7>-1,-1</_7>
					<_8>-1,-1</_8>
					<_9>-1,-1</_9>
				</PedProps>
				<PedComps>
					<_0>1,2</_0>
					<_1>0,0</_1>
					<_2>1,1</_2>
					<_3>1,3</_3>
					<_4>0,0</_4>
					<_5>0,0</_5>
					<_6>0,0</_6>
					<_7>0,0</_7>
					<_8>1,1</_8>
					<_9>0,0</_9>
					<_10>0,0</_10>
					<_11>0,0</_11>
				</PedComps>
				<TattooLogoDecals />
				<DamagePacks />
				<RelationshipGroupAltered>false</RelationshipGroupAltered>
				<RelationshipGroup>0xfade4843</RelationshipGroup>
				<ScenarioActive>false</ScenarioActive>
				<AnimActive>true</AnimActive>
				<AnimDict>mini@strip_club@idles@bouncer@idle_a</AnimDict>
				<AnimName>idle_a</AnimName>
			</PedProperties>
			<OpacityLevel>255</OpacityLevel>
			<LodDistance>16960</LodDistance>
			<IsVisible>true</IsVisible>
			<MaxHealth>200</MaxHealth>
			<Health>200</Health>
			<HasGravity>true</HasGravity>
			<IsOnFire>false</IsOnFire>
			<IsInvincible>false</IsInvincible>
			<IsBulletProof>false</IsBulletProof>
			<IsCollisionProof>false</IsCollisionProof>
			<IsExplosionProof>false</IsExplosionProof>
			<IsFireProof>false</IsFireProof>
			<IsMeleeProof>false</IsMeleeProof>
			<IsOnlyDamagedByPlayer>false</IsOnlyDamagedByPlayer>
			<PositionRotation>
				<X>-1339.11499</X>
				<Y>-3029.29175</Y>
				<Z>13.9343119</Z>
				<Pitch>0.026846962</Pitch>
				<Roll>-0.0785758942</Roll>
				<Yaw>-56.3093567</Yaw>
			</PositionRotation>
			<Attachment isAttached="true">
				<AttachedTo>613137</AttachedTo>
				<BoneIndex>-1</BoneIndex>
				<X>-14.1000175</X>
				<Y>7.59999561</Y>
				<Z>-0.25000003</Z>
				<Pitch>0</Pitch>
				<Roll>0</Roll>
				<Yaw>-4.89993191</Yaw>
			</Attachment>
		</Attachment>
	</SpoonerAttachments>
</Vehicle>
