{
    "MOD_ARCHCOVER": [
        0,
        0
    ],
    "MOD_ARMOR": [
        4,
        0
    ],
    "MOD_BRAKES": [
        2,
        0
    ],
    "MOD_DASHBOARD": [
        3,
        0
    ],
    "MOD_DOORSPEAKERS": [
        1,
        0
    ],
    "MOD_ENGINE": [
        3,
        0
    ],
    "MOD_EXHAUST": [
        9,
        0
    ],
    "MOD_FENDER": [
        0,
        0
    ],
    "MOD_FRONTBUMPER": [
        5,
        0
    ],
    "MOD_FRONTWHEEL": [
        13,
        0
    ],
    "MOD_HOOD": [
        2,
        0
    ],
    "MOD_HORNS": [
        52,
        0
    ],
    "MOD_LIVERY": [
        14,
        0
    ],
    "MOD_REARBUMPER": [
        3,
        0
    ],
    "MOD_ROOF": [
        4,
        0
    ],
    "MOD_SEATS": [
        10,
        0
    ],
    "MOD_SIDESKIRT": [
        13,
        0
    ],
    "MOD_SPOILERS": [
        8,
        0
    ],
    "MOD_STEERINGWHEELS": [
        4,
        0
    ],
    "MOD_SUSPENSION": [
        2,
        0
    ],
    "MOD_TRANSMISSION": [
        2,
        0
    ],
    "MOD_TURBO": "TOGGLE",
    "MOD_VANITYPLATES": [
        2,
        0
    ],
    "clan_logo": 0,
    "custom_primary_color": [
        120,
        0,
        34
    ],
    "custom_secondary_color": [
        120,
        0,
        34
    ],
    "dash_color": 28,
    "drift_tires": 0,
    "has_collision": true,
    "headlight_color": 255,
    "interior_color": 0,
    "is_visible": true,
    "model_attachments": [],
    "neon_color": [
        255,
        0,
        255
    ],
    "neon_lights": [
        false,
        false,
        false,
        false
    ],
    "pearlescent_color": 34,
    "plate_text": "AUDI A27",
    "plate_text_index": 1,
    "primary_color": 2,
    "radio_station": "RADIO_02_POP",
    "secondary_color": 30,
    "tire_can_burst": 0,
    "vehicle_attachments": [],
    "vehicle_extras": [],
    "vehicle_model_hash": 274946574,
    "vehicle_window_tint": 1,
    "wheel_color": 122,
    "wheel_type": 12
}