{
    "MOD_ARMOR": [
        4,
        0
    ],
    "MOD_BRAKES": [
        2,
        0
    ],
    "MOD_ENGINE": [
        3,
        0
    ],
    "MOD_EXHAUST": [
        11,
        0
    ],
    "MOD_FENDER": [
        0,
        0
    ],
    "MOD_FRONTBUMPER": [
        17,
        0
    ],
    "MOD_FRONTWHEEL": [
        85,
        0
    ],
    "MOD_GRILLE": [
        3,
        0
    ],
    "MOD_HOOD": [
        7,
        0
    ],
    "MOD_LIVERY": [
        0,
        0
    ],
    "MOD_REARBUMPER": [
        13,
        0
    ],
    "MOD_RIGHTFENDER": [
        0,
        0
    ],
    "MOD_ROOF": [
        7,
        0
    ],
    "MOD_SIDESKIRT": [
        11,
        0
    ],
    "MOD_SPOILERS": [
        17,
        0
    ],
    "MOD_SUSPENSION": [
        3,
        0
    ],
    "MOD_TIRESMOKE": "TOGGLE",
    "MOD_TRANSMISSION": [
        2,
        0
    ],
    "MOD_TURBO": "TOGGLE",
    "MOD_XENONHEADLIGHTS": "TOGGLE",
    "clan_logo": 0,
    "custom_primary_color": [
        0,
        255,
        0
    ],
    "dash_color": 0,
    "drift_tires": 0,
    "has_collision": true,
    "headlight_color": 4,
    "interior_color": 3,
    "is_visible": true,
    "model_attachments": [],
    "neon_color": [
        255,
        0,
        255
    ],
    "neon_lights": [
        false,
        false,
        false,
        false
    ],
    "pearlescent_color": 89,
    "plate_text": "DERROCE ",
    "plate_text_index": 1,
    "primary_color": 120,
    "radio_station": "OFF",
    "secondary_color": 92,
    "tire_can_burst": 0,
    "tire_smoke_color": [
        0,
        255,
        0
    ],
    "vehicle_attachments": [],
    "vehicle_extras": [],
    "vehicle_model_hash": 3400983137,
    "vehicle_window_tint": 1,
    "wheel_color": 125,
    "wheel_type": 8
}