{
    "MOD_AERIALS": [
        3,
        0
    ],
    "MOD_ARMOR": [
        4,
        0
    ],
    "MOD_BRAKES": [
        2,
        0
    ],
    "MOD_DASHBOARD": [
        2,
        0
    ],
    "MOD_ENGINE": [
        3,
        0
    ],
    "MOD_EXHAUST": [
        20,
        0
    ],
    "MOD_FRONTBUMPER": [
        17,
        0
    ],
    "MOD_HOOD": [
        6,
        0
    ],
    "MOD_HORNS": [
        56,
        0
    ],
    "MOD_LIVERY": [
        13,
        0
    ],
    "MOD_REARBUMPER": [
        11,
        0
    ],
    "MOD_RIGHTFENDER": [
        7,
        0
    ],
    "MOD_ROOF": [
        6,
        0
    ],
    "MOD_SIDESKIRT": [
        15,
        0
    ],
    "MOD_SPOILERS": [
        24,
        0
    ],
    "MOD_SUSPENSION": [
        4,
        0
    ],
    "MOD_TRANSMISSION": [
        2,
        0
    ],
    "MOD_TURBO": "TOGGLE",
    "MOD_VANITYPLATES": [
        6,
        0
    ],
    "MOD_XENONHEADLIGHTS": "TOGGLE",
    "clan_logo": 0,
    "dash_color": 37,
    "drift_tires": 0,
    "has_collision": true,
    "headlight_color": 6,
    "interior_color": 156,
    "is_visible": true,
    "model_attachments": [],
    "neon_color": [
        255,
        200,
        0
    ],
    "neon_lights": [
        true,
        true,
        true,
        true
    ],
    "pearlescent_color": 159,
    "plate_text": "        ",
    "plate_text_index": 1,
    "primary_color": 118,
    "radio_station": "RADIO_27_DLC_PRHEI4",
    "secondary_color": 160,
    "tire_can_burst": 0,
    "vehicle_attachments": [],
    "vehicle_extras": [],
    "vehicle_model_hash": 274946574,
    "vehicle_window_tint": 1,
    "wheel_color": 159,
    "wheel_type": 7
}