{
    "": "TOGGLE",
    "MOD_AIRFILTER": [
        4,
        0
    ],
    "MOD_DIALDESIGN": [
        2,
        0
    ],
    "MOD_EXHAUST": [
        5,
        0
    ],
    "MOD_FRAME": [
        0,
        0
    ],
    "MOD_FRONTBUMPER": [
        1,
        0
    ],
    "MOD_FRONTWHEEL": [
        20,
        0
    ],
    "MOD_GRILLE": [
        1,
        0
    ],
    "MOD_HOOD": [
        9,
        0
    ],
    "MOD_REARBUMPER": [
        2,
        0
    ],
    "MOD_SPOILERS": [
        13,
        0
    ],
    "MOD_STRUTS": [
        11,
        0
    ],
    "MOD_TIRESMOKE": "TOGGLE",
    "clan_logo": 0,
    "dash_color": 89,
    "drift_tires": 0,
    "has_collision": true,
    "headlight_color": 255,
    "interior_color": 63,
    "is_visible": true,
    "model_attachments": [],
    "neon_color": [
        27,
        228,
        0
    ],
    "neon_lights": [
        false,
        false,
        false,
        false
    ],
    "pearlescent_color": 68,
    "plate_text": "  22B   ",
    "plate_text_index": 1,
    "primary_color": 64,
    "radio_station": "RADIO_35_DLC_HEI4_MLR",
    "secondary_color": 64,
    "tire_can_burst": 0,
    "tire_smoke_color": [
        255,
        255,
        255
    ],
    "vehicle_attachments": [],
    "vehicle_extras": [],
    "vehicle_model_hash": 4003946083,
    "vehicle_window_tint": 3,
    "wheel_color": 37,
    "wheel_type": 11
}