{
    "": "TOGGLE",
    "MOD_ARMOR": [
        4,
        0
    ],
    "MOD_BRAKES": [
        2,
        0
    ],
    "MOD_ENGINE": [
        3,
        0
    ],
    "MOD_EXHAUST": [
        2,
        0
    ],
    "MOD_FRONTWHEEL": [
        118,
        0
    ],
    "MOD_HORNS": [
        57,
        0
    ],
    "MOD_REARBUMPER": [
        0,
        0
    ],
    "MOD_SIDESKIRT": [
        1,
        0
    ],
    "MOD_SPOILERS": [
        0,
        0
    ],
    "MOD_SUSPENSION": [
        3,
        0
    ],
    "MOD_TIRESMOKE": "TOGGLE",
    "MOD_TRANSMISSION": [
        2,
        0
    ],
    "MOD_TURBO": "TOGGLE",
    "MOD_XENONHEADLIGHTS": "TOGGLE",
    "clan_logo": 1,
    "custom_primary_color": [
        0,
        115,
        92
    ],
    "custom_secondary_color": [
        0,
        115,
        92
    ],
    "dash_color": 70,
    "drift_tires": 0,
    "has_collision": true,
    "headlight_color": 1,
    "interior_color": 70,
    "is_visible": true,
    "model_attachments": [],
    "neon_color": [
        0,
        13,
        255
    ],
    "neon_lights": [
        true,
        true,
        true,
        true
    ],
    "pearlescent_color": 70,
    "plate_text": "KSKSTYLE",
    "plate_text_index": 1,
    "primary_color": 33,
    "radio_station": "RADIO_19_USER",
    "secondary_color": 40,
    "tire_can_burst": 1,
    "tire_smoke_color": [
        0,
        255,
        207
    ],
    "vehicle_attachments": [],
    "vehicle_extras": [
        [
            1,
            false
        ]
    ],
    "vehicle_model_hash": 2465164804,
    "vehicle_window_tint": 1,
    "wheel_color": 0,
    "wheel_type": 11
}