{
    "MOD_ARMOR": [
        2,
        0
    ],
    "MOD_ENGINE": [
        0,
        0
    ],
    "MOD_EXHAUST": [
        4,
        0
    ],
    "MOD_FENDER": [
        0,
        0
    ],
    "MOD_FRAME": [
        1,
        0
    ],
    "MOD_FRONTBUMPER": [
        2,
        0
    ],
    "MOD_FRONTWHEEL": [
        146,
        0
    ],
    "MOD_GRILLE": [
        2,
        0
    ],
    "MOD_HOOD": [
        7,
        0
    ],
    "MOD_HORNS": [
        50,
        0
    ],
    "MOD_LIVERY": [
        7,
        0
    ],
    "MOD_REARBUMPER": [
        2,
        0
    ],
    "MOD_RIGHTFENDER": [
        2,
        0
    ],
    "MOD_ROOF": [
        5,
        0
    ],
    "MOD_SPOILERS": [
        2,
        0
    ],
    "MOD_SUSPENSION": [
        4,
        0
    ],
    "MOD_TURBO": "TOGGLE",
    "clan_logo": 0,
    "custom_primary_color": [
        148,
        216,
        221
    ],
    "custom_secondary_color": [
        148,
        216,
        221
    ],
    "dash_color": 111,
    "drift_tires": 0,
    "has_collision": true,
    "headlight_color": 255,
    "interior_color": 111,
    "is_visible": true,
    "model_attachments": [],
    "neon_color": [
        255,
        0,
        0
    ],
    "neon_lights": [
        true,
        true,
        true,
        true
    ],
    "pearlescent_color": 4,
    "plate_text": "        ",
    "plate_text_index": 0,
    "primary_color": 9,
    "radio_station": "RADIO_14_DANCE_02",
    "secondary_color": 0,
    "tire_can_burst": 0,
    "vehicle_attachments": [],
    "vehicle_extras": [],
    "vehicle_model_hash": 686471183,
    "vehicle_window_tint": 0,
    "wheel_color": 111,
    "wheel_type": 8
}