{
    "MOD_ARMOR": [
        4,
        0
    ],
    "MOD_BRAKES": [
        2,
        0
    ],
    "MOD_ENGINE": [
        3,
        0
    ],
    "MOD_EXHAUST": [
        0,
        0
    ],
    "MOD_FRONTBUMPER": [
        0,
        0
    ],
    "MOD_FRONTWHEEL": [
        13,
        0
    ],
    "MOD_REARBUMPER": [
        0,
        0
    ],
    "MOD_SIDESKIRT": [
        0,
        0
    ],
    "MOD_SUSPENSION": [
        3,
        0
    ],
    "MOD_TIRESMOKE": "TOGGLE",
    "MOD_TRANSMISSION": [
        2,
        0
    ],
    "MOD_TURBO": "TOGGLE",
    "clan_logo": 0,
    "custom_primary_color": [
        38,
        79,
        100
    ],
    "custom_secondary_color": [
        38,
        79,
        100
    ],
    "dash_color": 0,
    "drift_tires": 0,
    "has_collision": true,
    "headlight_color": 255,
    "interior_color": 0,
    "is_visible": true,
    "model_attachments": [],
    "neon_color": [
        255,
        0,
        255
    ],
    "neon_lights": [
        false,
        false,
        false,
        false
    ],
    "pearlescent_color": 111,
    "plate_text": "AUDI A27",
    "plate_text_index": 4,
    "primary_color": 34,
    "radio_station": "RADIO_23_DLC_XM19_RADIO",
    "secondary_color": 12,
    "tire_can_burst": 0,
    "tire_smoke_color": [
        0,
        0,
        0
    ],
    "vehicle_attachments": [],
    "vehicle_extras": [
        [
            10,
            false
        ],
        [
            12,
            true
        ]
    ],
    "vehicle_model_hash": 1032823388,
    "vehicle_window_tint": 1,
    "wheel_color": 122,
    "wheel_type": 12
}