{
    "MOD_ARMOR": [
        4,
        0
    ],
    "MOD_BRAKES": [
        2,
        0
    ],
    "MOD_ENGINE": [
        3,
        0
    ],
    "MOD_EXHAUST": [
        5,
        0
    ],
    "MOD_FRONTBUMPER": [
        3,
        0
    ],
    "MOD_FRONTWHEEL": [
        81,
        0
    ],
    "MOD_GRILLE": [
        1,
        0
    ],
    "MOD_HOOD": [
        2,
        0
    ],
    "MOD_ROOF": [
        0,
        0
    ],
    "MOD_SPOILERS": [
        2,
        0
    ],
    "MOD_TRANSMISSION": [
        2,
        0
    ],
    "MOD_TURBO": "TOGGLE",
    "clan_logo": 0,
    "dash_color": 1,
    "drift_tires": 0,
    "has_collision": true,
    "headlight_color": 255,
    "interior_color": 0,
    "is_visible": true,
    "model_attachments": [],
    "neon_color": [
        0,
        0,
        0
    ],
    "neon_lights": [
        false,
        false,
        false,
        false
    ],
    "pearlescent_color": 35,
    "plate_text": "SEXY1337",
    "plate_text_index": 0,
    "primary_color": 71,
    "radio_station": "RADIO_14_DANCE_02",
    "secondary_color": 12,
    "tire_can_burst": 1,
    "vehicle_attachments": [],
    "vehicle_extras": [],
    "vehicle_model_hash": 3612858749,
    "vehicle_window_tint": 1,
    "wheel_color": 0,
    "wheel_type": 10
}