{
    "MOD_ARMOR": [
        4,
        0
    ],
    "MOD_BRAKES": [
        2,
        0
    ],
    "MOD_ENGINE": [
        3,
        0
    ],
    "MOD_EXHAUST": [
        3,
        0
    ],
    "MOD_FRONTWHEEL": [
        111,
        0
    ],
    "MOD_HORNS": [
        5,
        0
    ],
    "MOD_SIDESKIRT": [
        1,
        0
    ],
    "MOD_SPOILERS": [
        6,
        0
    ],
    "MOD_TIRESMOKE": "TOGGLE",
    "MOD_TRANSMISSION": [
        2,
        0
    ],
    "MOD_TURBO": "TOGGLE",
    "MOD_XENONHEADLIGHTS": "TOGGLE",
    "clan_logo": 0,
    "custom_primary_color": [
        255,
        0,
        0
    ],
    "custom_secondary_color": [
        240,
        240,
        240
    ],
    "dash_color": 0,
    "drift_tires": 1,
    "has_collision": true,
    "headlight_color": 7,
    "interior_color": 111,
    "is_visible": true,
    "model_attachments": [],
    "neon_color": [
        255,
        0,
        0
    ],
    "neon_lights": [
        true,
        true,
        true,
        true
    ],
    "pearlescent_color": 91,
    "plate_text": " RADAHN ",
    "plate_text_index": 0,
    "primary_color": 74,
    "radio_station": "RADIO_14_DANCE_02",
    "secondary_color": 91,
    "tire_can_burst": 0,
    "tire_smoke_color": [
        221,
        255,
        0
    ],
    "vehicle_attachments": [],
    "vehicle_extras": [],
    "vehicle_model_hash": 2891838741,
    "vehicle_window_tint": 1,
    "wheel_color": 70,
    "wheel_type": 8
}