{
    "MOD_ARMOR": [
        4,
        0
    ],
    "MOD_BRAKES": [
        2,
        0
    ],
    "MOD_ENGINE": [
        3,
        0
    ],
    "MOD_EXHAUST": [
        6,
        0
    ],
    "MOD_FENDER": [
        4,
        0
    ],
    "MOD_FRAME": [
        2,
        0
    ],
    "MOD_FRONTBUMPER": [
        15,
        0
    ],
    "MOD_FRONTWHEEL": [
        22,
        0
    ],
    "MOD_GRILLE": [
        7,
        0
    ],
    "MOD_HOOD": [
        18,
        0
    ],
    "MOD_HORNS": [
        44,
        0
    ],
    "MOD_REARBUMPER": [
        8,
        0
    ],
    "MOD_RIGHTFENDER": [
        8,
        0
    ],
    "MOD_ROOF": [
        10,
        0
    ],
    "MOD_SIDESKIRT": [
        16,
        0
    ],
    "MOD_SPOILERS": [
        6,
        0
    ],
    "MOD_SUSPENSION": [
        3,
        0
    ],
    "MOD_TIRESMOKE": "TOGGLE",
    "MOD_TRANSMISSION": [
        2,
        0
    ],
    "MOD_TURBO": "TOGGLE",
    "clan_logo": 0,
    "custom_primary_color": [
        0,
        0,
        0
    ],
    "custom_secondary_color": [
        255,
        255,
        255
    ],
    "dash_color": 93,
    "drift_tires": 1,
    "has_collision": true,
    "headlight_color": 255,
    "interior_color": 134,
    "is_visible": true,
    "model_attachments": [],
    "neon_color": [
        0,
        0,
        0
    ],
    "neon_lights": [
        false,
        false,
        false,
        false
    ],
    "pearlescent_color": 70,
    "plate_text": " RADAHN ",
    "plate_text_index": 1,
    "primary_color": 145,
    "radio_station": "RADIO_14_DANCE_02",
    "secondary_color": 12,
    "tire_can_burst": 0,
    "tire_smoke_color": [
        255,
        255,
        255
    ],
    "vehicle_attachments": [],
    "vehicle_extras": [],
    "vehicle_model_hash": 2100457220,
    "vehicle_window_tint": 1,
    "wheel_color": 151,
    "wheel_type": 10
}