{
    "MOD_ARMOR": [
        4,
        0
    ],
    "MOD_BRAKES": [
        2,
        0
    ],
    "MOD_ENGINE": [
        3,
        0
    ],
    "MOD_EXHAUST": [
        1,
        0
    ],
    "MOD_FENDER": [
        0,
        0
    ],
    "MOD_FRAME": [
        4,
        0
    ],
    "MOD_FRONTBUMPER": [
        10,
        0
    ],
    "MOD_FRONTWHEEL": [
        10,
        0
    ],
    "MOD_HOOD": [
        7,
        0
    ],
    "MOD_REARBUMPER": [
        7,
        0
    ],
    "MOD_ROOF": [
        3,
        0
    ],
    "MOD_SPOILERS": [
        13,
        0
    ],
    "MOD_SUSPENSION": [
        3,
        0
    ],
    "MOD_TIRESMOKE": "TOGGLE",
    "MOD_TRANSMISSION": [
        3,
        0
    ],
    "MOD_TURBO": "TOGGLE",
    "MOD_XENONHEADLIGHTS": "TOGGLE",
    "clan_logo": 0,
    "custom_primary_color": [
        0,
        0,
        0
    ],
    "custom_secondary_color": [
        53,
        0,
        0
    ],
    "dash_color": 1,
    "drift_tires": 0,
    "has_collision": true,
    "headlight_color": 255,
    "interior_color": 4,
    "is_visible": true,
    "model_attachments": [],
    "neon_color": [
        0,
        0,
        0
    ],
    "neon_lights": [
        true,
        true,
        true,
        true
    ],
    "pearlescent_color": 42,
    "plate_text": " RADAHN ",
    "plate_text_index": 0,
    "primary_color": 150,
    "radio_station": "RADIO_14_DANCE_02",
    "secondary_color": 27,
    "tire_can_burst": 0,
    "tire_smoke_color": [
        255,
        255,
        255
    ],
    "vehicle_attachments": [],
    "vehicle_extras": [],
    "vehicle_model_hash": 3999278268,
    "vehicle_window_tint": 1,
    "wheel_color": 150,
    "wheel_type": 10
}