{
    "": "TOGGLE",
    "MOD_ARMOR": [
        4,
        0
    ],
    "MOD_BRAKES": [
        2,
        0
    ],
    "MOD_ENGINE": [
        3,
        0
    ],
    "MOD_FRONTWHEEL": [
        13,
        0
    ],
    "MOD_HORNS": [
        57,
        0
    ],
    "MOD_SUSPENSION": [
        3,
        0
    ],
    "MOD_TIRESMOKE": "TOGGLE",
    "MOD_TRANSMISSION": [
        2,
        0
    ],
    "MOD_TURBO": "TOGGLE",
    "MOD_XENONHEADLIGHTS": "TOGGLE",
    "clan_logo": 0,
    "dash_color": 0,
    "has_collision": true,
    "headlight_color": 255,
    "interior_color": 0,
    "is_invincible": false,
    "is_visible": true,
    "model_attachments": [],
    "neon_color": [
        255,
        0,
        255
    ],
    "neon_lights": [
        false,
        false,
        false,
        false
    ],
    "pearlescent_color": 7,
    "plate_text": " VEYRON ",
    "plate_text_index": 1,
    "primary_color": 106,
    "radio_station": "RADIO_22_DLC_BATTLE_MIX1_RADIO",
    "secondary_color": 106,
    "tire_smoke_color": [
        255,
        255,
        255
    ],
    "vehicle_attachments": [],
    "vehicle_extras": [
        [
            1,
            false
        ],
        [
            10,
            false
        ],
        [
            12,
            true
        ]
    ],
    "vehicle_model_hash": 3078201489,
    "vehicle_window_tint": 1,
    "wheel_color": 0,
    "wheel_type": 12
}