{
    "": "TOGGLE",
    "MOD_ARMOR": [
        4,
        0
    ],
    "MOD_BRAKES": [
        2,
        0
    ],
    "MOD_ENGINE": [
        4,
        0
    ],
    "MOD_EXHAUST": [
        5,
        0
    ],
    "MOD_FRONTBUMPER": [
        3,
        0
    ],
    "MOD_FRONTWHEEL": [
        6,
        0
    ],
    "MOD_GRILLE": [
        8,
        0
    ],
    "MOD_HOOD": [
        6,
        0
    ],
    "MOD_REARBUMPER": [
        0,
        0
    ],
    "MOD_RIGHTFENDER": [
        3,
        0
    ],
    "MOD_ROOF": [
        6,
        0
    ],
    "MOD_SIDESKIRT": [
        0,
        0
    ],
    "MOD_SUSPENSION": [
        3,
        0
    ],
    "MOD_TRANSMISSION": [
        2,
        0
    ],
    "MOD_TURBO": "TOGGLE",
    "clan_logo": 0,
    "custom_primary_color": [
        2,
        34,
        99
    ],
    "dash_color": 134,
    "drift_tires": 0,
    "has_collision": true,
    "headlight_color": 255,
    "interior_color": 93,
    "is_visible": true,
    "model_attachments": [],
    "neon_color": [
        102,
        0,
        153
    ],
    "neon_lights": [
        false,
        false,
        false,
        false
    ],
    "pearlescent_color": 74,
    "plate_text": " GYATT  ",
    "plate_text_index": 5,
    "primary_color": 64,
    "radio_station": "RADIO_02_POP",
    "secondary_color": 0,
    "tire_can_burst": 1,
    "vehicle_attachments": [],
    "vehicle_extras": [],
    "vehicle_model_hash": 2100457220,
    "vehicle_window_tint": 3,
    "wheel_color": 112,
    "wheel_type": 12
}