{
    "": "TOGGLE",
    "MOD_ARMOR": [
        4,
        0
    ],
    "MOD_BRAKES": [
        2,
        0
    ],
    "MOD_ENGINE": [
        3,
        0
    ],
    "MOD_FRONTWHEEL": [
        40,
        0
    ],
    "MOD_HORNS": [
        38,
        0
    ],
    "MOD_LIVERY": [
        37,
        0
    ],
    "MOD_RIGHTFENDER": [
        0,
        0
    ],
    "MOD_ROOF": [
        0,
        0
    ],
    "MOD_TRANSMISSION": [
        2,
        0
    ],
    "MOD_TURBO": "TOGGLE",
    "MOD_XENONHEADLIGHTS": "TOGGLE",
    "clan_logo": 0,
    "custom_primary_color": [
        27,
        0,
        63
    ],
    "custom_secondary_color": [
        27,
        0,
        63
    ],
    "dash_color": 0,
    "has_collision": true,
    "headlight_color": 11,
    "interior_color": 0,
    "is_invincible": false,
    "is_visible": true,
    "model_attachments": [],
    "neon_color": [
        27,
        0,
        63
    ],
    "neon_lights": [
        true,
        true,
        true,
        true
    ],
    "pearlescent_color": 148,
    "plate_text": " GIOMAR ",
    "plate_text_index": 5,
    "primary_color": 21,
    "radio_station": "RADIO_04_PUNK",
    "secondary_color": 120,
    "tire_smoke_color": [
        0,
        0,
        0
    ],
    "vehicle_attachments": [],
    "vehicle_extras": [],
    "vehicle_model_hash": 562680400,
    "vehicle_window_tint": 140,
    "wheel_color": 106,
    "wheel_type": 9
}