{
    "MOD_ARMOR": [
        4,
        0
    ],
    "MOD_BRAKES": [
        2,
        0
    ],
    "MOD_ENGINE": [
        3,
        0
    ],
    "MOD_FRONTWHEEL": [
        70,
        0
    ],
    "MOD_HORNS": [
        40,
        0
    ],
    "MOD_LIVERY": [
        25,
        0
    ],
    "MOD_RIGHTFENDER": [
        0,
        0
    ],
    "MOD_ROOF": [
        0,
        0
    ],
    "MOD_TIRESMOKE": "TOGGLE",
    "MOD_TRANSMISSION": [
        2,
        0
    ],
    "MOD_TURBO": "TOGGLE",
    "MOD_XENONHEADLIGHTS": "TOGGLE",
    "clan_logo": 0,
    "custom_primary_color": [
        53,
        5,
        255
    ],
    "dash_color": 0,
    "drift_tires": 0,
    "has_collision": true,
    "headlight_color": 11,
    "interior_color": 0,
    "is_visible": true,
    "model_attachments": [],
    "neon_color": [
        88,
        51,
        237
    ],
    "neon_lights": [
        true,
        true,
        true,
        true
    ],
    "pearlescent_color": 160,
    "plate_text": "83BGU006",
    "plate_text_index": 0,
    "primary_color": 0,
    "radio_station": "RADIO_02_POP",
    "secondary_color": 154,
    "tire_can_burst": 0,
    "tire_smoke_color": [
        53,
        5,
        255
    ],
    "vehicle_attachments": [],
    "vehicle_extras": [],
    "vehicle_model_hash": 562680400,
    "vehicle_window_tint": 1,
    "wheel_color": 71,
    "wheel_type": 10
}