{
    "": [
        -1,
        0
    ],
    "MOD_ARMOR": [
        4,
        0
    ],
    "MOD_BRAKES": [
        2,
        0
    ],
    "MOD_ENGINE": [
        3,
        0
    ],
    "MOD_FRONTWHEEL": [
        177,
        0
    ],
    "MOD_HORNS": [
        -1,
        0
    ],
    "MOD_LIVERY": [
        25,
        0
    ],
    "MOD_RIGHTFENDER": [
        0,
        0
    ],
    "MOD_ROOF": [
        0,
        0
    ],
    "MOD_TIRESMOKE": "TOGGLE",
    "MOD_TRANSMISSION": [
        2,
        0
    ],
    "MOD_TURBO": "TOGGLE",
    "MOD_XENONHEADLIGHTS": "TOGGLE",
    "dash_color": 0,
    "drift_tires": 0,
    "headlight_color": 1,
    "interior_color": 0,
    "neon_color": [
        255,
        0,
        255
    ],
    "neon_lights": [
        false,
        false,
        false,
        false
    ],
    "pearlescent_color": 0,
    "plate_text": "  DSFV  ",
    "plate_text_index": 0,
    "primary_color": 194,
    "secondary_color": 194,
    "tire_can_burst": 0,
    "tire_smoke_color": [
        0,
        0,
        0
    ],
    "vehicle_extras": [],
    "vehicle_model_hash": 562680400,
    "vehicle_window_tint": 1,
    "wheel_color": 166,
    "wheel_type": 9
}