{
    "": [
        -1,
        0
    ],
    "MOD_ARMOR": [
        4,
        0
    ],
    "MOD_BRAKES": [
        2,
        0
    ],
    "MOD_ENGINE": [
        3,
        0
    ],
    "MOD_EXHAUST": [
        0,
        0
    ],
    "MOD_FENDER": [
        -1,
        0
    ],
    "MOD_FRONTBUMPER": [
        -1,
        0
    ],
    "MOD_FRONTWHEEL": [
        178,
        0
    ],
    "MOD_HOOD": [
        3,
        0
    ],
    "MOD_HORNS": [
        -1,
        0
    ],
    "MOD_LIVERY": [
        25,
        0
    ],
    "MOD_REARBUMPER": [
        -1,
        0
    ],
    "MOD_ROOF": [
        2,
        0
    ],
    "MOD_SPOILERS": [
        1,
        0
    ],
    "MOD_SUSPENSION": [
        2,
        0
    ],
    "MOD_TIRESMOKE": "TOGGLE",
    "MOD_TRANSMISSION": [
        3,
        0
    ],
    "MOD_TURBO": "TOGGLE",
    "MOD_XENONHEADLIGHTS": "TOGGLE",
    "dash_color": 93,
    "drift_tires": 0,
    "headlight_color": 0,
    "interior_color": 93,
    "neon_color": [
        23,
        85,
        230
    ],
    "neon_lights": [
        true,
        true,
        true,
        true
    ],
    "pearlescent_color": 0,
    "plate_text": "PANTHER ",
    "plate_text_index": 9,
    "primary_color": 198,
    "secondary_color": 198,
    "tire_can_burst": 0,
    "tire_smoke_color": [
        0,
        0,
        0
    ],
    "vehicle_extras": [],
    "vehicle_model_hash": 159274291,
    "vehicle_window_tint": 1,
    "wheel_color": 213,
    "wheel_type": 8
}