{
    "MOD_ARMOR": [
        4,
        0
    ],
    "MOD_BRAKES": [
        2,
        0
    ],
    "MOD_ENGINE": [
        3,
        0
    ],
    "MOD_EXHAUST": [
        7,
        0
    ],
    "MOD_FENDER": [
        1,
        0
    ],
    "MOD_FRAME": [
        3,
        0
    ],
    "MOD_FRONTBUMPER": [
        3,
        0
    ],
    "MOD_FRONTWHEEL": [
        102,
        0
    ],
    "MOD_GRILLE": [
        1,
        0
    ],
    "MOD_HOOD": [
        5,
        0
    ],
    "MOD_LIVERY": [
        3,
        0
    ],
    "MOD_RIGHTFENDER": [
        2,
        0
    ],
    "MOD_ROOF": [
        5,
        0
    ],
    "MOD_SIDESKIRT": [
        4,
        0
    ],
    "MOD_SPOILERS": [
        1,
        0
    ],
    "MOD_SUSPENSION": [
        1,
        0
    ],
    "MOD_TIRESMOKE": "TOGGLE",
    "MOD_TRANSMISSION": [
        2,
        0
    ],
    "MOD_TURBO": "TOGGLE",
    "MOD_XENONHEADLIGHTS": "TOGGLE",
    "clan_logo": 0,
    "custom_primary_color": [
        210,
        125,
        140
    ],
    "dash_color": 3,
    "drift_tires": 0,
    "has_collision": true,
    "headlight_color": 9,
    "interior_color": 160,
    "is_visible": true,
    "model_attachments": [],
    "neon_color": [
        80,
        0,
        30
    ],
    "neon_lights": [
        true,
        true,
        true,
        true
    ],
    "pearlescent_color": 135,
    "plate_text": "        ",
    "plate_text_index": 0,
    "primary_color": 145,
    "radio_station": "RADIO_14_DANCE_02",
    "secondary_color": 135,
    "tire_can_burst": 0,
    "tire_smoke_color": [
        255,
        255,
        255
    ],
    "vehicle_attachments": [],
    "vehicle_extras": [],
    "vehicle_model_hash": 1118611807,
    "vehicle_window_tint": 2,
    "wheel_color": 135,
    "wheel_type": 12
}