{
    "": "TOGGLE",
    "MOD_ARMOR": [
        4,
        0
    ],
    "MOD_BRAKES": [
        2,
        0
    ],
    "MOD_ENGINE": [
        3,
        0
    ],
    "MOD_EXHAUST": [
        7,
        0
    ],
    "MOD_FENDER": [
        2,
        0
    ],
    "MOD_FRAME": [
        2,
        0
    ],
    "MOD_FRONTBUMPER": [
        1,
        0
    ],
    "MOD_FRONTWHEEL": [
        51,
        0
    ],
    "MOD_GRILLE": [
        0,
        0
    ],
    "MOD_HOOD": [
        2,
        0
    ],
    "MOD_HORNS": [
        38,
        0
    ],
    "MOD_ORNAMENTS": [
        5,
        0
    ],
    "MOD_REARBUMPER": [
        2,
        0
    ],
    "MOD_ROOF": [
        3,
        0
    ],
    "MOD_SIDESKIRT": [
        4,
        0
    ],
    "MOD_SPOILERS": [
        0,
        0
    ],
    "MOD_SUSPENSION": [
        3,
        0
    ],
    "MOD_TIRESMOKE": "TOGGLE",
    "MOD_TRANSMISSION": [
        2,
        0
    ],
    "MOD_TURBO": "TOGGLE",
    "MOD_XENONHEADLIGHTS": "TOGGLE",
    "clan_logo": 0,
    "custom_primary_color": [
        169,
        124,
        30
    ],
    "custom_secondary_color": [
        95,
        255,
        43
    ],
    "dash_color": 160,
    "drift_tires": 0,
    "has_collision": true,
    "headlight_color": 5,
    "interior_color": 160,
    "is_visible": true,
    "model_attachments": [],
    "neon_color": [
        255,
        255,
        0
    ],
    "neon_lights": [
        true,
        true,
        true,
        true
    ],
    "pearlescent_color": 160,
    "plate_text": " FRANXU ",
    "plate_text_index": 5,
    "primary_color": 118,
    "radio_station": "RADIO_02_POP",
    "secondary_color": 120,
    "tire_can_burst": 0,
    "tire_smoke_color": [
        252,
        238,
        0
    ],
    "vehicle_attachments": [],
    "vehicle_extras": [],
    "vehicle_model_hash": 3553846961,
    "vehicle_window_tint": 6,
    "wheel_color": 160,
    "wheel_type": 8
}