{
    "": "TOGGLE",
    "MOD_ARMOR": [
        4,
        0
    ],
    "MOD_BRAKES": [
        2,
        0
    ],
    "MOD_ENGINE": [
        3,
        0
    ],
    "MOD_ENGINEBLOCK": [
        2,
        0
    ],
    "MOD_EXHAUST": [
        4,
        0
    ],
    "MOD_FRONTWHEEL": [
        1,
        0
    ],
    "MOD_HOOD": [
        3,
        0
    ],
    "MOD_LIVERY": [
        4,
        0
    ],
    "MOD_SIDESKIRT": [
        1,
        0
    ],
    "MOD_STEERINGWHEELS": [
        1,
        0
    ],
    "MOD_STRUTS": [
        4,
        0
    ],
    "MOD_SUSPENSION": [
        2,
        0
    ],
    "MOD_TRANSMISSION": [
        2,
        0
    ],
    "MOD_TURBO": "TOGGLE",
    "clan_logo": 0,
    "custom_primary_color": [
        255,
        0,
        0
    ],
    "custom_secondary_color": [
        255,
        0,
        0
    ],
    "dash_color": 134,
    "drift_tires": 0,
    "has_collision": true,
    "headlight_color": 255,
    "interior_color": 31,
    "is_visible": true,
    "model_attachments": [],
    "neon_color": [
        255,
        0,
        255
    ],
    "neon_lights": [
        false,
        false,
        false,
        false
    ],
    "pearlescent_color": 0,
    "plate_text": "86SVJ048",
    "plate_text_index": 4,
    "primary_color": 64,
    "radio_station": "RADIO_36_AUDIOPLAYER",
    "secondary_color": 64,
    "tire_can_burst": 0,
    "vehicle_attachments": [],
    "vehicle_extras": [
        [
            1,
            true
        ],
        [
            2,
            false
        ]
    ],
    "vehicle_model_hash": 633712403,
    "vehicle_window_tint": 0,
    "wheel_color": 28,
    "wheel_type": 4
}