{
    "MOD_ARMOR": [
        4,
        0
    ],
    "MOD_BRAKES": [
        2,
        0
    ],
    "MOD_DASHBOARD": [
        2,
        0
    ],
    "MOD_DOORSPEAKERS": [
        3,
        0
    ],
    "MOD_ENGINE": [
        3,
        0
    ],
    "MOD_ENGINEBLOCK": [
        3,
        0
    ],
    "MOD_EXHAUST": [
        4,
        0
    ],
    "MOD_FENDER": [
        1,
        0
    ],
    "MOD_FRONTBUMPER": [
        5,
        0
    ],
    "MOD_FRONTWHEEL": [
        74,
        0
    ],
    "MOD_GRILLE": [
        3,
        0
    ],
    "MOD_HOOD": [
        8,
        0
    ],
    "MOD_HORNS": [
        57,
        0
    ],
    "MOD_ORNAMENTS": [
        44,
        0
    ],
    "MOD_SEATS": [
        12,
        0
    ],
    "MOD_SIDESKIRT": [
        4,
        0
    ],
    "MOD_SPOILERS": [
        4,
        0
    ],
    "MOD_STEERINGWHEELS": [
        15,
        0
    ],
    "MOD_STRUTS": [
        10,
        0
    ],
    "MOD_SUSPENSION": [
        2,
        0
    ],
    "MOD_TIRESMOKE": "TOGGLE",
    "MOD_TRANSMISSION": [
        2,
        0
    ],
    "MOD_TURBO": "TOGGLE",
    "clan_logo": 0,
    "custom_primary_color": [
        99,
        27,
        240
    ],
    "custom_secondary_color": [
        99,
        27,
        240
    ],
    "dash_color": 31,
    "drift_tires": 0,
    "has_collision": true,
    "headlight_color": 255,
    "interior_color": 134,
    "is_visible": true,
    "model_attachments": [],
    "neon_color": [
        99,
        27,
        240
    ],
    "neon_lights": [
        true,
        true,
        true,
        true
    ],
    "pearlescent_color": 112,
    "plate_text": "        ",
    "plate_text_index": 5,
    "primary_color": 150,
    "radio_station": "RADIO_34_DLC_HEI4_KULT",
    "secondary_color": 150,
    "tire_can_burst": 0,
    "tire_smoke_color": [
        255,
        255,
        255
    ],
    "vehicle_attachments": [],
    "vehicle_extras": [
        [
            1,
            false
        ],
        [
            2,
            true
        ]
    ],
    "vehicle_model_hash": 633712403,
    "vehicle_window_tint": 1,
    "wheel_color": 12,
    "wheel_type": 9
}