{
    "": "TOGGLE",
    "MOD_ARMOR": [
        4,
        0
    ],
    "MOD_BRAKES": [
        2,
        0
    ],
    "MOD_DASHBOARD": [
        1,
        0
    ],
    "MOD_DOORSPEAKERS": [
        2,
        0
    ],
    "MOD_ENGINE": [
        3,
        0
    ],
    "MOD_ENGINEBLOCK": [
        3,
        0
    ],
    "MOD_EXHAUST": [
        4,
        0
    ],
    "MOD_FENDER": [
        0,
        0
    ],
    "MOD_FRONTBUMPER": [
        3,
        0
    ],
    "MOD_FRONTWHEEL": [
        115,
        0
    ],
    "MOD_GRILLE": [
        0,
        0
    ],
    "MOD_HOOD": [
        6,
        0
    ],
    "MOD_HORNS": [
        42,
        0
    ],
    "MOD_LIVERY": [
        2,
        0
    ],
    "MOD_ORNAMENTS": [
        20,
        0
    ],
    "MOD_SEATS": [
        12,
        0
    ],
    "MOD_SIDESKIRT": [
        3,
        0
    ],
    "MOD_SPOILERS": [
        0,
        0
    ],
    "MOD_STEERINGWHEELS": [
        14,
        0
    ],
    "MOD_STRUTS": [
        10,
        0
    ],
    "MOD_SUSPENSION": [
        2,
        0
    ],
    "MOD_TIRESMOKE": "TOGGLE",
    "MOD_TRANSMISSION": [
        2,
        0
    ],
    "MOD_TURBO": "TOGGLE",
    "MOD_XENONHEADLIGHTS": "TOGGLE",
    "clan_logo": 0,
    "custom_primary_color": [
        0,
        0,
        0
    ],
    "custom_secondary_color": [
        0,
        0,
        0
    ],
    "dash_color": 0,
    "drift_tires": 0,
    "has_collision": true,
    "headlight_color": 255,
    "interior_color": 150,
    "is_visible": true,
    "model_attachments": [],
    "neon_color": [
        3,
        83,
        255
    ],
    "neon_lights": [
        true,
        true,
        true,
        true
    ],
    "pearlescent_color": 102,
    "plate_text": "JUANSEE ",
    "plate_text_index": 1,
    "primary_color": 5,
    "radio_station": "RADIO_09_HIPHOP_OLD",
    "secondary_color": 0,
    "tire_can_burst": 0,
    "tire_smoke_color": [
        255,
        255,
        255
    ],
    "vehicle_attachments": [],
    "vehicle_extras": [
        [
            1,
            false
        ],
        [
            2,
            false
        ]
    ],
    "vehicle_model_hash": 633712403,
    "vehicle_window_tint": 1,
    "wheel_color": 122,
    "wheel_type": 8
}