{
    "": "TOGGLE",
    "MOD_ARMOR": [
        4,
        0
    ],
    "MOD_BRAKES": [
        2,
        0
    ],
    "MOD_ENGINE": [
        3,
        0
    ],
    "MOD_EXHAUST": [
        19,
        0
    ],
    "MOD_FENDER": [
        8,
        0
    ],
    "MOD_FRAME": [
        28,
        0
    ],
    "MOD_FRONTBUMPER": [
        8,
        0
    ],
    "MOD_FRONTWHEEL": [
        86,
        0
    ],
    "MOD_GRILLE": [
        7,
        0
    ],
    "MOD_HOOD": [
        18,
        0
    ],
    "MOD_HORNS": [
        4,
        0
    ],
    "MOD_LIVERY": [
        23,
        0
    ],
    "MOD_REARBUMPER": [
        8,
        0
    ],
    "MOD_RIGHTFENDER": [
        8,
        0
    ],
    "MOD_ROOF": [
        0,
        0
    ],
    "MOD_SIDESKIRT": [
        2,
        0
    ],
    "MOD_SPOILERS": [
        0,
        0
    ],
    "MOD_TIRESMOKE": "TOGGLE",
    "MOD_TRANSMISSION": [
        2,
        0
    ],
    "MOD_TURBO": "TOGGLE",
    "MOD_VANITYPLATES": [
        0,
        0
    ],
    "MOD_XENONHEADLIGHTS": "TOGGLE",
    "clan_logo": 0,
    "custom_primary_color": [
        66,
        3,
        255
    ],
    "custom_secondary_color": [
        66,
        3,
        255
    ],
    "dash_color": 0,
    "drift_tires": 0,
    "has_collision": true,
    "headlight_color": 255,
    "interior_color": 155,
    "is_visible": true,
    "model_attachments": [],
    "neon_color": [
        255,
        0,
        255
    ],
    "neon_lights": [
        false,
        false,
        false,
        false
    ],
    "pearlescent_color": 135,
    "plate_text": "86LVR556",
    "plate_text_index": 0,
    "primary_color": 12,
    "radio_station": "RADIO_21_DLC_XM17",
    "secondary_color": 11,
    "tire_can_burst": 0,
    "tire_smoke_color": [
        0,
        0,
        0
    ],
    "vehicle_attachments": [],
    "vehicle_extras": [],
    "vehicle_model_hash": 4081974053,
    "vehicle_window_tint": 1,
    "wheel_color": 0,
    "wheel_type": 8
}