{
    "": "TOGGLE",
    "MOD_ARMOR": [
        4,
        0
    ],
    "MOD_BRAKES": [
        2,
        0
    ],
    "MOD_ENGINE": [
        3,
        0
    ],
    "MOD_FRONTWHEEL": [
        3,
        0
    ],
    "MOD_HORNS": [
        57,
        0
    ],
    "MOD_REARWHEEL": [
        3,
        0
    ],
    "MOD_TIRESMOKE": "TOGGLE",
    "MOD_TRANSMISSION": [
        2,
        0
    ],
    "MOD_TURBO": "TOGGLE",
    "MOD_XENONHEADLIGHTS": "TOGGLE",
    "clan_logo": 0,
    "custom_primary_color": [
        12,
        12,
        12
    ],
    "custom_secondary_color": [
        12,
        12,
        12
    ],
    "dash_color": 0,
    "has_collision": true,
    "headlight_color": 255,
    "interior_color": 0,
    "is_invincible": false,
    "is_visible": true,
    "model_attachments": [],
    "neon_color": [
        255,
        0,
        255
    ],
    "neon_lights": [
        false,
        false,
        false,
        false
    ],
    "pearlescent_color": 150,
    "plate_text": "DUCATI 8",
    "plate_text_index": 4,
    "primary_color": 4,
    "radio_station": "RADIO_36_AUDIOPLAYER",
    "secondary_color": 4,
    "tire_smoke_color": [
        1,
        0,
        0
    ],
    "vehicle_attachments": [],
    "vehicle_extras": [],
    "vehicle_model_hash": 4180675781,
    "vehicle_window_tint": 1,
    "wheel_color": 27,
    "wheel_type": 6
}