{
    "MOD_ARMOR": [
        4,
        0
    ],
    "MOD_BRAKES": [
        2,
        0
    ],
    "MOD_ENGINE": [
        3,
        0
    ],
    "MOD_FRONTWHEEL": [
        92,
        0
    ],
    "MOD_HORNS": [
        44,
        0
    ],
    "MOD_SUSPENSION": [
        3,
        0
    ],
    "MOD_TRANSMISSION": [
        2,
        0
    ],
    "MOD_XENONHEADLIGHTS": "TOGGLE",
    "clan_logo": 0,
    "custom_primary_color": [
        106,
        220,
        168
    ],
    "custom_secondary_color": [
        106,
        220,
        168
    ],
    "dash_color": 150,
    "drift_tires": 0,
    "has_collision": true,
    "headlight_color": 4,
    "interior_color": 0,
    "is_visible": true,
    "model_attachments": [],
    "neon_color": [
        106,
        220,
        168
    ],
    "neon_lights": [
        true,
        true,
        true,
        true
    ],
    "pearlescent_color": 147,
    "plate_text": "57EIG117",
    "plate_text_index": 12,
    "primary_color": 126,
    "radio_station": "RADIO_02_POP",
    "secondary_color": 3,
    "tire_can_burst": 0,
    "vehicle_attachments": [],
    "vehicle_extras": [
        [
            5,
            false
        ],
        [
            10,
            false
        ],
        [
            11,
            false
        ]
    ],
    "vehicle_model_hash": 850565707,
    "vehicle_window_tint": 0,
    "wheel_color": 52,
    "wheel_type": 8
}