{
    "has_collision": true,
    "is_invincible": false,
    "is_visible": true,
    "model_attachments": [],
    "pearlescent_color": 28,
    "plate_text": "00GPL239",
    "plate_text_index": 0,
    "primary_color": 118,
    "radio_station": "RADIO_18_90S_ROCK",
    "secondary_color": 0,
    "vehicle_attachments": [],
    "vehicle_extras": [
        [
            1,
            true
        ],
        [
            2,
            true
        ]
    ],
    "vehicle_model_hash": 4246935337,
    "vehicle_window_tint": 1,
    "wheel_color": 0
}