{
    "": "TOGGLE",
    "MOD_ARMOR": [
        4,
        0
    ],
    "MOD_BRAKES": [
        2,
        0
    ],
    "MOD_ENGINE": [
        3,
        0
    ],
    "MOD_EXHAUST": [
        4,
        0
    ],
    "MOD_FENDER": [
        3,
        0
    ],
    "MOD_FRONTBUMPER": [
        3,
        0
    ],
    "MOD_FRONTWHEEL": [
        13,
        0
    ],
    "MOD_GRILLE": [
        4,
        0
    ],
    "MOD_HOOD": [
        6,
        0
    ],
    "MOD_LIVERY": [
        12,
        0
    ],
    "MOD_REARBUMPER": [
        2,
        0
    ],
    "MOD_SIDESKIRT": [
        5,
        0
    ],
    "MOD_SUSPENSION": [
        2,
        0
    ],
    "MOD_TRANSMISSION": [
        2,
        0
    ],
    "MOD_TURBO": "TOGGLE",
    "MOD_XENONHEADLIGHTS": "TOGGLE",
    "clan_logo": 0,
    "custom_primary_color": [
        26,
        26,
        26
    ],
    "custom_secondary_color": [
        26,
        26,
        26
    ],
    "dash_color": 0,
    "drift_tires": 0,
    "has_collision": true,
    "headlight_color": 0,
    "interior_color": 0,
    "is_visible": true,
    "model_attachments": [],
    "neon_color": [
        245,
        60,
        166
    ],
    "neon_lights": [
        false,
        false,
        false,
        false
    ],
    "pearlescent_color": 111,
    "plate_text": "00GTD428",
    "plate_text_index": 3,
    "primary_color": 122,
    "radio_station": "RADIO_37_MOTOMAMI",
    "secondary_color": 119,
    "tire_can_burst": 0,
    "vehicle_attachments": [],
    "vehicle_extras": [
        [
            1,
            false
        ]
    ],
    "vehicle_model_hash": 409049982,
    "vehicle_window_tint": 1,
    "wheel_color": 122,
    "wheel_type": 12
}