{
    "": "TOGGLE",
    "MOD_ARMOR": [
        4,
        0
    ],
    "MOD_BRAKES": [
        3,
        0
    ],
    "MOD_ENGINE": [
        3,
        0
    ],
    "MOD_EXHAUST": [
        2,
        0
    ],
    "MOD_FRONTBUMPER": [
        3,
        0
    ],
    "MOD_FRONTWHEEL": [
        123,
        0
    ],
    "MOD_HORNS": [
        57,
        0
    ],
    "MOD_LIVERY": [
        1,
        0
    ],
    "MOD_SIDESKIRT": [
        3,
        0
    ],
    "MOD_SPOILERS": [
        5,
        0
    ],
    "MOD_SUSPENSION": [
        3,
        0
    ],
    "MOD_TIRESMOKE": "TOGGLE",
    "MOD_TRANSMISSION": [
        2,
        0
    ],
    "MOD_TURBO": "TOGGLE",
    "MOD_XENONHEADLIGHTS": "TOGGLE",
    "clan_logo": 0,
    "custom_primary_color": [
        255,
        255,
        255
    ],
    "custom_secondary_color": [
        255,
        255,
        255
    ],
    "dash_color": 156,
    "drift_tires": 0,
    "has_collision": true,
    "headlight_color": 2,
    "interior_color": 8,
    "is_visible": true,
    "model_attachments": [],
    "neon_color": [
        3,
        83,
        255
    ],
    "neon_lights": [
        true,
        true,
        true,
        true
    ],
    "pearlescent_color": 1,
    "plate_text": "DOGONPAI",
    "plate_text_index": 6,
    "primary_color": 10,
    "radio_station": "RADIO_14_DANCE_02",
    "secondary_color": 19,
    "tire_can_burst": 0,
    "tire_smoke_color": [
        0,
        0,
        0
    ],
    "vehicle_attachments": [],
    "vehicle_extras": [
        [
            1,
            false
        ],
        [
            2,
            false
        ],
        [
            3,
            false
        ],
        [
            4,
            false
        ],
        [
            5,
            false
        ],
        [
            6,
            false
        ]
    ],
    "vehicle_model_hash": 1492612435,
    "vehicle_window_tint": 1,
    "wheel_color": 0,
    "wheel_type": 8
}