{
    "MOD_ARMOR": [
        4,
        0
    ],
    "MOD_BRAKES": [
        2,
        0
    ],
    "MOD_ENGINE": [
        3,
        0
    ],
    "MOD_EXHAUST": [
        0,
        0
    ],
    "MOD_FENDER": [
        0,
        0
    ],
    "MOD_FRAME": [
        2,
        0
    ],
    "MOD_FRONTBUMPER": [
        1,
        0
    ],
    "MOD_FRONTWHEEL": [
        46,
        0
    ],
    "MOD_HOOD": [
        4,
        0
    ],
    "MOD_HORNS": [
        1,
        0
    ],
    "MOD_LIVERY": [
        9,
        0
    ],
    "MOD_SIDESKIRT": [
        0,
        0
    ],
    "MOD_SPOILERS": [
        5,
        0
    ],
    "MOD_SUSPENSION": [
        4,
        0
    ],
    "MOD_TIRESMOKE": "TOGGLE",
    "MOD_TRANSMISSION": [
        2,
        0
    ],
    "MOD_TURBO": "TOGGLE",
    "MOD_XENONHEADLIGHTS": "TOGGLE",
    "clan_logo": 0,
    "dash_color": 0,
    "drift_tires": 0,
    "has_collision": true,
    "headlight_color": 255,
    "interior_color": 1,
    "is_visible": true,
    "model_attachments": [],
    "neon_color": [
        94,
        255,
        1
    ],
    "neon_lights": [
        false,
        false,
        false,
        false
    ],
    "pearlescent_color": 27,
    "plate_text": "10S CAR",
    "plate_text_index": 1,
    "primary_color": 38,
    "radio_station": "OFF",
    "secondary_color": 38,
    "tire_can_burst": 0,
    "tire_smoke_color": [
        255,
        127,
        0
    ],
    "vehicle_attachments": [],
    "vehicle_extras": [],
    "vehicle_model_hash": 4080061290,
    "vehicle_window_tint": 1,
    "wheel_color": 156,
    "wheel_type": 0
}