{
    "MOD_ARMOR": [
        4,
        0
    ],
    "MOD_BRAKES": [
        2,
        0
    ],
    "MOD_ENGINE": [
        3,
        0
    ],
    "MOD_EXHAUST": [
        3,
        0
    ],
    "MOD_FENDER": [
        0,
        0
    ],
    "MOD_FRAME": [
        0,
        0
    ],
    "MOD_FRONTBUMPER": [
        3,
        0
    ],
    "MOD_FRONTWHEEL": [
        32,
        0
    ],
    "MOD_GRILLE": [
        9,
        0
    ],
    "MOD_HOOD": [
        3,
        0
    ],
    "MOD_LIVERY": [
        7,
        0
    ],
    "MOD_REARBUMPER": [
        6,
        0
    ],
    "MOD_RIGHTFENDER": [
        7,
        0
    ],
    "MOD_ROOF": [
        7,
        0
    ],
    "MOD_SPOILERS": [
        4,
        0
    ],
    "MOD_SUSPENSION": [
        2,
        0
    ],
    "MOD_TIRESMOKE": "TOGGLE",
    "MOD_TRANSMISSION": [
        2,
        0
    ],
    "MOD_TURBO": "TOGGLE",
    "clan_logo": 0,
    "dash_color": 111,
    "drift_tires": 0,
    "has_collision": true,
    "headlight_color": 255,
    "interior_color": 0,
    "is_visible": true,
    "model_attachments": [],
    "neon_color": [
        0,
        0,
        0
    ],
    "neon_lights": [
        true,
        true,
        true,
        true
    ],
    "pearlescent_color": 0,
    "plate_text": " SHADOW ",
    "plate_text_index": 2,
    "primary_color": 111,
    "radio_station": "RADIO_16_SILVERLAKE",
    "secondary_color": 150,
    "tire_can_burst": 0,
    "tire_smoke_color": [
        0,
        0,
        0
    ],
    "vehicle_attachments": [],
    "vehicle_extras": [],
    "vehicle_model_hash": 3640468689,
    "vehicle_window_tint": 3,
    "wheel_color": 0,
    "wheel_type": 1
}