{
    "": "TOGGLE",
    "MOD_ARCHCOVER": [
        8,
        0
    ],
    "MOD_ARMOR": [
        4,
        0
    ],
    "MOD_BRAKES": [
        2,
        0
    ],
    "MOD_DASHBOARD": [
        4,
        0
    ],
    "MOD_DOORSPEAKERS": [
        7,
        0
    ],
    "MOD_ENGINE": [
        3,
        0
    ],
    "MOD_ENGINEBLOCK": [
        7,
        0
    ],
    "MOD_EXHAUST": [
        4,
        0
    ],
    "MOD_FENDER": [
        5,
        0
    ],
    "MOD_FRAME": [
        4,
        0
    ],
    "MOD_FRONTBUMPER": [
        10,
        0
    ],
    "MOD_FRONTWHEEL": [
        81,
        0
    ],
    "MOD_GRILLE": [
        6,
        0
    ],
    "MOD_HOOD": [
        10,
        0
    ],
    "MOD_HORNS": [
        57,
        0
    ],
    "MOD_LIVERY": [
        17,
        0
    ],
    "MOD_REARBUMPER": [
        6,
        0
    ],
    "MOD_RIGHTFENDER": [
        5,
        0
    ],
    "MOD_ROOF": [
        13,
        0
    ],
    "MOD_SEATS": [
        13,
        0
    ],
    "MOD_SIDESKIRT": [
        2,
        0
    ],
    "MOD_SPOILERS": [
        12,
        0
    ],
    "MOD_STEERINGWHEELS": [
        15,
        0
    ],
    "MOD_SUSPENSION": [
        4,
        0
    ],
    "MOD_TRANSMISSION": [
        2,
        0
    ],
    "MOD_TRIMDESIGN": [
        9,
        0
    ],
    "MOD_TRUNK": [
        10,
        0
    ],
    "MOD_TURBO": "TOGGLE",
    "MOD_XENONHEADLIGHTS": "TOGGLE",
    "clan_logo": 0,
    "custom_primary_color": [
        175,
        102,
        5
    ],
    "custom_secondary_color": [
        175,
        102,
        5
    ],
    "dash_color": 0,
    "has_collision": true,
    "headlight_color": 2,
    "interior_color": 0,
    "is_invincible": false,
    "is_visible": true,
    "model_attachments": [],
    "neon_color": [
        3,
        83,
        255
    ],
    "neon_lights": [
        true,
        true,
        true,
        true
    ],
    "pearlescent_color": 6,
    "plate_text": "PUTOS N ",
    "plate_text_index": 5,
    "primary_color": 29,
    "radio_station": "RADIO_27_DLC_PRHEI4",
    "secondary_color": 29,
    "tire_smoke_color": [
        252,
        238,
        0
    ],
    "vehicle_attachments": [],
    "vehicle_extras": [],
    "vehicle_model_hash": 15214558,
    "vehicle_window_tint": 6,
    "wheel_color": 70,
    "wheel_type": 8
}