{
    "MOD_ARCHCOVER": [
        0,
        0
    ],
    "MOD_ARMOR": [
        4,
        0
    ],
    "MOD_BRAKES": [
        2,
        0
    ],
    "MOD_ENGINE": [
        3,
        0
    ],
    "MOD_ENGINEBLOCK": [
        4,
        0
    ],
    "MOD_EXHAUST": [
        3,
        0
    ],
    "MOD_FENDER": [
        6,
        0
    ],
    "MOD_FRAME": [
        3,
        0
    ],
    "MOD_FRONTBUMPER": [
        6,
        0
    ],
    "MOD_FRONTWHEEL": [
        19,
        0
    ],
    "MOD_GRILLE": [
        5,
        0
    ],
    "MOD_HORNS": [
        55,
        0
    ],
    "MOD_LIVERY": [
        3,
        0
    ],
    "MOD_REARBUMPER": [
        1,
        0
    ],
    "MOD_RIGHTFENDER": [
        4,
        0
    ],
    "MOD_ROOF": [
        10,
        0
    ],
    "MOD_SEATS": [
        4,
        0
    ],
    "MOD_SIDESKIRT": [
        2,
        0
    ],
    "MOD_SPOILERS": [
        6,
        0
    ],
    "MOD_STEERINGWHEELS": [
        6,
        0
    ],
    "MOD_SUSPENSION": [
        1,
        0
    ],
    "MOD_TRANSMISSION": [
        2,
        0
    ],
    "MOD_TRIMDESIGN": [
        3,
        0
    ],
    "MOD_TRUNK": [
        5,
        0
    ],
    "MOD_TURBO": "TOGGLE",
    "clan_logo": 0,
    "custom_primary_color": [
        0,
        179,
        97
    ],
    "custom_secondary_color": [
        0,
        179,
        97
    ],
    "dash_color": 3,
    "drift_tires": 0,
    "has_collision": true,
    "headlight_color": 255,
    "interior_color": 156,
    "is_visible": true,
    "model_attachments": [],
    "neon_color": [
        197,
        79,
        226
    ],
    "neon_lights": [
        true,
        true,
        true,
        true
    ],
    "pearlescent_color": 6,
    "plate_text": "        ",
    "plate_text_index": 0,
    "primary_color": 29,
    "radio_station": "RADIO_17_FUNK",
    "secondary_color": 29,
    "tire_can_burst": 0,
    "vehicle_attachments": [],
    "vehicle_extras": [],
    "vehicle_model_hash": 15214558,
    "vehicle_window_tint": 0,
    "wheel_color": 136,
    "wheel_type": 8
}