{
    "": "TOGGLE",
    "MOD_ARMOR": [
        4,
        0
    ],
    "MOD_BRAKES": [
        2,
        0
    ],
    "MOD_ENGINE": [
        3,
        0
    ],
    "MOD_FENDER": [
        3,
        0
    ],
    "MOD_FRONTBUMPER": [
        0,
        0
    ],
    "MOD_FRONTWHEEL": [
        3,
        0
    ],
    "MOD_LIVERY": [
        7,
        0
    ],
    "MOD_REARBUMPER": [
        0,
        0
    ],
    "MOD_SIDESKIRT": [
        4,
        0
    ],
    "MOD_SUSPENSION": [
        2,
        0
    ],
    "MOD_TRANSMISSION": [
        2,
        0
    ],
    "MOD_TURBO": "TOGGLE",
    "clan_logo": 0,
    "custom_primary_color": [
        37,
        37,
        37
    ],
    "custom_secondary_color": [
        37,
        37,
        37
    ],
    "dash_color": 111,
    "drift_tires": 0,
    "has_collision": true,
    "headlight_color": 255,
    "interior_color": 13,
    "is_visible": true,
    "model_attachments": [],
    "neon_color": [
        255,
        0,
        255
    ],
    "neon_lights": [
        false,
        false,
        false,
        false
    ],
    "pearlescent_color": 0,
    "plate_text": "67QSW381",
    "plate_text_index": 4,
    "primary_color": 49,
    "radio_station": "RADIO_19_USER",
    "secondary_color": 49,
    "tire_can_burst": 1,
    "vehicle_attachments": [],
    "vehicle_extras": [
        [
            1,
            true
        ],
        [
            2,
            true
        ]
    ],
    "vehicle_model_hash": 2361724968,
    "vehicle_window_tint": 0,
    "wheel_color": 100,
    "wheel_type": 1
}