{
    "": "TOGGLE",
    "MOD_AIRFILTER": [
        3,
        0
    ],
    "MOD_ARCHCOVER": [
        6,
        0
    ],
    "MOD_ARMOR": [
        4,
        0
    ],
    "MOD_BRAKES": [
        2,
        0
    ],
    "MOD_ENGINE": [
        3,
        0
    ],
    "MOD_EXHAUST": [
        4,
        0
    ],
    "MOD_FENDER": [
        1,
        0
    ],
    "MOD_FRAME": [
        2,
        0
    ],
    "MOD_FRONTBUMPER": [
        2,
        0
    ],
    "MOD_FRONTWHEEL": [
        90,
        0
    ],
    "MOD_GRILLE": [
        2,
        0
    ],
    "MOD_HOOD": [
        2,
        0
    ],
    "MOD_HORNS": [
        57,
        0
    ],
    "MOD_LIVERY": [
        3,
        0
    ],
    "MOD_PLAQUES": [
        1,
        0
    ],
    "MOD_REARBUMPER": [
        2,
        0
    ],
    "MOD_RIGHTFENDER": [
        4,
        0
    ],
    "MOD_ROOF": [
        3,
        0
    ],
    "MOD_SIDESKIRT": [
        1,
        0
    ],
    "MOD_STRUTS": [
        2,
        0
    ],
    "MOD_SUSPENSION": [
        3,
        0
    ],
    "MOD_TANK": [
        1,
        0
    ],
    "MOD_TRANSMISSION": [
        2,
        0
    ],
    "MOD_TRIM": [
        0,
        0
    ],
    "MOD_TURBO": "TOGGLE",
    "MOD_XENONHEADLIGHTS": "TOGGLE",
    "clan_logo": 0,
    "custom_primary_color": [
        52,
        60,
        50
    ],
    "dash_color": 0,
    "has_collision": true,
    "headlight_color": 4,
    "interior_color": 0,
    "is_invincible": false,
    "is_visible": true,
    "model_attachments": [],
    "neon_color": [
        94,
        255,
        1
    ],
    "neon_lights": [
        true,
        true,
        true,
        true
    ],
    "pearlescent_color": 157,
    "plate_text": " PUTOS  ",
    "plate_text_index": 5,
    "primary_color": 0,
    "radio_station": "OFF",
    "secondary_color": 120,
    "tire_smoke_color": [
        114,
        204,
        114
    ],
    "vehicle_attachments": [],
    "vehicle_extras": [],
    "vehicle_model_hash": 2139203625,
    "vehicle_window_tint": 6,
    "wheel_color": 49,
    "wheel_type": 8
}