{
    "": "TOGGLE",
    "MOD_AIRFILTER": [
        3,
        0
    ],
    "MOD_ARCHCOVER": [
        6,
        0
    ],
    "MOD_ARMOR": [
        4,
        0
    ],
    "MOD_BRAKES": [
        2,
        0
    ],
    "MOD_ENGINE": [
        3,
        0
    ],
    "MOD_EXHAUST": [
        0,
        0
    ],
    "MOD_FENDER": [
        0,
        0
    ],
    "MOD_FRAME": [
        2,
        0
    ],
    "MOD_FRONTBUMPER": [
        0,
        0
    ],
    "MOD_FRONTWHEEL": [
        88,
        0
    ],
    "MOD_GRILLE": [
        0,
        0
    ],
    "MOD_HOOD": [
        1,
        0
    ],
    "MOD_HORNS": [
        57,
        0
    ],
    "MOD_LIVERY": [
        14,
        0
    ],
    "MOD_REARBUMPER": [
        1,
        0
    ],
    "MOD_RIGHTFENDER": [
        4,
        0
    ],
    "MOD_SIDESKIRT": [
        1,
        0
    ],
    "MOD_STRUTS": [
        2,
        0
    ],
    "MOD_SUSPENSION": [
        3,
        0
    ],
    "MOD_TANK": [
        1,
        0
    ],
    "MOD_TRANSMISSION": [
        2,
        0
    ],
    "MOD_TRIM": [
        0,
        0
    ],
    "MOD_TURBO": "TOGGLE",
    "MOD_XENONHEADLIGHTS": "TOGGLE",
    "clan_logo": 0,
    "custom_primary_color": [
        73,
        0,
        255
    ],
    "dash_color": 160,
    "has_collision": true,
    "headlight_color": 11,
    "interior_color": 160,
    "is_invincible": false,
    "is_visible": true,
    "model_attachments": [],
    "neon_color": [
        35,
        1,
        255
    ],
    "neon_lights": [
        true,
        true,
        true,
        true
    ],
    "pearlescent_color": 160,
    "plate_text": " PUTOS  ",
    "plate_text_index": 5,
    "primary_color": 0,
    "radio_station": "OFF",
    "secondary_color": 120,
    "tire_smoke_color": [
        100,
        79,
        142
    ],
    "vehicle_attachments": [],
    "vehicle_extras": [],
    "vehicle_model_hash": 2403970600,
    "vehicle_window_tint": 6,
    "wheel_color": 145,
    "wheel_type": 8
}