{
    "": "TOGGLE",
    "MOD_AIRFILTER": [
        3,
        0
    ],
    "MOD_ARMOR": [
        4,
        0
    ],
    "MOD_BRAKES": [
        2,
        0
    ],
    "MOD_COLUMNSHIFTERLEVERS": [
        8,
        0
    ],
    "MOD_DIALDESIGN": [
        13,
        0
    ],
    "MOD_ENGINE": [
        3,
        0
    ],
    "MOD_ENGINEBLOCK": [
        4,
        0
    ],
    "MOD_EXHAUST": [
        0,
        0
    ],
    "MOD_FENDER": [
        0,
        0
    ],
    "MOD_FRONTBUMPER": [
        0,
        0
    ],
    "MOD_FRONTWHEEL": [
        78,
        0
    ],
    "MOD_GRILLE": [
        0,
        0
    ],
    "MOD_HOOD": [
        3,
        0
    ],
    "MOD_HORNS": [
        57,
        0
    ],
    "MOD_HYDRAULICS": [
        3,
        0
    ],
    "MOD_LIVERY": [
        8,
        0
    ],
    "MOD_ORNAMENTS": [
        23,
        0
    ],
    "MOD_PLAQUES": [
        21,
        0
    ],
    "MOD_PLATEHOLDER": [
        12,
        0
    ],
    "MOD_REARBUMPER": [
        1,
        0
    ],
    "MOD_REARWHEEL": [
        0,
        0
    ],
    "MOD_SPEAKERS": [
        3,
        0
    ],
    "MOD_STEERINGWHEELS": [
        15,
        0
    ],
    "MOD_TANK": [
        1,
        0
    ],
    "MOD_TRANSMISSION": [
        2,
        0
    ],
    "MOD_TRIMDESIGN": [
        4,
        0
    ],
    "MOD_TRUNK": [
        6,
        0
    ],
    "MOD_TURBO": "TOGGLE",
    "MOD_VANITYPLATES": [
        15,
        0
    ],
    "MOD_XENONHEADLIGHTS": "TOGGLE",
    "clan_logo": 0,
    "custom_primary_color": [
        40,
        0,
        109
    ],
    "dash_color": 35,
    "has_collision": true,
    "headlight_color": 11,
    "interior_color": 35,
    "is_invincible": false,
    "is_visible": true,
    "model_attachments": [],
    "neon_color": [
        35,
        1,
        255
    ],
    "neon_lights": [
        true,
        true,
        true,
        true
    ],
    "pearlescent_color": 35,
    "plate_text": " PUTOS  ",
    "plate_text_index": 5,
    "primary_color": 34,
    "radio_station": "OFF",
    "secondary_color": 120,
    "tire_smoke_color": [
        100,
        79,
        142
    ],
    "vehicle_attachments": [],
    "vehicle_extras": [
        [
            1,
            false
        ],
        [
            2,
            true
        ],
        [
            3,
            true
        ],
        [
            4,
            false
        ]
    ],
    "vehicle_model_hash": 3281516360,
    "vehicle_window_tint": 6,
    "wheel_color": 30,
    "wheel_type": 8
}