{
    "clan_logo": 0,
    "custom_primary_color": [
        131,
        255,
        123
    ],
    "custom_secondary_color": [
        131,
        255,
        123
    ],
    "dash_color": 0,
    "has_collision": true,
    "headlight_color": 255,
    "interior_color": 0,
    "is_invincible": false,
    "is_visible": true,
    "model_attachments": [],
    "neon_color": [
        133,
        255,
        124
    ],
    "neon_lights": [
        true,
        true,
        true,
        true
    ],
    "pearlescent_color": 111,
    "plate_text": "  777   ",
    "plate_text_index": 5,
    "primary_color": 111,
    "radio_station": "RADIO_20_THELAB",
    "secondary_color": 0,
    "vehicle_attachments": [],
    "vehicle_extras": [],
    "vehicle_model_hash": 3675036420,
    "vehicle_window_tint": 1,
    "wheel_color": 134,
    "wheel_type": 8
}