{
    "": [
        3,
        0
    ],
    "MOD_ARMOR": [
        4,
        0
    ],
    "MOD_BRAKES": [
        2,
        0
    ],
    "MOD_FENDER": [
        0,
        0
    ],
    "MOD_FRAME": [
        0,
        0
    ],
    "MOD_FRONTBUMPER": [
        9,
        0
    ],
    "MOD_FRONTWHEEL": [
        97,
        0
    ],
    "MOD_GRILLE": [
        1,
        0
    ],
    "MOD_HOOD": [
        2,
        0
    ],
    "MOD_HORNS": [
        38,
        0
    ],
    "MOD_LIVERY": [
        1,
        0
    ],
    "MOD_REARBUMPER": [
        2,
        0
    ],
    "MOD_RIGHTFENDER": [
        0,
        0
    ],
    "MOD_ROOF": [
        11,
        0
    ],
    "MOD_SIDESKIRT": [
        9,
        0
    ],
    "MOD_SPOILERS": [
        2,
        0
    ],
    "MOD_SUSPENSION": [
        3,
        0
    ],
    "MOD_TIRESMOKE": "TOGGLE",
    "MOD_TRANSMISSION": [
        2,
        0
    ],
    "MOD_TRIM": [
        1,
        0
    ],
    "MOD_TURBO": "TOGGLE",
    "MOD_XENONHEADLIGHTS": "TOGGLE",
    "clan_logo": 0,
    "custom_primary_color": [
        255,
        0,
        0
    ],
    "dash_color": 134,
    "drift_tires": 0,
    "has_collision": true,
    "headlight_color": 8,
    "interior_color": 93,
    "is_visible": true,
    "model_attachments": [],
    "neon_color": [
        0,
        0,
        0
    ],
    "neon_lights": [
        true,
        true,
        true,
        true
    ],
    "pearlescent_color": 89,
    "plate_text": "DERROCE ",
    "plate_text_index": 2,
    "primary_color": 120,
    "radio_station": "RADIO_27_DLC_PRHEI4",
    "secondary_color": 111,
    "tire_can_burst": 0,
    "tire_smoke_color": [
        255,
        255,
        255
    ],
    "vehicle_attachments": [],
    "vehicle_extras": [],
    "vehicle_model_hash": 165968051,
    "vehicle_window_tint": 1,
    "wheel_color": 135,
    "wheel_type": 10
}