{
    "MOD_BRAKES": [
        2,
        0
    ],
    "MOD_ENGINE": [
        3,
        0
    ],
    "MOD_FENDER": [
        0,
        0
    ],
    "MOD_FRONTBUMPER": [
        1,
        0
    ],
    "MOD_FRONTWHEEL": [
        107,
        0
    ],
    "MOD_GRILLE": [
        0,
        0
    ],
    "MOD_HORNS": [
        5,
        0
    ],
    "MOD_LIVERY": [
        0,
        0
    ],
    "MOD_ORNAMENTS": [
        5,
        0
    ],
    "MOD_SPOILERS": [
        5,
        0
    ],
    "MOD_SUSPENSION": [
        3,
        0
    ],
    "MOD_XENONHEADLIGHTS": "TOGGLE",
    "clan_logo": 0,
    "custom_primary_color": [
        0,
        255,
        158
    ],
    "dash_color": 0,
    "has_collision": true,
    "headlight_color": 3,
    "interior_color": 111,
    "is_invincible": false,
    "is_visible": true,
    "model_attachments": [],
    "neon_color": [
        0,
        255,
        140
    ],
    "neon_lights": [
        true,
        true,
        true,
        true
    ],
    "pearlescent_color": 0,
    "plate_text": "1SGHD718",
    "plate_text_index": 4,
    "primary_color": 12,
    "radio_station": "RADIO_37_MOTOMAMI",
    "secondary_color": 0,
    "tire_smoke_color": [
        20,
        20,
        20
    ],
    "vehicle_attachments": [],
    "vehicle_extras": [],
    "vehicle_model_hash": 165968051,
    "vehicle_window_tint": 1,
    "wheel_color": 122,
    "wheel_type": 8
}