{
    "": [
        1,
        0
    ],
    "MOD_AIRFILTER": [
        6,
        0
    ],
    "MOD_ARMOR": [
        4,
        0
    ],
    "MOD_BRAKES": [
        2,
        0
    ],
    "MOD_DASHBOARD": [
        0,
        0
    ],
    "MOD_DOORSPEAKERS": [
        6,
        0
    ],
    "MOD_ENGINE": [
        3,
        0
    ],
    "MOD_ENGINEBLOCK": [
        2,
        0
    ],
    "MOD_EXHAUST": [
        3,
        0
    ],
    "MOD_FRONTBUMPER": [
        8,
        0
    ],
    "MOD_FRONTWHEEL": [
        177,
        0
    ],
    "MOD_HOOD": [
        11,
        0
    ],
    "MOD_LIVERY": [
        8,
        0
    ],
    "MOD_PLATEHOLDER": [
        0,
        0
    ],
    "MOD_REARBUMPER": [
        3,
        0
    ],
    "MOD_ROOF": [
        18,
        0
    ],
    "MOD_SEATS": [
        10,
        0
    ],
    "MOD_SIDESKIRT": [
        11,
        0
    ],
    "MOD_SPOILERS": [
        14,
        0
    ],
    "MOD_STEERINGWHEELS": [
        0,
        0
    ],
    "MOD_STRUTS": [
        7,
        0
    ],
    "MOD_SUSPENSION": [
        3,
        0
    ],
    "MOD_TIRESMOKE": "TOGGLE",
    "MOD_TRANSMISSION": [
        2,
        0
    ],
    "MOD_TRIM": [
        1,
        0
    ],
    "MOD_TURBO": "TOGGLE",
    "MOD_XENONHEADLIGHTS": "TOGGLE",
    "clan_logo": 0,
    "custom_primary_color": [
        120,
        195,
        100
    ],
    "dash_color": 5,
    "drift_tires": 0,
    "has_collision": true,
    "headlight_color": 0,
    "interior_color": 111,
    "is_visible": true,
    "model_attachments": [],
    "neon_color": [
        120,
        200,
        100
    ],
    "neon_lights": [
        true,
        true,
        false,
        true
    ],
    "pearlescent_color": 120,
    "plate_text": "        ",
    "plate_text_index": 0,
    "primary_color": 147,
    "radio_station": "RADIO_35_DLC_HEI4_MLR",
    "secondary_color": 126,
    "tire_can_burst": 0,
    "tire_smoke_color": [
        255,
        255,
        255
    ],
    "vehicle_attachments": [],
    "vehicle_extras": [],
    "vehicle_model_hash": 3101054893,
    "vehicle_window_tint": 1,
    "wheel_color": 120,
    "wheel_type": 11
}