{
    "": "TOGGLE",
    "MOD_ARMOR": [
        4,
        0
    ],
    "MOD_BRAKES": [
        2,
        0
    ],
    "MOD_ENGINE": [
        3,
        0
    ],
    "MOD_FRONTWHEEL": [
        13,
        0
    ],
    "MOD_HORNS": [
        57,
        0
    ],
    "MOD_SUSPENSION": [
        3,
        0
    ],
    "MOD_TIRESMOKE": "TOGGLE",
    "MOD_TRANSMISSION": [
        2,
        0
    ],
    "MOD_TURBO": "TOGGLE",
    "MOD_XENONHEADLIGHTS": "TOGGLE",
    "clan_logo": 0,
    "custom_primary_color": [
        35,
        25,
        8
    ],
    "custom_secondary_color": [
        35,
        25,
        8
    ],
    "dash_color": 0,
    "has_collision": true,
    "headlight_color": 255,
    "interior_color": 0,
    "is_invincible": false,
    "is_visible": true,
    "model_attachments": [],
    "neon_color": [
        40,
        29,
        11
    ],
    "neon_lights": [
        true,
        false,
        true,
        true
    ],
    "pearlescent_color": 124,
    "plate_text": "JEEEP 18",
    "plate_text_index": 4,
    "primary_color": 117,
    "radio_station": "RADIO_23_DLC_XM19_RADIO",
    "secondary_color": 117,
    "tire_smoke_color": [
        35,
        25,
        8
    ],
    "vehicle_attachments": [],
    "vehicle_extras": [
        [
            1,
            false
        ],
        [
            2,
            true
        ],
        [
            10,
            false
        ],
        [
            11,
            false
        ],
        [
            12,
            false
        ]
    ],
    "vehicle_model_hash": 2230595153,
    "vehicle_window_tint": 1,
    "wheel_color": 1,
    "wheel_type": 8
}