{
    "": "TOGGLE",
    "MOD_ARMOR": [
        4,
        0
    ],
    "MOD_BRAKES": [
        2,
        0
    ],
    "MOD_ENGINE": [
        3,
        0
    ],
    "MOD_FENDER": [
        2,
        0
    ],
    "MOD_FRAME": [
        1,
        0
    ],
    "MOD_FRONTWHEEL": [
        92,
        0
    ],
    "MOD_GRILLE": [
        0,
        0
    ],
    "MOD_HOOD": [
        5,
        0
    ],
    "MOD_HORNS": [
        52,
        0
    ],
    "MOD_REARBUMPER": [
        0,
        0
    ],
    "MOD_ROOF": [
        4,
        0
    ],
    "MOD_TIRESMOKE": "TOGGLE",
    "MOD_TRANSMISSION": [
        2,
        0
    ],
    "MOD_TURBO": "TOGGLE",
    "MOD_XENONHEADLIGHTS": "TOGGLE",
    "clan_logo": 0,
    "dash_color": 99,
    "has_collision": true,
    "headlight_color": 6,
    "interior_color": 99,
    "is_invincible": false,
    "is_visible": true,
    "model_attachments": [],
    "neon_color": [
        166,
        126,
        0
    ],
    "neon_lights": [
        true,
        true,
        true,
        true
    ],
    "pearlescent_color": 99,
    "plate_text": "   T    ",
    "plate_text_index": 4,
    "primary_color": 158,
    "radio_station": "RADIO_04_PUNK",
    "secondary_color": 0,
    "tire_smoke_color": [
        255,
        200,
        0
    ],
    "vehicle_attachments": [],
    "vehicle_extras": [
        [
            5,
            false
        ],
        [
            10,
            false
        ],
        [
            11,
            false
        ],
        [
            12,
            true
        ]
    ],
    "vehicle_model_hash": 2859047862,
    "vehicle_window_tint": 1,
    "wheel_color": 107,
    "wheel_type": 9
}