{
    "": "TOGGLE",
    "MOD_ARMOR": [
        4,
        0
    ],
    "MOD_BRAKES": [
        2,
        0
    ],
    "MOD_ENGINE": [
        3,
        0
    ],
    "MOD_EXHAUST": [
        1,
        0
    ],
    "MOD_FENDER": [
        0,
        0
    ],
    "MOD_FRONTBUMPER": [
        0,
        0
    ],
    "MOD_FRONTWHEEL": [
        2,
        0
    ],
    "MOD_GRILLE": [
        2,
        0
    ],
    "MOD_HOOD": [
        6,
        0
    ],
    "MOD_HORNS": [
        0,
        0
    ],
    "MOD_LIVERY": [
        0,
        0
    ],
    "MOD_REARBUMPER": [
        4,
        0
    ],
    "MOD_ROOF": [
        0,
        0
    ],
    "MOD_SPOILERS": [
        5,
        0
    ],
    "MOD_SUSPENSION": [
        4,
        0
    ],
    "MOD_TIRESMOKE": "TOGGLE",
    "MOD_TRANSMISSION": [
        3,
        0
    ],
    "MOD_TURBO": "TOGGLE",
    "MOD_XENONHEADLIGHTS": "TOGGLE",
    "clan_logo": 1,
    "custom_primary_color": [
        255,
        255,
        255
    ],
    "custom_secondary_color": [
        255,
        255,
        255
    ],
    "dash_color": 0,
    "drift_tires": 0,
    "has_collision": true,
    "headlight_color": 1,
    "interior_color": 0,
    "is_visible": true,
    "model_attachments": [],
    "neon_color": [
        0,
        16,
        255
    ],
    "neon_lights": [
        true,
        true,
        true,
        true
    ],
    "pearlescent_color": 0,
    "plate_text": "KSKSTYLE",
    "plate_text_index": 3,
    "primary_color": 158,
    "radio_station": "RADIO_19_USER",
    "secondary_color": 158,
    "tire_can_burst": 0,
    "tire_smoke_color": [
        226,
        6,
        6
    ],
    "vehicle_attachments": [],
    "vehicle_extras": [],
    "vehicle_model_hash": 2945871676,
    "vehicle_window_tint": 1,
    "wheel_color": 122,
    "wheel_type": 10
}