{
    "": "TOGGLE",
    "MOD_ARMOR": [
        4,
        0
    ],
    "MOD_BRAKES": [
        2,
        0
    ],
    "MOD_ENGINE": [
        3,
        0
    ],
    "MOD_FRONTWHEEL": [
        119,
        0
    ],
    "MOD_HORNS": [
        38,
        0
    ],
    "MOD_LIVERY": [
        7,
        0
    ],
    "MOD_ROOF": [
        0,
        0
    ],
    "MOD_TIRESMOKE": "TOGGLE",
    "MOD_TRANSMISSION": [
        2,
        0
    ],
    "MOD_TURBO": "TOGGLE",
    "MOD_XENONHEADLIGHTS": "TOGGLE",
    "clan_logo": 1,
    "custom_primary_color": [
        170,
        0,
        255
    ],
    "custom_secondary_color": [
        170,
        0,
        255
    ],
    "dash_color": 140,
    "drift_tires": 0,
    "has_collision": true,
    "headlight_color": 12,
    "interior_color": 140,
    "is_visible": true,
    "model_attachments": [],
    "neon_color": [
        170,
        0,
        255
    ],
    "neon_lights": [
        true,
        true,
        true,
        true
    ],
    "pearlescent_color": 140,
    "plate_text": "  MOI   ",
    "plate_text_index": 7,
    "primary_color": 120,
    "radio_station": "OFF",
    "secondary_color": 158,
    "tire_can_burst": 0,
    "tire_smoke_color": [
        0,
        0,
        0
    ],
    "vehicle_attachments": [],
    "vehicle_extras": [],
    "vehicle_model_hash": 1254014755,
    "vehicle_window_tint": 1,
    "wheel_color": 140,
    "wheel_type": 8
}