{
    "MOD_ARMOR": [
        4,
        0
    ],
    "MOD_BRAKES": [
        2,
        0
    ],
    "MOD_ENGINE": [
        3,
        0
    ],
    "MOD_EXHAUST": [
        1,
        0
    ],
    "MOD_FENDER": [
        2,
        0
    ],
    "MOD_FRONTBUMPER": [
        1,
        0
    ],
    "MOD_FRONTWHEEL": [
        29,
        1
    ],
    "MOD_GRILLE": [
        2,
        0
    ],
    "MOD_HOOD": [
        7,
        0
    ],
    "MOD_REARBUMPER": [
        2,
        0
    ],
    "MOD_ROOF": [
        1,
        0
    ],
    "MOD_SPOILERS": [
        8,
        0
    ],
    "MOD_TIRESMOKE": "TOGGLE",
    "MOD_TRANSMISSION": [
        3,
        0
    ],
    "MOD_TURBO": "TOGGLE",
    "MOD_XENONHEADLIGHTS": "TOGGLE",
    "clan_logo": 0,
    "custom_primary_color": [
        33,
        79,
        198
    ],
    "dash_color": 0,
    "drift_tires": 0,
    "has_collision": true,
    "headlight_color": 255,
    "interior_color": 1,
    "is_visible": true,
    "model_attachments": [
        {
            "has_collision": true,
            "is_visible": true,
            "model_hash": 3365286072,
            "position_x": 0.439453125,
            "position_y": -0.2490234375,
            "position_z": 1.5353736877441406,
            "rotation_x": 0.0,
            "rotation_y": 0.0,
            "rotation_z": 89.99620056152344
        },
        {
            "has_collision": true,
            "is_visible": true,
            "model_hash": 4073029046,
            "position_x": -0.166015625,
            "position_y": -0.185546875,
            "position_z": 1.5597877502441406,
            "rotation_x": 89.99620056152344,
            "rotation_y": 0.0,
            "rotation_z": 0.0
        },
        {
            "has_collision": true,
            "is_visible": true,
            "model_hash": 1771868096,
            "position_x": -0.6494140625,
            "position_y": -0.1171875,
            "position_z": 1.3986434936523438,
            "rotation_x": 0.0,
            "rotation_y": 0.0,
            "rotation_z": -179.99996948242188
        },
        {
            "has_collision": false,
            "is_visible": true,
            "model_hash": 1228163930,
            "position_x": 0.0,
            "position_y": 0.4296875,
            "position_z": -0.3055610656738281,
            "rotation_x": -179.99996948242188,
            "rotation_y": 0.0,
            "rotation_z": -0.0
        }
    ],
    "neon_color": [
        159,
        96,
        0
    ],
    "neon_lights": [
        false,
        false,
        false,
        false
    ],
    "pearlescent_color": 70,
    "plate_text": " GYATT  ",
    "plate_text_index": 5,
    "primary_color": 12,
    "radio_station": "RADIO_03_HIPHOP_NEW",
    "secondary_color": 12,
    "tire_can_burst": 1,
    "tire_smoke_color": [
        255,
        255,
        255
    ],
    "vehicle_attachments": [
        {
            "model_attachment": {
                "has_collision": true,
                "is_visible": true,
                "model_hash": 1384502824,
                "position_x": 0.419921875,
                "position_y": -2.246337890625,
                "position_z": 0.94940185546875,
                "rotation_x": 38.99549865722656,
                "rotation_y": -0.00011888798326253891,
                "rotation_z": 1.4987633228302002
            },
            "vehicle": {
                "clan_logo": 0,
                "dash_color": 0,
                "drift_tires": 0,
                "has_collision": true,
                "headlight_color": 255,
                "interior_color": 0,
                "is_visible": true,
                "neon_color": [
                    255,
                    0,
                    255
                ],
                "neon_lights": [
                    false,
                    false,
                    false,
                    false
                ],
                "pearlescent_color": 5,
                "plate_text": "40TTH635",
                "plate_text_index": 0,
                "primary_color": 52,
                "radio_station": "RADIO_03_HIPHOP_NEW",
                "secondary_color": 0,
                "tire_can_burst": 1,
                "vehicle_extras": [],
                "vehicle_model_hash": 1384502824,
                "vehicle_window_tint": -1,
                "wheel_color": 156,
                "wheel_type": 6
            }
        },
        {
            "model_attachment": {
                "has_collision": true,
                "is_visible": true,
                "model_hash": 1384502824,
                "position_x": -0.419921875,
                "position_y": -2.246337890625,
                "position_z": 0.94940185546875,
                "rotation_x": 38.99549865722656,
                "rotation_y": 0.00011888798326253891,
                "rotation_z": -1.4987633228302002
            },
            "vehicle": {
                "clan_logo": 0,
                "dash_color": 0,
                "drift_tires": 0,
                "has_collision": true,
                "headlight_color": 255,
                "interior_color": 0,
                "is_visible": true,
                "neon_color": [
                    255,
                    0,
                    255
                ],
                "neon_lights": [
                    false,
                    false,
                    false,
                    false
                ],
                "pearlescent_color": 4,
                "plate_text": "84PBE507",
                "plate_text_index": 0,
                "primary_color": 52,
                "radio_station": "RADIO_03_HIPHOP_NEW",
                "secondary_color": 0,
                "tire_can_burst": 1,
                "vehicle_extras": [],
                "vehicle_model_hash": 1384502824,
                "vehicle_window_tint": -1,
                "wheel_color": 156,
                "wheel_type": 6
            }
        }
    ],
    "vehicle_extras": [],
    "vehicle_model_hash": 2945871676,
    "vehicle_window_tint": 1,
    "wheel_color": 0,
    "wheel_type": 4
}