{
    "": "TOGGLE",
    "MOD_ARMOR": [
        4,
        0
    ],
    "MOD_BRAKES": [
        2,
        0
    ],
    "MOD_ENGINE": [
        3,
        0
    ],
    "MOD_FRONTWHEEL": [
        80,
        0
    ],
    "MOD_HORNS": [
        40,
        0
    ],
    "MOD_SUSPENSION": [
        3,
        0
    ],
    "MOD_TRANSMISSION": [
        2,
        0
    ],
    "MOD_TURBO": "TOGGLE",
    "MOD_XENONHEADLIGHTS": "TOGGLE",
    "clan_logo": 0,
    "custom_primary_color": [
        0,
        105,
        255
    ],
    "custom_secondary_color": [
        0,
        104,
        255
    ],
    "dash_color": 70,
    "headlight_color": 1,
    "interior_color": 70,
    "model_attachments": [],
    "neon_color": [
        0,
        13,
        255
    ],
    "neon_lights": [
        true,
        true,
        true,
        true
    ],
    "pearlescent_color": 63,
    "plate_text": "   HAXOR",
    "plate_text_index": 5,
    "primary_color": 158,
    "radio_station": "OFF",
    "secondary_color": 158,
    "tire_smoke_color": [
        0,
        233,
        233
    ],
    "vehicle_attachments": [],
    "vehicle_extras": [
        [
            2,
            false
        ]
    ],
    "vehicle_model_hash": 941800958,
    "vehicle_window_tint": 4,
    "wheel_color": 70,
    "wheel_type": 10
}