{
    "MOD_ARMOR": [
        4,
        0
    ],
    "MOD_BRAKES": [
        2,
        0
    ],
    "MOD_ENGINE": [
        3,
        0
    ],
    "MOD_EXHAUST": [
        2,
        0
    ],
    "MOD_FENDER": [
        2,
        0
    ],
    "MOD_FRAME": [
        3,
        0
    ],
    "MOD_FRONTBUMPER": [
        5,
        0
    ],
    "MOD_FRONTWHEEL": [
        123,
        0
    ],
    "MOD_GRILLE": [
        1,
        0
    ],
    "MOD_HOOD": [
        0,
        0
    ],
    "MOD_HORNS": [
        38,
        0
    ],
    "MOD_LIVERY": [
        2,
        0
    ],
    "MOD_REARBUMPER": [
        4,
        0
    ],
    "MOD_ROOF": [
        0,
        0
    ],
    "MOD_SIDESKIRT": [
        5,
        0
    ],
    "MOD_SPOILERS": [
        5,
        0
    ],
    "MOD_TIRESMOKE": "TOGGLE",
    "MOD_TRANSMISSION": [
        2,
        0
    ],
    "MOD_TURBO": "TOGGLE",
    "MOD_XENONHEADLIGHTS": "TOGGLE",
    "clan_logo": 0,
    "custom_primary_color": [
        23,
        9,
        63
    ],
    "custom_secondary_color": [
        23,
        9,
        63
    ],
    "dash_color": 0,
    "drift_tires": 0,
    "has_collision": true,
    "headlight_color": 1,
    "interior_color": 62,
    "is_visible": true,
    "model_attachments": [],
    "neon_color": [
        2,
        21,
        255
    ],
    "neon_lights": [
        true,
        true,
        true,
        true
    ],
    "pearlescent_color": 70,
    "plate_text": "DOGONPAI",
    "plate_text_index": 4,
    "primary_color": 101,
    "radio_station": "RADIO_02_POP",
    "secondary_color": 101,
    "tire_can_burst": 0,
    "tire_smoke_color": [
        0,
        0,
        0
    ],
    "vehicle_attachments": [],
    "vehicle_extras": [],
    "vehicle_model_hash": 1307736079,
    "vehicle_window_tint": 1,
    "wheel_color": 122,
    "wheel_type": 8
}