{
    "custom_primary_color": [
        255,
        3,
        213
    ],
    "drift_tires": 0,
    "has_collision": true,
    "is_visible": true,
    "model_attachments": [],
    "pearlescent_color": 33,
    "plate_text": "  RAUL  ",
    "plate_text_index": 4,
    "primary_color": 0,
    "radio_station": "OFF",
    "secondary_color": 55,
    "tire_can_burst": 0,
    "vehicle_attachments": [],
    "vehicle_extras": [],
    "vehicle_model_hash": 3013282534,
    "vehicle_window_tint": 0,
    "wheel_color": 145
}