{
    "custom_primary_color": [
        99,
        0,
        255
    ],
    "custom_secondary_color": [
        99,
        0,
        255
    ],
    "drift_tires": 0,
    "has_collision": true,
    "is_visible": true,
    "model_attachments": [],
    "pearlescent_color": 140,
    "plate_text": "44KAN846",
    "plate_text_index": 4,
    "primary_color": 35,
    "radio_station": "RADIO_36_AUDIOPLAYER",
    "secondary_color": 35,
    "tire_can_burst": 1,
    "vehicle_attachments": [],
    "vehicle_extras": [],
    "vehicle_model_hash": 3013282534,
    "vehicle_window_tint": -1,
    "wheel_color": 145
}