{
    "MOD_ARMOR": [
        4,
        0
    ],
    "MOD_BRAKES": [
        3,
        0
    ],
    "MOD_ENGINE": [
        3,
        0
    ],
    "MOD_EXHAUST": [
        1,
        0
    ],
    "MOD_FRONTBUMPER": [
        1,
        0
    ],
    "MOD_FRONTWHEEL": [
        1,
        1
    ],
    "MOD_GRILLE": [
        1,
        0
    ],
    "MOD_HOOD": [
        0,
        0
    ],
    "MOD_HORNS": [
        40,
        0
    ],
    "MOD_LIVERY": [
        6,
        0
    ],
    "MOD_REARBUMPER": [
        1,
        0
    ],
    "MOD_ROOF": [
        2,
        0
    ],
    "MOD_SIDESKIRT": [
        0,
        0
    ],
    "MOD_SPOILERS": [
        3,
        0
    ],
    "MOD_SUSPENSION": [
        2,
        0
    ],
    "MOD_TRANSMISSION": [
        3,
        0
    ],
    "MOD_TURBO": "TOGGLE",
    "MOD_XENONHEADLIGHTS": "TOGGLE",
    "clan_logo": 1,
    "dash_color": 0,
    "has_collision": true,
    "headlight_color": 12,
    "interior_color": 1,
    "is_invincible": true,
    "is_visible": true,
    "model_attachments": [],
    "neon_color": [
        151,
        54,
        255
    ],
    "neon_lights": [
        true,
        true,
        true,
        true
    ],
    "pearlescent_color": 0,
    "plate_text": "41CVL531",
    "plate_text_index": 1,
    "primary_color": 0,
    "radio_station": "OFF",
    "secondary_color": 10,
    "tire_smoke_color": [
        203,
        54,
        148
    ],
    "vehicle_attachments": [],
    "vehicle_extras": [],
    "vehicle_model_hash": 3379732821,
    "vehicle_window_tint": 1,
    "wheel_color": 145,
    "wheel_type": 5
}