{
    "": "TOGGLE",
    "MOD_ARMOR": [
        4,
        0
    ],
    "MOD_BRAKES": [
        2,
        0
    ],
    "MOD_ENGINE": [
        3,
        0
    ],
    "MOD_FRONTWHEEL": [
        18,
        0
    ],
    "MOD_HORNS": [
        57,
        0
    ],
    "MOD_SUSPENSION": [
        3,
        0
    ],
    "MOD_TIRESMOKE": "TOGGLE",
    "MOD_TRANSMISSION": [
        2,
        0
    ],
    "MOD_TURBO": "TOGGLE",
    "MOD_XENONHEADLIGHTS": "TOGGLE",
    "clan_logo": 0,
    "custom_primary_color": [
        0,
        0,
        0
    ],
    "dash_color": 0,
    "has_collision": true,
    "headlight_color": 255,
    "interior_color": 4,
    "is_invincible": false,
    "is_visible": true,
    "model_attachments": [],
    "neon_color": [
        255,
        0,
        0
    ],
    "neon_lights": [
        true,
        true,
        true,
        true
    ],
    "pearlescent_color": 150,
    "plate_text": "MANGEMOR",
    "plate_text_index": 4,
    "primary_color": 158,
    "radio_station": "OFF",
    "secondary_color": 0,
    "tire_smoke_color": [
        142,
        0,
        0
    ],
    "vehicle_attachments": [],
    "vehicle_extras": [
        [
            1,
            true
        ],
        [
            2,
            true
        ],
        [
            10,
            false
        ]
    ],
    "vehicle_model_hash": 627094268,
    "vehicle_window_tint": 1,
    "wheel_color": 150,
    "wheel_type": 9
}