{
    "": "TOGGLE",
    "MOD_ARMOR": [
        4,
        0
    ],
    "MOD_BRAKES": [
        2,
        0
    ],
    "MOD_ENGINE": [
        3,
        0
    ],
    "MOD_EXHAUST": [
        1,
        0
    ],
    "MOD_FENDER": [
        0,
        0
    ],
    "MOD_FRONTBUMPER": [
        6,
        0
    ],
    "MOD_FRONTWHEEL": [
        15,
        0
    ],
    "MOD_HOOD": [
        2,
        0
    ],
    "MOD_HORNS": [
        56,
        0
    ],
    "MOD_RIGHTFENDER": [
        1,
        0
    ],
    "MOD_SIDESKIRT": [
        1,
        0
    ],
    "MOD_SPOILERS": [
        1,
        0
    ],
    "MOD_SUSPENSION": [
        2,
        0
    ],
    "MOD_TIRESMOKE": "TOGGLE",
    "MOD_TRANSMISSION": [
        3,
        0
    ],
    "MOD_TURBO": "TOGGLE",
    "clan_logo": 0,
    "dash_color": 0,
    "drift_tires": 0,
    "has_collision": true,
    "headlight_color": 255,
    "interior_color": 0,
    "is_visible": true,
    "model_attachments": [],
    "neon_color": [
        255,
        0,
        255
    ],
    "neon_lights": [
        false,
        false,
        false,
        false
    ],
    "pearlescent_color": 0,
    "plate_text": "FERRARI ",
    "plate_text_index": 1,
    "primary_color": 35,
    "radio_station": "RADIO_02_POP",
    "secondary_color": 35,
    "tire_can_burst": 0,
    "tire_smoke_color": [
        226,
        6,
        6
    ],
    "vehicle_attachments": [],
    "vehicle_extras": [],
    "vehicle_model_hash": 223240013,
    "vehicle_window_tint": 1,
    "wheel_color": 156,
    "wheel_type": 0
}