{
    "": "TOGGLE",
    "MOD_ARMOR": [
        4,
        0
    ],
    "MOD_BRAKES": [
        2,
        0
    ],
    "MOD_ENGINE": [
        3,
        0
    ],
    "MOD_FRONTWHEEL": [
        123,
        0
    ],
    "MOD_HORNS": [
        57,
        0
    ],
    "MOD_LIVERY": [
        25,
        0
    ],
    "MOD_TRANSMISSION": [
        2,
        0
    ],
    "MOD_TURBO": "TOGGLE",
    "MOD_XENONHEADLIGHTS": "TOGGLE",
    "clan_logo": 0,
    "custom_primary_color": [
        47,
        0,
        48
    ],
    "custom_secondary_color": [
        47,
        0,
        48
    ],
    "dash_color": 111,
    "has_collision": true,
    "headlight_color": 6,
    "interior_color": 111,
    "is_invincible": false,
    "is_visible": true,
    "model_attachments": [],
    "neon_color": [
        47,
        0,
        48
    ],
    "neon_lights": [
        true,
        true,
        true,
        true
    ],
    "pearlescent_color": 111,
    "plate_text": "        ",
    "plate_text_index": 5,
    "primary_color": 0,
    "radio_station": "OFF",
    "secondary_color": 0,
    "tire_smoke_color": [
        255,
        255,
        255
    ],
    "vehicle_attachments": [],
    "vehicle_extras": [],
    "vehicle_model_hash": 3602674979,
    "vehicle_window_tint": 1,
    "wheel_color": 145,
    "wheel_type": 8
}