{
    "": [
        -1,
        0
    ],
    "MOD_ARMOR": [
        4,
        0
    ],
    "MOD_BRAKES": [
        2,
        0
    ],
    "MOD_ENGINE": [
        3,
        0
    ],
    "MOD_FRONTWHEEL": [
        107,
        0
    ],
    "MOD_HORNS": [
        -1,
        0
    ],
    "MOD_LIVERY": [
        25,
        0
    ],
    "MOD_TIRESMOKE": "TOGGLE",
    "MOD_TRANSMISSION": [
        2,
        0
    ],
    "MOD_TURBO": "TOGGLE",
    "MOD_XENONHEADLIGHTS": "TOGGLE",
    "dash_color": 156,
    "drift_tires": 0,
    "headlight_color": 9,
    "interior_color": 8,
    "neon_color": [
        255,
        0,
        255
    ],
    "neon_lights": [
        false,
        false,
        false,
        false
    ],
    "pearlescent_color": 0,
    "plate_text": " GALAXY ",
    "plate_text_index": 6,
    "primary_color": 189,
    "secondary_color": 189,
    "tire_can_burst": 0,
    "tire_smoke_color": [
        0,
        0,
        0
    ],
    "vehicle_extras": [],
    "vehicle_model_hash": 3602674979,
    "vehicle_window_tint": 1,
    "wheel_color": 164,
    "wheel_type": 9
}