{
    "": "TOGGLE",
    "MOD_AIRFILTER": [
        2,
        0
    ],
    "MOD_ARMOR": [
        4,
        0
    ],
    "MOD_BRAKES": [
        2,
        0
    ],
    "MOD_COLUMNSHIFTERLEVERS": [
        3,
        0
    ],
    "MOD_DIALDESIGN": [
        13,
        0
    ],
    "MOD_ENGINE": [
        3,
        0
    ],
    "MOD_ENGINEBLOCK": [
        3,
        0
    ],
    "MOD_EXHAUST": [
        0,
        0
    ],
    "MOD_FRONTBUMPER": [
        0,
        0
    ],
    "MOD_FRONTWHEEL": [
        85,
        0
    ],
    "MOD_HOOD": [
        1,
        0
    ],
    "MOD_HORNS": [
        57,
        0
    ],
    "MOD_HYDRAULICS": [
        4,
        0
    ],
    "MOD_LIVERY": [
        6,
        0
    ],
    "MOD_ORNAMENTS": [
        20,
        0
    ],
    "MOD_PLAQUES": [
        21,
        0
    ],
    "MOD_PLATEHOLDER": [
        12,
        0
    ],
    "MOD_REARBUMPER": [
        0,
        0
    ],
    "MOD_REARWHEEL": [
        0,
        0
    ],
    "MOD_RIGHTFENDER": [
        1,
        0
    ],
    "MOD_STEERINGWHEELS": [
        15,
        0
    ],
    "MOD_TANK": [
        1,
        0
    ],
    "MOD_TRANSMISSION": [
        2,
        0
    ],
    "MOD_TRIMDESIGN": [
        11,
        0
    ],
    "MOD_TRUNK": [
        7,
        0
    ],
    "MOD_TURBO": "TOGGLE",
    "MOD_VANITYPLATES": [
        15,
        0
    ],
    "MOD_XENONHEADLIGHTS": "TOGGLE",
    "clan_logo": 0,
    "custom_primary_color": [
        0,
        62,
        179
    ],
    "dash_color": 111,
    "has_collision": true,
    "headlight_color": 2,
    "interior_color": 3,
    "is_invincible": false,
    "is_visible": true,
    "model_attachments": [],
    "neon_color": [
        3,
        83,
        255
    ],
    "neon_lights": [
        true,
        true,
        true,
        true
    ],
    "pearlescent_color": 89,
    "plate_text": " PUTOS  ",
    "plate_text_index": 5,
    "primary_color": 142,
    "radio_station": "OFF",
    "secondary_color": 120,
    "tire_smoke_color": [
        0,
        174,
        239
    ],
    "vehicle_attachments": [],
    "vehicle_extras": [
        [
            1,
            true
        ],
        [
            2,
            true
        ],
        [
            3,
            false
        ]
    ],
    "vehicle_model_hash": 2933279331,
    "vehicle_window_tint": 6,
    "wheel_color": 73,
    "wheel_type": 8
}