{
    "MOD_BRAKES": [
        3,
        0
    ],
    "MOD_ENGINE": [
        4,
        0
    ],
    "MOD_EXHAUST": [
        7,
        0
    ],
    "MOD_FRAME": [
        1,
        0
    ],
    "MOD_FRONTBUMPER": [
        3,
        0
    ],
    "MOD_FRONTWHEEL": [
        104,
        0
    ],
    "MOD_GRILLE": [
        6,
        0
    ],
    "MOD_HOOD": [
        14,
        0
    ],
    "MOD_LIVERY": [
        4,
        0
    ],
    "MOD_REARBUMPER": [
        0,
        0
    ],
    "MOD_RIGHTFENDER": [
        0,
        0
    ],
    "MOD_ROOF": [
        6,
        0
    ],
    "MOD_SIDESKIRT": [
        4,
        0
    ],
    "MOD_SPOILERS": [
        8,
        0
    ],
    "MOD_SUSPENSION": [
        2,
        0
    ],
    "MOD_TIRESMOKE": "TOGGLE",
    "MOD_TRANSMISSION": [
        3,
        0
    ],
    "MOD_TURBO": "TOGGLE",
    "MOD_XENONHEADLIGHTS": "TOGGLE",
    "clan_logo": 0,
    "custom_primary_color": [
        130,
        35,
        230
    ],
    "custom_secondary_color": [
        130,
        35,
        230
    ],
    "dash_color": 27,
    "drift_tires": 0,
    "has_collision": true,
    "headlight_color": 11,
    "interior_color": 134,
    "is_visible": true,
    "model_attachments": [],
    "neon_color": [
        120,
        35,
        230
    ],
    "neon_lights": [
        true,
        true,
        true,
        true
    ],
    "pearlescent_color": 135,
    "plate_text": "        ",
    "plate_text_index": 0,
    "primary_color": 2,
    "radio_station": "RADIO_14_DANCE_02",
    "secondary_color": 34,
    "tire_can_burst": 0,
    "tire_smoke_color": [
        255,
        255,
        255
    ],
    "vehicle_attachments": [],
    "vehicle_extras": [],
    "vehicle_model_hash": 2767531027,
    "vehicle_window_tint": 1,
    "wheel_color": 112,
    "wheel_type": 11
}