{
    "MOD_ARMOR": [
        4,
        0
    ],
    "MOD_BRAKES": [
        3,
        0
    ],
    "MOD_ENGINE": [
        4,
        0
    ],
    "MOD_EXHAUST": [
        6,
        0
    ],
    "MOD_FRAME": [
        1,
        0
    ],
    "MOD_FRONTBUMPER": [
        9,
        0
    ],
    "MOD_FRONTWHEEL": [
        168,
        0
    ],
    "MOD_GRILLE": [
        6,
        0
    ],
    "MOD_HOOD": [
        11,
        0
    ],
    "MOD_HORNS": [
        42,
        0
    ],
    "MOD_LIVERY": [
        4,
        0
    ],
    "MOD_REARBUMPER": [
        0,
        0
    ],
    "MOD_RIGHTFENDER": [
        0,
        0
    ],
    "MOD_ROOF": [
        8,
        0
    ],
    "MOD_SIDESKIRT": [
        4,
        0
    ],
    "MOD_SPOILERS": [
        14,
        0
    ],
    "MOD_SUSPENSION": [
        2,
        0
    ],
    "MOD_TRANSMISSION": [
        3,
        0
    ],
    "MOD_TURBO": "TOGGLE",
    "clan_logo": 0,
    "custom_primary_color": [
        95,
        140,
        244
    ],
    "custom_secondary_color": [
        95,
        140,
        244
    ],
    "dash_color": 64,
    "drift_tires": 0,
    "has_collision": true,
    "headlight_color": 255,
    "interior_color": 134,
    "is_visible": true,
    "model_attachments": [],
    "neon_color": [
        1,
        165,
        165
    ],
    "neon_lights": [
        true,
        true,
        true,
        true
    ],
    "pearlescent_color": 73,
    "plate_text": "        ",
    "plate_text_index": 0,
    "primary_color": 64,
    "radio_station": "RADIO_14_DANCE_02",
    "secondary_color": 64,
    "tire_can_burst": 0,
    "vehicle_attachments": [],
    "vehicle_extras": [],
    "vehicle_model_hash": 2767531027,
    "vehicle_window_tint": 0,
    "wheel_color": 0,
    "wheel_type": 8
}