{
    "": "TOGGLE",
    "MOD_ARMOR": [
        4,
        0
    ],
    "MOD_BRAKES": [
        2,
        0
    ],
    "MOD_ENGINE": [
        3,
        0
    ],
    "MOD_FRONTBUMPER": [
        4,
        0
    ],
    "MOD_FRONTWHEEL": [
        44,
        0
    ],
    "MOD_HOOD": [
        2,
        0
    ],
    "MOD_PLATEHOLDER": [
        0,
        0
    ],
    "MOD_SIDESKIRT": [
        1,
        0
    ],
    "MOD_SPOILERS": [
        1,
        0
    ],
    "MOD_STEERINGWHEELS": [
        1,
        0
    ],
    "MOD_TRANSMISSION": [
        2,
        0
    ],
    "MOD_TURBO": "TOGGLE",
    "clan_logo": 0,
    "custom_primary_color": [
        111,
        172,
        255
    ],
    "custom_secondary_color": [
        111,
        172,
        255
    ],
    "dash_color": 134,
    "drift_tires": 0,
    "has_collision": true,
    "headlight_color": 255,
    "interior_color": 93,
    "is_visible": true,
    "model_attachments": [],
    "neon_color": [
        255,
        0,
        255
    ],
    "neon_lights": [
        false,
        false,
        false,
        false
    ],
    "pearlescent_color": 0,
    "plate_text": "65KGW913",
    "plate_text_index": 4,
    "primary_color": 111,
    "radio_station": "RADIO_36_AUDIOPLAYER",
    "secondary_color": 0,
    "tire_can_burst": 0,
    "vehicle_attachments": [],
    "vehicle_extras": [],
    "vehicle_model_hash": 2568944644,
    "vehicle_window_tint": 0,
    "wheel_color": 0,
    "wheel_type": 0
}