{
    "MOD_ARMOR": [
        4,
        0
    ],
    "MOD_BRAKES": [
        2,
        0
    ],
    "MOD_ENGINE": [
        3,
        0
    ],
    "MOD_EXHAUST": [
        14,
        0
    ],
    "MOD_FENDER": [
        2,
        0
    ],
    "MOD_FRAME": [
        4,
        0
    ],
    "MOD_FRONTBUMPER": [
        17,
        0
    ],
    "MOD_FRONTWHEEL": [
        8,
        0
    ],
    "MOD_HOOD": [
        4,
        0
    ],
    "MOD_LIVERY": [
        25,
        0
    ],
    "MOD_REARBUMPER": [
        1,
        0
    ],
    "MOD_SIDESKIRT": [
        5,
        0
    ],
    "MOD_SPOILERS": [
        2,
        0
    ],
    "MOD_TRANSMISSION": [
        2,
        0
    ],
    "MOD_TURBO": "TOGGLE",
    "MOD_XENONHEADLIGHTS": "TOGGLE",
    "clan_logo": 0,
    "custom_primary_color": [
        0,
        0,
        0
    ],
    "custom_secondary_color": [
        0,
        0,
        0
    ],
    "dash_color": 0,
    "has_collision": true,
    "headlight_color": 255,
    "interior_color": 1,
    "is_invincible": true,
    "is_visible": true,
    "model_attachments": [],
    "neon_color": [
        255,
        0,
        255
    ],
    "neon_lights": [
        false,
        false,
        false,
        false
    ],
    "pearlescent_color": 70,
    "plate_text": "J7JU4IXT",
    "plate_text_index": 0,
    "primary_color": 0,
    "radio_station": "OFF",
    "secondary_color": 0,
    "tire_smoke_color": [
        255,
        255,
        255
    ],
    "vehicle_attachments": [],
    "vehicle_extras": [],
    "vehicle_model_hash": 1561920505,
    "vehicle_window_tint": 0,
    "wheel_color": 122,
    "wheel_type": 10
}