{
    "MOD_ARMOR": [
        4,
        0
    ],
    "MOD_BRAKES": [
        2,
        0
    ],
    "MOD_ENGINE": [
        3,
        0
    ],
    "MOD_EXHAUST": [
        2,
        0
    ],
    "MOD_FRONTWHEEL": [
        106,
        0
    ],
    "MOD_HOOD": [
        0,
        0
    ],
    "MOD_REARBUMPER": [
        2,
        0
    ],
    "MOD_TIRESMOKE": "TOGGLE",
    "MOD_TRANSMISSION": [
        2,
        0
    ],
    "MOD_TURBO": "TOGGLE",
    "MOD_XENONHEADLIGHTS": "TOGGLE",
    "clan_logo": 0,
    "custom_primary_color": [
        25,
        0,
        1
    ],
    "custom_secondary_color": [
        25,
        0,
        1
    ],
    "dash_color": 4,
    "drift_tires": 0,
    "has_collision": true,
    "headlight_color": 11,
    "interior_color": 1,
    "is_visible": true,
    "model_attachments": [],
    "neon_color": [
        0,
        0,
        0
    ],
    "neon_lights": [
        false,
        false,
        false,
        false
    ],
    "pearlescent_color": 89,
    "plate_text": "64FAW312",
    "plate_text_index": 1,
    "primary_color": 117,
    "radio_station": "RADIO_27_DLC_PRHEI4",
    "secondary_color": 117,
    "tire_can_burst": 0,
    "tire_smoke_color": [
        255,
        255,
        255
    ],
    "vehicle_attachments": [],
    "vehicle_extras": [],
    "vehicle_model_hash": 2272483501,
    "vehicle_window_tint": 1,
    "wheel_color": 143,
    "wheel_type": 8
}