{
    "": "TOGGLE",
    "MOD_ARMOR": [
        4,
        0
    ],
    "MOD_BRAKES": [
        2,
        0
    ],
    "MOD_ENGINE": [
        3,
        0
    ],
    "MOD_EXHAUST": [
        1,
        0
    ],
    "MOD_FRONTWHEEL": [
        0,
        0
    ],
    "MOD_GRILLE": [
        1,
        0
    ],
    "MOD_HOOD": [
        0,
        0
    ],
    "MOD_REARBUMPER": [
        0,
        0
    ],
    "MOD_ROOF": [
        1,
        0
    ],
    "MOD_SIDESKIRT": [
        0,
        0
    ],
    "MOD_SPOILERS": [
        1,
        0
    ],
    "MOD_TIRESMOKE": "TOGGLE",
    "MOD_TRANSMISSION": [
        2,
        0
    ],
    "MOD_XENONHEADLIGHTS": "TOGGLE",
    "clan_logo": 0,
    "custom_primary_color": [
        21,
        0,
        28
    ],
    "custom_secondary_color": [
        21,
        0,
        28
    ],
    "dash_color": 0,
    "drift_tires": 0,
    "has_collision": true,
    "headlight_color": 12,
    "interior_color": 0,
    "is_visible": true,
    "model_attachments": [],
    "neon_color": [
        255,
        0,
        255
    ],
    "neon_lights": [
        false,
        false,
        false,
        false
    ],
    "pearlescent_color": 123,
    "plate_text": "DERROCE ",
    "plate_text_index": 2,
    "primary_color": 117,
    "radio_station": "RADIO_02_POP",
    "secondary_color": 117,
    "tire_can_burst": 0,
    "tire_smoke_color": [
        255,
        255,
        255
    ],
    "vehicle_attachments": [],
    "vehicle_extras": [
        [
            1,
            false
        ]
    ],
    "vehicle_model_hash": 2566281822,
    "vehicle_window_tint": 1,
    "wheel_color": 149,
    "wheel_type": 10
}