{
    "MOD_ARMOR": [
        4,
        0
    ],
    "MOD_BRAKES": [
        2,
        0
    ],
    "MOD_ENGINE": [
        3,
        0
    ],
    "MOD_EXHAUST": [
        4,
        0
    ],
    "MOD_FRAME": [
        0,
        0
    ],
    "MOD_FRONTBUMPER": [
        4,
        0
    ],
    "MOD_FRONTWHEEL": [
        66,
        0
    ],
    "MOD_GRILLE": [
        1,
        0
    ],
    "MOD_HOOD": [
        4,
        0
    ],
    "MOD_REARBUMPER": [
        2,
        0
    ],
    "MOD_SIDESKIRT": [
        1,
        0
    ],
    "MOD_SPOILERS": [
        6,
        0
    ],
    "MOD_SUSPENSION": [
        3,
        0
    ],
    "MOD_TIRESMOKE": "TOGGLE",
    "MOD_TRANSMISSION": [
        2,
        0
    ],
    "MOD_TURBO": "TOGGLE",
    "clan_logo": 0,
    "custom_primary_color": [
        53,
        5,
        255
    ],
    "custom_secondary_color": [
        53,
        5,
        255
    ],
    "dash_color": 132,
    "drift_tires": 0,
    "has_collision": true,
    "headlight_color": 11,
    "interior_color": 146,
    "is_visible": true,
    "model_attachments": [],
    "neon_color": [
        255,
        0,
        255
    ],
    "neon_lights": [
        false,
        false,
        false,
        false
    ],
    "pearlescent_color": 3,
    "plate_text": "PIOTRULO",
    "plate_text_index": 10,
    "primary_color": 0,
    "radio_station": "OFF",
    "secondary_color": 0,
    "tire_can_burst": 0,
    "tire_smoke_color": [
        53,
        5,
        255
    ],
    "vehicle_attachments": [],
    "vehicle_extras": [
        [
            1,
            true
        ],
        [
            2,
            true
        ],
        [
            3,
            true
        ],
        [
            4,
            true
        ],
        [
            5,
            false
        ]
    ],
    "vehicle_model_hash": 2042703219,
    "vehicle_window_tint": 1,
    "wheel_color": 0,
    "wheel_type": 10
}