{
    "MOD_BRAKES": [
        2,
        0
    ],
    "MOD_ENGINE": [
        3,
        0
    ],
    "MOD_EXHAUST": [
        5,
        0
    ],
    "MOD_FRONTWHEEL": [
        163,
        0
    ],
    "MOD_GRILLE": [
        2,
        0
    ],
    "MOD_HOOD": [
        4,
        0
    ],
    "MOD_LIVERY": [
        5,
        0
    ],
    "MOD_ROOF": [
        1,
        0
    ],
    "MOD_SPOILERS": [
        2,
        0
    ],
    "MOD_SUSPENSION": [
        3,
        0
    ],
    "MOD_TIRESMOKE": "TOGGLE",
    "MOD_TRANSMISSION": [
        2,
        0
    ],
    "MOD_TURBO": "TOGGLE",
    "MOD_XENONHEADLIGHTS": "TOGGLE",
    "clan_logo": 0,
    "custom_primary_color": [
        150,
        25,
        0
    ],
    "custom_secondary_color": [
        150,
        25,
        0
    ],
    "dash_color": 38,
    "drift_tires": 0,
    "has_collision": true,
    "headlight_color": 0,
    "interior_color": 111,
    "is_visible": true,
    "model_attachments": [],
    "neon_color": [
        150,
        80,
        0
    ],
    "neon_lights": [
        true,
        true,
        true,
        true
    ],
    "pearlescent_color": 120,
    "plate_text": "        ",
    "plate_text_index": 1,
    "primary_color": 156,
    "radio_station": "RADIO_27_DLC_PRHEI4",
    "secondary_color": 147,
    "tire_can_burst": 0,
    "tire_smoke_color": [
        255,
        255,
        255
    ],
    "vehicle_attachments": [],
    "vehicle_extras": [
        [
            1,
            false
        ]
    ],
    "vehicle_model_hash": 2566281822,
    "vehicle_window_tint": 1,
    "wheel_color": 120,
    "wheel_type": 12
}