{
    "": "TOGGLE",
    "MOD_ARMOR": [
        4,
        0
    ],
    "MOD_BRAKES": [
        2,
        0
    ],
    "MOD_ENGINE": [
        3,
        0
    ],
    "MOD_FRONTWHEEL": [
        18,
        0
    ],
    "MOD_HORNS": [
        57,
        0
    ],
    "MOD_SUSPENSION": [
        3,
        0
    ],
    "MOD_TIRESMOKE": "TOGGLE",
    "MOD_TRANSMISSION": [
        2,
        0
    ],
    "MOD_TURBO": "TOGGLE",
    "MOD_XENONHEADLIGHTS": "TOGGLE",
    "clan_logo": 0,
    "custom_primary_color": [
        0,
        255,
        250
    ],
    "custom_secondary_color": [
        103,
        47,
        0
    ],
    "dash_color": 0,
    "has_collision": true,
    "headlight_color": 255,
    "interior_color": 0,
    "is_invincible": false,
    "is_visible": true,
    "model_attachments": [],
    "neon_color": [
        0,
        255,
        248
    ],
    "neon_lights": [
        true,
        true,
        true,
        true
    ],
    "pearlescent_color": 150,
    "plate_text": "RANDY LU",
    "plate_text_index": 2,
    "primary_color": 120,
    "radio_station": "RADIO_36_AUDIOPLAYER",
    "secondary_color": 120,
    "tire_smoke_color": [
        0,
        255,
        244
    ],
    "vehicle_attachments": [],
    "vehicle_extras": [],
    "vehicle_model_hash": 2261744861,
    "vehicle_window_tint": 1,
    "wheel_color": 135,
    "wheel_type": 10
}