{
    "": "TOGGLE",
    "MOD_ARMOR": [
        4,
        0
    ],
    "MOD_BRAKES": [
        2,
        0
    ],
    "MOD_ENGINE": [
        3,
        0
    ],
    "MOD_EXHAUST": [
        2,
        0
    ],
    "MOD_FRONTBUMPER": [
        2,
        0
    ],
    "MOD_FRONTWHEEL": [
        9,
        0
    ],
    "MOD_GRILLE": [
        3,
        0
    ],
    "MOD_HOOD": [
        2,
        0
    ],
    "MOD_ROOF": [
        0,
        0
    ],
    "MOD_SIDESKIRT": [
        1,
        0
    ],
    "MOD_SPOILERS": [
        7,
        0
    ],
    "MOD_SUSPENSION": [
        3,
        0
    ],
    "MOD_TIRESMOKE": "TOGGLE",
    "MOD_TRANSMISSION": [
        2,
        0
    ],
    "MOD_TURBO": "TOGGLE",
    "MOD_XENONHEADLIGHTS": "TOGGLE",
    "clan_logo": 0,
    "custom_primary_color": [
        31,
        0,
        87
    ],
    "custom_secondary_color": [
        31,
        0,
        87
    ],
    "dash_color": 132,
    "drift_tires": 0,
    "has_collision": true,
    "headlight_color": 255,
    "interior_color": 1,
    "is_visible": true,
    "model_attachments": [],
    "neon_color": [
        35,
        1,
        255
    ],
    "neon_lights": [
        true,
        true,
        true,
        true
    ],
    "pearlescent_color": 18,
    "plate_text": "43GMJ324",
    "plate_text_index": 1,
    "primary_color": 158,
    "radio_station": "RADIO_19_USER",
    "secondary_color": 158,
    "tire_can_burst": 0,
    "tire_smoke_color": [
        132,
        102,
        226
    ],
    "vehicle_attachments": [],
    "vehicle_extras": [],
    "vehicle_model_hash": 1483171323,
    "vehicle_window_tint": 1,
    "wheel_color": 142,
    "wheel_type": 7
}