{
    "": "TOGGLE",
    "MOD_ARMOR": [
        4,
        0
    ],
    "MOD_BRAKES": [
        2,
        0
    ],
    "MOD_ENGINE": [
        3,
        0
    ],
    "MOD_EXHAUST": [
        2,
        0
    ],
    "MOD_FRONTBUMPER": [
        2,
        0
    ],
    "MOD_FRONTWHEEL": [
        2,
        0
    ],
    "MOD_GRILLE": [
        8,
        0
    ],
    "MOD_HOOD": [
        2,
        0
    ],
    "MOD_HORNS": [
        8,
        0
    ],
    "MOD_ROOF": [
        0,
        0
    ],
    "MOD_SIDESKIRT": [
        1,
        0
    ],
    "MOD_SPOILERS": [
        7,
        0
    ],
    "MOD_SUSPENSION": [
        3,
        0
    ],
    "MOD_TIRESMOKE": "TOGGLE",
    "MOD_TRANSMISSION": [
        2,
        0
    ],
    "MOD_TURBO": "TOGGLE",
    "MOD_XENONHEADLIGHTS": "TOGGLE",
    "clan_logo": 0,
    "dash_color": 132,
    "drift_tires": 0,
    "has_collision": true,
    "headlight_color": 255,
    "interior_color": 62,
    "is_visible": true,
    "model_attachments": [],
    "neon_color": [
        0,
        0,
        0
    ],
    "neon_lights": [
        false,
        false,
        false,
        false
    ],
    "pearlescent_color": 70,
    "plate_text": "8SGZP782",
    "plate_text_index": 0,
    "primary_color": 72,
    "radio_station": "RADIO_16_SILVERLAKE",
    "secondary_color": 72,
    "tire_can_burst": 0,
    "tire_smoke_color": [
        0,
        0,
        0
    ],
    "vehicle_attachments": [],
    "vehicle_extras": [],
    "vehicle_model_hash": 1483171323,
    "vehicle_window_tint": 1,
    "wheel_color": 122,
    "wheel_type": 10
}