{
    "": "TOGGLE",
    "MOD_ARMOR": [
        4,
        0
    ],
    "MOD_BRAKES": [
        2,
        0
    ],
    "MOD_ENGINE": [
        3,
        0
    ],
    "MOD_FRONTWHEEL": [
        120,
        0
    ],
    "MOD_LIVERY": [
        1,
        0
    ],
    "MOD_SUSPENSION": [
        4,
        0
    ],
    "MOD_TIRESMOKE": "TOGGLE",
    "MOD_TRANSMISSION": [
        2,
        0
    ],
    "MOD_TURBO": "TOGGLE",
    "MOD_XENONHEADLIGHTS": "TOGGLE",
    "clan_logo": 0,
    "custom_primary_color": [
        41,
        255,
        0
    ],
    "custom_secondary_color": [
        41,
        255,
        0
    ],
    "dash_color": 111,
    "drift_tires": 0,
    "has_collision": true,
    "headlight_color": 255,
    "interior_color": 88,
    "is_visible": true,
    "model_attachments": [],
    "neon_color": [
        40,
        255,
        0
    ],
    "neon_lights": [
        true,
        true,
        true,
        true
    ],
    "pearlescent_color": 88,
    "plate_text": "DOGONPAI",
    "plate_text_index": 0,
    "primary_color": 0,
    "radio_station": "RADIO_16_SILVERLAKE",
    "secondary_color": 92,
    "tire_can_burst": 0,
    "tire_smoke_color": [
        0,
        0,
        0
    ],
    "vehicle_attachments": [],
    "vehicle_extras": [
        [
            4,
            false
        ],
        [
            5,
            false
        ]
    ],
    "vehicle_model_hash": 3631668194,
    "vehicle_window_tint": 1,
    "wheel_color": 156,
    "wheel_type": 8
}