{
    "MOD_ARMOR": [
        4,
        0
    ],
    "MOD_BRAKES": [
        2,
        0
    ],
    "MOD_ENGINE": [
        3,
        0
    ],
    "MOD_EXHAUST": [
        7,
        0
    ],
    "MOD_FRAME": [
        0,
        0
    ],
    "MOD_FRONTBUMPER": [
        0,
        0
    ],
    "MOD_FRONTWHEEL": [
        121,
        0
    ],
    "MOD_HORNS": [
        42,
        0
    ],
    "MOD_REARBUMPER": [
        0,
        0
    ],
    "MOD_SPOILERS": [
        8,
        0
    ],
    "MOD_SUSPENSION": [
        0,
        0
    ],
    "MOD_TIRESMOKE": "TOGGLE",
    "MOD_TRANSMISSION": [
        2,
        0
    ],
    "MOD_TURBO": "TOGGLE",
    "MOD_XENONHEADLIGHTS": "TOGGLE",
    "clan_logo": 0,
    "custom_primary_color": [
        37,
        0,
        255
    ],
    "dash_color": 0,
    "drift_tires": 0,
    "has_collision": true,
    "headlight_color": 11,
    "interior_color": 0,
    "is_visible": true,
    "model_attachments": [],
    "neon_color": [
        107,
        255,
        0
    ],
    "neon_lights": [
        true,
        true,
        true,
        true
    ],
    "pearlescent_color": 38,
    "plate_text": "46EEK572",
    "plate_text_index": 0,
    "primary_color": 158,
    "radio_station": "RADIO_14_DANCE_02",
    "secondary_color": 55,
    "tire_can_burst": 0,
    "tire_smoke_color": [
        114,
        204,
        114
    ],
    "vehicle_attachments": [],
    "vehicle_extras": [],
    "vehicle_model_hash": 1591739866,
    "vehicle_window_tint": 1,
    "wheel_color": 55,
    "wheel_type": 8
}