{
    "": "TOGGLE",
    "MOD_ARMOR": [
        4,
        0
    ],
    "MOD_BRAKES": [
        2,
        0
    ],
    "MOD_ENGINE": [
        3,
        0
    ],
    "MOD_EXHAUST": [
        2,
        0
    ],
    "MOD_FRONTWHEEL": [
        106,
        0
    ],
    "MOD_GRILLE": [
        9,
        0
    ],
    "MOD_HOOD": [
        3,
        0
    ],
    "MOD_HORNS": [
        56,
        0
    ],
    "MOD_LIVERY": [
        7,
        0
    ],
    "MOD_REARBUMPER": [
        3,
        0
    ],
    "MOD_ROOF": [
        0,
        0
    ],
    "MOD_SPOILERS": [
        2,
        0
    ],
    "MOD_SUSPENSION": [
        4,
        0
    ],
    "MOD_TRANSMISSION": [
        3,
        0
    ],
    "MOD_TURBO": "TOGGLE",
    "MOD_XENONHEADLIGHTS": "TOGGLE",
    "clan_logo": 0,
    "custom_primary_color": [
        0,
        0,
        0
    ],
    "custom_secondary_color": [
        0,
        0,
        0
    ],
    "dash_color": 0,
    "drift_tires": 0,
    "has_collision": true,
    "headlight_color": 255,
    "interior_color": 27,
    "is_visible": true,
    "model_attachments": [],
    "neon_color": [
        2,
        21,
        255
    ],
    "neon_lights": [
        true,
        true,
        true,
        true
    ],
    "pearlescent_color": 28,
    "plate_text": "KSKSTYLE",
    "plate_text_index": 3,
    "primary_color": 12,
    "radio_station": "RADIO_19_USER",
    "secondary_color": 12,
    "tire_can_burst": 0,
    "vehicle_attachments": [],
    "vehicle_extras": [
        [
            1,
            true
        ],
        [
            2,
            false
        ]
    ],
    "vehicle_model_hash": 1279262537,
    "vehicle_window_tint": 1,
    "wheel_color": 0,
    "wheel_type": 8
}