{
    "MOD_EXHAUST": [
        2,
        0
    ],
    "MOD_FRONTBUMPER": [
        0,
        0
    ],
    "MOD_FRONTWHEEL": [
        9,
        1
    ],
    "MOD_GRILLE": [
        3,
        0
    ],
    "MOD_HOOD": [
        4,
        0
    ],
    "MOD_REARBUMPER": [
        0,
        0
    ],
    "MOD_ROOF": [
        0,
        0
    ],
    "clan_logo": 0,
    "dash_color": 132,
    "drift_tires": 0,
    "has_collision": true,
    "headlight_color": 255,
    "interior_color": 1,
    "is_visible": true,
    "model_attachments": [],
    "neon_color": [
        0,
        0,
        0
    ],
    "neon_lights": [
        false,
        false,
        false,
        false
    ],
    "pearlescent_color": 53,
    "plate_text": "08BEB666",
    "plate_text_index": 0,
    "primary_color": 50,
    "radio_station": "RADIO_36_AUDIOPLAYER",
    "secondary_color": 120,
    "tire_can_burst": 1,
    "vehicle_attachments": [],
    "vehicle_extras": [
        [
            1,
            false
        ],
        [
            2,
            false
        ]
    ],
    "vehicle_model_hash": 1279262537,
    "vehicle_window_tint": 0,
    "wheel_color": 156,
    "wheel_type": 1
}