{
    "": "TOGGLE",
    "MOD_AIRFILTER": [
        8,
        0
    ],
    "MOD_ARMOR": [
        4,
        0
    ],
    "MOD_BRAKES": [
        2,
        0
    ],
    "MOD_ENGINE": [
        3,
        0
    ],
    "MOD_ENGINEBLOCK": [
        1,
        0
    ],
    "MOD_EXHAUST": [
        5,
        0
    ],
    "MOD_FRONTBUMPER": [
        10,
        0
    ],
    "MOD_FRONTWHEEL": [
        20,
        1
    ],
    "MOD_HORNS": [
        57,
        0
    ],
    "MOD_LIVERY": [
        17,
        0
    ],
    "MOD_REARBUMPER": [
        10,
        0
    ],
    "MOD_REARWHEEL": [
        20,
        1
    ],
    "MOD_RIGHTFENDER": [
        6,
        0
    ],
    "MOD_SEATS": [
        13,
        0
    ],
    "MOD_SPOILERS": [
        9,
        0
    ],
    "MOD_TANK": [
        7,
        0
    ],
    "MOD_TRANSMISSION": [
        2,
        0
    ],
    "MOD_TURBO": "TOGGLE",
    "MOD_XENONHEADLIGHTS": "TOGGLE",
    "clan_logo": 0,
    "dash_color": 111,
    "has_collision": true,
    "headlight_color": 12,
    "interior_color": 156,
    "is_invincible": false,
    "is_visible": true,
    "model_attachments": [],
    "neon_color": [
        15,
        3,
        255
    ],
    "neon_lights": [
        true,
        true,
        true,
        true
    ],
    "pearlescent_color": 3,
    "plate_text": "PUTOS N ",
    "plate_text_index": 5,
    "primary_color": 0,
    "radio_station": "RADIO_17_FUNK",
    "secondary_color": 112,
    "tire_smoke_color": [
        20,
        20,
        20
    ],
    "vehicle_attachments": [],
    "vehicle_extras": [],
    "vehicle_model_hash": 1790834270,
    "vehicle_window_tint": 6,
    "wheel_color": 0,
    "wheel_type": 6
}