{
    "": "TOGGLE",
    "MOD_AERIALS": [
        3,
        0
    ],
    "MOD_AIRFILTER": [
        13,
        0
    ],
    "MOD_ARMOR": [
        4,
        0
    ],
    "MOD_BRAKES": [
        2,
        0
    ],
    "MOD_ENGINE": [
        3,
        0
    ],
    "MOD_ENGINEBLOCK": [
        2,
        0
    ],
    "MOD_EXHAUST": [
        1,
        0
    ],
    "MOD_FRONTWHEEL": [
        14,
        0
    ],
    "MOD_GRILLE": [
        1,
        0
    ],
    "MOD_HOOD": [
        14,
        0
    ],
    "MOD_LIVERY": [
        0,
        0
    ],
    "MOD_REARBUMPER": [
        0,
        0
    ],
    "MOD_SEATS": [
        0,
        0
    ],
    "MOD_STEERINGWHEELS": [
        1,
        0
    ],
    "MOD_STRUTS": [
        5,
        0
    ],
    "MOD_TANK": [
        0,
        0
    ],
    "MOD_TRANSMISSION": [
        2,
        0
    ],
    "MOD_TURBO": "TOGGLE",
    "MOD_VANITYPLATES": [
        0,
        0
    ],
    "clan_logo": 0,
    "custom_primary_color": [
        9,
        24,
        9
    ],
    "custom_secondary_color": [
        9,
        24,
        9
    ],
    "dash_color": 134,
    "drift_tires": 0,
    "has_collision": true,
    "headlight_color": 255,
    "interior_color": 93,
    "is_visible": true,
    "model_attachments": [],
    "neon_color": [
        255,
        0,
        255
    ],
    "neon_lights": [
        false,
        false,
        false,
        false
    ],
    "pearlescent_color": 5,
    "plate_text": "21XIO512",
    "plate_text_index": 4,
    "primary_color": 111,
    "radio_station": "RADIO_04_PUNK",
    "secondary_color": 0,
    "tire_can_burst": 0,
    "vehicle_attachments": [],
    "vehicle_extras": [],
    "vehicle_model_hash": 736672010,
    "vehicle_window_tint": -1,
    "wheel_color": 100,
    "wheel_type": 0
}