{
    "MOD_AERIALS": [
        4,
        0
    ],
    "MOD_AIRFILTER": [
        13,
        0
    ],
    "MOD_ARCHCOVER": [
        7,
        0
    ],
    "MOD_ARMOR": [
        4,
        0
    ],
    "MOD_BRAKES": [
        2,
        0
    ],
    "MOD_ENGINE": [
        3,
        0
    ],
    "MOD_ENGINEBLOCK": [
        5,
        0
    ],
    "MOD_EXHAUST": [
        5,
        0
    ],
    "MOD_FENDER": [
        4,
        0
    ],
    "MOD_FRAME": [
        4,
        0
    ],
    "MOD_FRONTBUMPER": [
        1,
        0
    ],
    "MOD_FRONTWHEEL": [
        121,
        0
    ],
    "MOD_GRILLE": [
        2,
        0
    ],
    "MOD_HOOD": [
        11,
        0
    ],
    "MOD_HORNS": [
        57,
        0
    ],
    "MOD_REARBUMPER": [
        4,
        0
    ],
    "MOD_ROOF": [
        3,
        0
    ],
    "MOD_SEATS": [
        13,
        0
    ],
    "MOD_SIDESKIRT": [
        5,
        0
    ],
    "MOD_SPOILERS": [
        8,
        0
    ],
    "MOD_STEERINGWHEELS": [
        15,
        0
    ],
    "MOD_STRUTS": [
        11,
        0
    ],
    "MOD_SUSPENSION": [
        3,
        0
    ],
    "MOD_TANK": [
        2,
        0
    ],
    "MOD_TIRESMOKE": "TOGGLE",
    "MOD_TRANSMISSION": [
        2,
        0
    ],
    "MOD_TRIMDESIGN": [
        0,
        0
    ],
    "MOD_TURBO": "TOGGLE",
    "MOD_VANITYPLATES": [
        5,
        0
    ],
    "MOD_XENONHEADLIGHTS": "TOGGLE",
    "clan_logo": 0,
    "custom_primary_color": [
        90,
        1,
        250
    ],
    "custom_secondary_color": [
        90,
        1,
        250
    ],
    "dash_color": 93,
    "drift_tires": 0,
    "has_collision": true,
    "headlight_color": 11,
    "interior_color": 134,
    "is_visible": true,
    "model_attachments": [],
    "neon_color": [
        90,
        1,
        255
    ],
    "neon_lights": [
        true,
        true,
        true,
        true
    ],
    "pearlescent_color": 18,
    "plate_text": "        ",
    "plate_text_index": 0,
    "primary_color": 117,
    "radio_station": "RADIO_04_PUNK",
    "secondary_color": 0,
    "tire_can_burst": 0,
    "tire_smoke_color": [
        90,
        250,
        250
    ],
    "vehicle_attachments": [],
    "vehicle_extras": [],
    "vehicle_model_hash": 736672010,
    "vehicle_window_tint": 0,
    "wheel_color": 24,
    "wheel_type": 8
}