{
    "MOD_BRAKES": [
        2,
        0
    ],
    "MOD_DASHBOARD": [
        0,
        0
    ],
    "MOD_DOORSPEAKERS": [
        4,
        0
    ],
    "MOD_ENGINE": [
        3,
        0
    ],
    "MOD_FENDER": [
        0,
        0
    ],
    "MOD_FRONTBUMPER": [
        5,
        0
    ],
    "MOD_FRONTWHEEL": [
        115,
        0
    ],
    "MOD_HOOD": [
        15,
        0
    ],
    "MOD_LIVERY": [
        11,
        0
    ],
    "MOD_REARBUMPER": [
        8,
        0
    ],
    "MOD_ROOF": [
        1,
        0
    ],
    "MOD_SEATS": [
        13,
        0
    ],
    "MOD_SIDESKIRT": [
        11,
        0
    ],
    "MOD_SPOILERS": [
        14,
        0
    ],
    "MOD_STEERINGWHEELS": [
        11,
        0
    ],
    "MOD_SUSPENSION": [
        3,
        0
    ],
    "MOD_TANK": [
        0,
        0
    ],
    "MOD_TIRESMOKE": "TOGGLE",
    "MOD_TRANSMISSION": [
        2,
        0
    ],
    "MOD_TRIM": [
        0,
        0
    ],
    "MOD_TRIMDESIGN": [
        0,
        0
    ],
    "MOD_TURBO": "TOGGLE",
    "MOD_WINDOWS": [
        0,
        0
    ],
    "MOD_XENONHEADLIGHTS": "TOGGLE",
    "clan_logo": 0,
    "custom_primary_color": [
        255,
        255,
        255
    ],
    "custom_secondary_color": [
        255,
        255,
        255
    ],
    "dash_color": 5,
    "drift_tires": 0,
    "has_collision": true,
    "headlight_color": 0,
    "interior_color": 111,
    "is_visible": true,
    "model_attachments": [],
    "neon_color": [
        255,
        255,
        255
    ],
    "neon_lights": [
        true,
        true,
        true,
        true
    ],
    "pearlescent_color": 120,
    "plate_text": "        ",
    "plate_text_index": 1,
    "primary_color": 132,
    "radio_station": "RADIO_35_DLC_HEI4_MLR",
    "secondary_color": 156,
    "tire_can_burst": 0,
    "tire_smoke_color": [
        255,
        255,
        255
    ],
    "vehicle_attachments": [],
    "vehicle_extras": [],
    "vehicle_model_hash": 426742808,
    "vehicle_window_tint": 0,
    "wheel_color": 29,
    "wheel_type": 11
}