{
    "": [
        1,
        0
    ],
    "MOD_AERIALS": [
        2,
        0
    ],
    "MOD_AIRFILTER": [
        23,
        0
    ],
    "MOD_ARCHCOVER": [
        3,
        0
    ],
    "MOD_ARMOR": [
        4,
        0
    ],
    "MOD_BRAKES": [
        2,
        0
    ],
    "MOD_DASHBOARD": [
        2,
        0
    ],
    "MOD_DIALDESIGN": [
        5,
        0
    ],
    "MOD_DOORSPEAKERS": [
        4,
        0
    ],
    "MOD_ENGINE": [
        3,
        0
    ],
    "MOD_ENGINEBLOCK": [
        3,
        0
    ],
    "MOD_EXHAUST": [
        3,
        0
    ],
    "MOD_FRAME": [
        3,
        0
    ],
    "MOD_FRONTBUMPER": [
        6,
        0
    ],
    "MOD_FRONTWHEEL": [
        3,
        1
    ],
    "MOD_GRILLE": [
        2,
        0
    ],
    "MOD_HOOD": [
        21,
        0
    ],
    "MOD_HORNS": [
        42,
        0
    ],
    "MOD_LIVERY": [
        8,
        0
    ],
    "MOD_REARBUMPER": [
        11,
        0
    ],
    "MOD_SEATS": [
        11,
        0
    ],
    "MOD_SPOILERS": [
        1,
        0
    ],
    "MOD_STEERINGWHEELS": [
        14,
        0
    ],
    "MOD_STRUTS": [
        14,
        0
    ],
    "MOD_SUSPENSION": [
        3,
        0
    ],
    "MOD_TRANSMISSION": [
        2,
        0
    ],
    "MOD_TRIM": [
        0,
        0
    ],
    "MOD_TURBO": "TOGGLE",
    "MOD_XENONHEADLIGHTS": "TOGGLE",
    "clan_logo": 0,
    "dash_color": 111,
    "has_collision": true,
    "headlight_color": 255,
    "interior_color": 3,
    "is_invincible": false,
    "is_visible": true,
    "model_attachments": [],
    "neon_color": [
        35,
        1,
        255
    ],
    "neon_lights": [
        true,
        true,
        true,
        true
    ],
    "pearlescent_color": 145,
    "plate_text": "01HUD527",
    "plate_text_index": 1,
    "primary_color": 112,
    "radio_station": "RADIO_35_DLC_HEI4_MLR",
    "secondary_color": 10,
    "tire_smoke_color": [
        132,
        102,
        226
    ],
    "vehicle_attachments": [],
    "vehicle_extras": [],
    "vehicle_model_hash": 426742808,
    "vehicle_window_tint": 1,
    "wheel_color": 122,
    "wheel_type": 5
}