{
    "": "TOGGLE",
    "MOD_ARMOR": [
        4,
        0
    ],
    "MOD_BRAKES": [
        2,
        0
    ],
    "MOD_ENGINE": [
        3,
        0
    ],
    "MOD_EXHAUST": [
        1,
        0
    ],
    "MOD_FRAME": [
        1,
        0
    ],
    "MOD_FRONTBUMPER": [
        6,
        0
    ],
    "MOD_FRONTWHEEL": [
        50,
        0
    ],
    "MOD_GRILLE": [
        13,
        0
    ],
    "MOD_HOOD": [
        14,
        0
    ],
    "MOD_HORNS": [
        2,
        0
    ],
    "MOD_LIVERY": [
        5,
        0
    ],
    "MOD_REARBUMPER": [
        6,
        0
    ],
    "MOD_SIDESKIRT": [
        2,
        0
    ],
    "MOD_SPOILERS": [
        19,
        0
    ],
    "MOD_TIRESMOKE": "TOGGLE",
    "MOD_TRANSMISSION": [
        2,
        0
    ],
    "MOD_TURBO": "TOGGLE",
    "clan_logo": 0,
    "convertable_state": 2,
    "dash_color": 156,
    "drift_tires": 0,
    "has_collision": true,
    "headlight_color": 0,
    "interior_color": 2,
    "is_visible": true,
    "model_attachments": [],
    "neon_color": [
        255,
        255,
        255
    ],
    "neon_lights": [
        true,
        true,
        true,
        true
    ],
    "pearlescent_color": 18,
    "plate_text": "DOGONPAI",
    "plate_text_index": 4,
    "primary_color": 135,
    "radio_station": "RADIO_04_PUNK",
    "secondary_color": 135,
    "tire_can_burst": 0,
    "tire_smoke_color": [
        0,
        0,
        0
    ],
    "vehicle_attachments": [],
    "vehicle_extras": [],
    "vehicle_model_hash": 3853757601,
    "vehicle_window_tint": 1,
    "wheel_color": 135,
    "wheel_type": 8
}