{
    "": [
        9,
        0
    ],
    "MOD_AERIALS": [
        4,
        0
    ],
    "MOD_AIRFILTER": [
        24,
        0
    ],
    "MOD_ARCHCOVER": [
        3,
        0
    ],
    "MOD_ARMOR": [
        4,
        0
    ],
    "MOD_BRAKES": [
        2,
        0
    ],
    "MOD_DASHBOARD": [
        2,
        0
    ],
    "MOD_DIALDESIGN": [
        5,
        0
    ],
    "MOD_DOORSPEAKERS": [
        4,
        0
    ],
    "MOD_ENGINE": [
        3,
        0
    ],
    "MOD_ENGINEBLOCK": [
        3,
        0
    ],
    "MOD_EXHAUST": [
        7,
        0
    ],
    "MOD_FRAME": [
        4,
        0
    ],
    "MOD_FRONTBUMPER": [
        13,
        0
    ],
    "MOD_GRILLE": [
        2,
        0
    ],
    "MOD_HOOD": [
        17,
        0
    ],
    "MOD_LIVERY": [
        13,
        0
    ],
    "MOD_REARBUMPER": [
        12,
        0
    ],
    "MOD_RIGHTFENDER": [
        4,
        0
    ],
    "MOD_ROOF": [
        0,
        0
    ],
    "MOD_SEATS": [
        13,
        0
    ],
    "MOD_SIDESKIRT": [
        16,
        0
    ],
    "MOD_SPOILERS": [
        20,
        0
    ],
    "MOD_STEERINGWHEELS": [
        15,
        0
    ],
    "MOD_STRUTS": [
        15,
        0
    ],
    "MOD_SUSPENSION": [
        3,
        0
    ],
    "MOD_TRANSMISSION": [
        2,
        0
    ],
    "MOD_TRIM": [
        1,
        0
    ],
    "MOD_TRIMDESIGN": [
        2,
        0
    ],
    "MOD_TURBO": "TOGGLE",
    "MOD_WINDOWS": [
        1,
        0
    ],
    "MOD_XENONHEADLIGHTS": "TOGGLE",
    "clan_logo": 0,
    "dash_color": 111,
    "has_collision": true,
    "headlight_color": 255,
    "interior_color": 3,
    "is_invincible": false,
    "is_visible": true,
    "model_attachments": [],
    "neon_color": [
        15,
        3,
        255
    ],
    "neon_lights": [
        true,
        true,
        true,
        true
    ],
    "pearlescent_color": 64,
    "plate_text": "68RDQ288",
    "plate_text_index": 0,
    "primary_color": 72,
    "radio_station": "RADIO_35_DLC_HEI4_MLR",
    "secondary_color": 82,
    "tire_smoke_color": [
        255,
        255,
        255
    ],
    "vehicle_attachments": [],
    "vehicle_extras": [],
    "vehicle_model_hash": 426742808,
    "vehicle_window_tint": 1,
    "wheel_color": 156,
    "wheel_type": 0
}