{
    "MOD_AIRFILTER": [
        13,
        0
    ],
    "MOD_ARMOR": [
        4,
        0
    ],
    "MOD_BRAKES": [
        2,
        0
    ],
    "MOD_ENGINE": [
        3,
        0
    ],
    "MOD_ENGINEBLOCK": [
        3,
        0
    ],
    "MOD_EXHAUST": [
        0,
        0
    ],
    "MOD_FRAME": [
        4,
        0
    ],
    "MOD_FRONTBUMPER": [
        1,
        0
    ],
    "MOD_FRONTWHEEL": [
        31,
        0
    ],
    "MOD_GRILLE": [
        0,
        0
    ],
    "MOD_HOOD": [
        0,
        0
    ],
    "MOD_HORNS": [
        42,
        0
    ],
    "MOD_LIVERY": [
        0,
        0
    ],
    "MOD_REARBUMPER": [
        4,
        0
    ],
    "MOD_SEATS": [
        11,
        0
    ],
    "MOD_SIDESKIRT": [
        3,
        0
    ],
    "MOD_STEERINGWHEELS": [
        11,
        0
    ],
    "MOD_STRUTS": [
        5,
        0
    ],
    "MOD_SUSPENSION": [
        0,
        0
    ],
    "MOD_TANK": [
        2,
        0
    ],
    "MOD_TIRESMOKE": "TOGGLE",
    "MOD_TRANSMISSION": [
        2,
        0
    ],
    "MOD_TURBO": "TOGGLE",
    "MOD_VANITYPLATES": [
        0,
        0
    ],
    "clan_logo": 0,
    "dash_color": 5,
    "drift_tires": 0,
    "has_collision": true,
    "headlight_color": 255,
    "interior_color": 11,
    "is_visible": true,
    "model_attachments": [],
    "neon_color": [
        0,
        0,
        0
    ],
    "neon_lights": [
        false,
        false,
        false,
        false
    ],
    "pearlescent_color": 52,
    "plate_text": "ALNBRITO",
    "plate_text_index": 1,
    "primary_color": 49,
    "radio_station": "RADIO_37_MOTOMAMI",
    "secondary_color": 120,
    "tire_can_burst": 0,
    "tire_smoke_color": [
        20,
        20,
        20
    ],
    "vehicle_attachments": [],
    "vehicle_extras": [],
    "vehicle_model_hash": 736672010,
    "vehicle_window_tint": 0,
    "wheel_color": 156,
    "wheel_type": 3
}