{
    "": "TOGGLE",
    "MOD_ARMOR": [
        4,
        0
    ],
    "MOD_BRAKES": [
        2,
        0
    ],
    "MOD_ENGINE": [
        3,
        0
    ],
    "MOD_EXHAUST": [
        2,
        0
    ],
    "MOD_FENDER": [
        0,
        0
    ],
    "MOD_FRAME": [
        7,
        0
    ],
    "MOD_FRONTBUMPER": [
        9,
        0
    ],
    "MOD_FRONTWHEEL": [
        104,
        0
    ],
    "MOD_GRILLE": [
        4,
        0
    ],
    "MOD_HOOD": [
        15,
        0
    ],
    "MOD_LIVERY": [
        3,
        0
    ],
    "MOD_REARBUMPER": [
        9,
        0
    ],
    "MOD_RIGHTFENDER": [
        6,
        0
    ],
    "MOD_ROOF": [
        6,
        0
    ],
    "MOD_SIDESKIRT": [
        6,
        0
    ],
    "MOD_SPOILERS": [
        10,
        0
    ],
    "MOD_TRANSMISSION": [
        2,
        0
    ],
    "MOD_TURBO": "TOGGLE",
    "MOD_XENONHEADLIGHTS": "TOGGLE",
    "clan_logo": 0,
    "custom_primary_color": [
        55,
        9,
        9
    ],
    "custom_secondary_color": [
        55,
        9,
        9
    ],
    "dash_color": 0,
    "drift_tires": 0,
    "has_collision": true,
    "headlight_color": 255,
    "interior_color": 150,
    "is_visible": true,
    "model_attachments": [],
    "neon_color": [
        255,
        0,
        0
    ],
    "neon_lights": [
        true,
        true,
        true,
        true
    ],
    "pearlescent_color": 150,
    "plate_text": "KSKSTYLE",
    "plate_text_index": 6,
    "primary_color": 12,
    "radio_station": "RADIO_19_USER",
    "secondary_color": 12,
    "tire_can_burst": 0,
    "vehicle_attachments": [],
    "vehicle_extras": [],
    "vehicle_model_hash": 3526923154,
    "vehicle_window_tint": 1,
    "wheel_color": 0,
    "wheel_type": 11
}