{
    "": [
        1,
        0
    ],
    "MOD_AIRFILTER": [
        2,
        0
    ],
    "MOD_ARMOR": [
        4,
        0
    ],
    "MOD_BRAKES": [
        2,
        0
    ],
    "MOD_DASHBOARD": [
        4,
        0
    ],
    "MOD_ENGINE": [
        3,
        0
    ],
    "MOD_EXHAUST": [
        12,
        0
    ],
    "MOD_FENDER": [
        1,
        0
    ],
    "MOD_FRONTBUMPER": [
        1,
        0
    ],
    "MOD_FRONTWHEEL": [
        29,
        1
    ],
    "MOD_HOOD": [
        11,
        0
    ],
    "MOD_HORNS": [
        26,
        0
    ],
    "MOD_LIVERY": [
        2,
        0
    ],
    "MOD_REARBUMPER": [
        0,
        0
    ],
    "MOD_RIGHTFENDER": [
        1,
        0
    ],
    "MOD_ROOF": [
        4,
        0
    ],
    "MOD_SEATS": [
        13,
        0
    ],
    "MOD_SIDESKIRT": [
        0,
        0
    ],
    "MOD_SPOILERS": [
        2,
        0
    ],
    "MOD_STEERINGWHEELS": [
        8,
        0
    ],
    "MOD_STRUTS": [
        4,
        0
    ],
    "MOD_SUSPENSION": [
        3,
        0
    ],
    "MOD_TANK": [
        0,
        0
    ],
    "MOD_TIRESMOKE": "TOGGLE",
    "MOD_TRANSMISSION": [
        2,
        0
    ],
    "MOD_TRIM": [
        2,
        0
    ],
    "MOD_TRIMDESIGN": [
        0,
        0
    ],
    "MOD_TURBO": "TOGGLE",
    "MOD_VANITYPLATES": [
        1,
        0
    ],
    "MOD_XENONHEADLIGHTS": "TOGGLE",
    "clan_logo": 0,
    "dash_color": 0,
    "drift_tires": 0,
    "has_collision": true,
    "headlight_color": 255,
    "interior_color": 0,
    "is_visible": true,
    "model_attachments": [],
    "neon_color": [
        255,
        150,
        5
    ],
    "neon_lights": [
        true,
        true,
        true,
        true
    ],
    "pearlescent_color": 138,
    "plate_text": "0CBTK047",
    "plate_text_index": 0,
    "primary_color": 143,
    "radio_station": "OFF",
    "secondary_color": 143,
    "tire_can_burst": 0,
    "tire_smoke_color": [
        255,
        127,
        0
    ],
    "vehicle_attachments": [],
    "vehicle_extras": [],
    "vehicle_model_hash": 4113404654,
    "vehicle_window_tint": 3,
    "wheel_color": 156,
    "wheel_type": 5
}