{
    "": [
        0,
        0
    ],
    "MOD_AERIALS": [
        1,
        0
    ],
    "MOD_AIRFILTER": [
        7,
        0
    ],
    "MOD_ARMOR": [
        4,
        0
    ],
    "MOD_BRAKES": [
        2,
        0
    ],
    "MOD_DASHBOARD": [
        3,
        0
    ],
    "MOD_DIALDESIGN": [
        2,
        0
    ],
    "MOD_DOORSPEAKERS": [
        7,
        0
    ],
    "MOD_ENGINE": [
        3,
        0
    ],
    "MOD_EXHAUST": [
        2,
        0
    ],
    "MOD_FRAME": [
        4,
        0
    ],
    "MOD_FRONTBUMPER": [
        0,
        0
    ],
    "MOD_FRONTWHEEL": [
        9,
        0
    ],
    "MOD_GRILLE": [
        2,
        0
    ],
    "MOD_HORNS": [
        1,
        0
    ],
    "MOD_LIVERY": [
        7,
        0
    ],
    "MOD_REARBUMPER": [
        1,
        0
    ],
    "MOD_SEATS": [
        3,
        0
    ],
    "MOD_SIDESKIRT": [
        12,
        0
    ],
    "MOD_SPOILERS": [
        0,
        0
    ],
    "MOD_STEERINGWHEELS": [
        10,
        0
    ],
    "MOD_STRUTS": [
        10,
        0
    ],
    "MOD_SUSPENSION": [
        3,
        0
    ],
    "MOD_TIRESMOKE": "TOGGLE",
    "MOD_TRANSMISSION": [
        2,
        0
    ],
    "MOD_TURBO": "TOGGLE",
    "MOD_XENONHEADLIGHTS": "TOGGLE",
    "clan_logo": 0,
    "custom_primary_color": [
        0,
        140,
        240
    ],
    "dash_color": 111,
    "drift_tires": 0,
    "has_collision": true,
    "headlight_color": 255,
    "interior_color": 0,
    "is_visible": true,
    "model_attachments": [],
    "neon_color": [
        0,
        0,
        0
    ],
    "neon_lights": [
        false,
        false,
        false,
        false
    ],
    "pearlescent_color": 10,
    "plate_text": "        ",
    "plate_text_index": 8,
    "primary_color": 0,
    "radio_station": "OFF",
    "secondary_color": 0,
    "tire_can_burst": 0,
    "tire_smoke_color": [
        20,
        20,
        20
    ],
    "vehicle_attachments": [],
    "vehicle_extras": [],
    "vehicle_model_hash": 1923534526,
    "vehicle_window_tint": 0,
    "wheel_color": 0,
    "wheel_type": 11
}