{
    "": "TOGGLE",
    "MOD_ARMOR": [
        4,
        0
    ],
    "MOD_BRAKES": [
        2,
        0
    ],
    "MOD_ENGINE": [
        3,
        0
    ],
    "MOD_EXHAUST": [
        1,
        0
    ],
    "MOD_FENDER": [
        0,
        0
    ],
    "MOD_FRONTBUMPER": [
        5,
        0
    ],
    "MOD_FRONTWHEEL": [
        216,
        0
    ],
    "MOD_GRILLE": [
        2,
        0
    ],
    "MOD_HOOD": [
        1,
        0
    ],
    "MOD_REARBUMPER": [
        1,
        0
    ],
    "MOD_ROOF": [
        3,
        0
    ],
    "MOD_SIDESKIRT": [
        1,
        0
    ],
    "MOD_SPOILERS": [
        0,
        0
    ],
    "MOD_SUSPENSION": [
        3,
        0
    ],
    "MOD_TIRESMOKE": "TOGGLE",
    "MOD_TRANSMISSION": [
        2,
        0
    ],
    "MOD_TURBO": "TOGGLE",
    "MOD_XENONHEADLIGHTS": "TOGGLE",
    "clan_logo": 0,
    "dash_color": 0,
    "drift_tires": 0,
    "has_collision": true,
    "headlight_color": 3,
    "interior_color": 0,
    "is_visible": true,
    "model_attachments": [],
    "neon_color": [
        208,
        59,
        49
    ],
    "neon_lights": [
        false,
        true,
        false,
        true
    ],
    "pearlescent_color": 148,
    "plate_text": "43MVK734",
    "plate_text_index": 4,
    "primary_color": 12,
    "radio_station": "RADIO_37_MOTOMAMI",
    "secondary_color": 59,
    "tire_can_burst": 0,
    "tire_smoke_color": [
        10,
        145,
        147
    ],
    "vehicle_attachments": [],
    "vehicle_extras": [
        [
            10,
            false
        ],
        [
            11,
            true
        ],
        [
            12,
            true
        ]
    ],
    "vehicle_model_hash": 1177543287,
    "vehicle_window_tint": 1,
    "wheel_color": 119,
    "wheel_type": 9
}