{
    "": [
        -1,
        0
    ],
    "MOD_ARMOR": [
        4,
        0
    ],
    "MOD_BRAKES": [
        2,
        0
    ],
    "MOD_ENGINE": [
        3,
        0
    ],
    "MOD_FRAME": [
        1,
        0
    ],
    "MOD_FRONTWHEEL": [
        42,
        0
    ],
    "MOD_HORNS": [
        -1,
        0
    ],
    "MOD_LIVERY": [
        25,
        0
    ],
    "MOD_RIGHTFENDER": [
        0,
        0
    ],
    "MOD_ROOF": [
        1,
        0
    ],
    "MOD_SIDESKIRT": [
        0,
        0
    ],
    "MOD_SUSPENSION": [
        3,
        0
    ],
    "MOD_TIRESMOKE": "TOGGLE",
    "MOD_TRANSMISSION": [
        2,
        0
    ],
    "MOD_TURBO": "TOGGLE",
    "MOD_XENONHEADLIGHTS": "TOGGLE",
    "custom_primary_color": [
        19,
        5,
        51
    ],
    "custom_secondary_color": [
        19,
        5,
        51
    ],
    "dash_color": 0,
    "drift_tires": 0,
    "headlight_color": 11,
    "interior_color": 0,
    "neon_color": [
        13,
        28,
        128
    ],
    "neon_lights": [
        true,
        true,
        true,
        true
    ],
    "pearlescent_color": 0,
    "plate_text": "41SYS045",
    "plate_text_index": 0,
    "primary_color": 65,
    "secondary_color": 154,
    "tire_can_burst": 0,
    "tire_smoke_color": [
        0,
        0,
        0
    ],
    "vehicle_extras": [],
    "vehicle_model_hash": 1897744184,
    "vehicle_window_tint": 1,
    "wheel_color": 81,
    "wheel_type": 10
}