{
    "MOD_ARMOR": [
        4,
        0
    ],
    "MOD_BRAKES": [
        2,
        0
    ],
    "MOD_ENGINE": [
        3,
        0
    ],
    "MOD_FRONTWHEEL": [
        12,
        0
    ],
    "MOD_HORNS": [
        50,
        0
    ],
    "MOD_LIVERY": [
        1,
        0
    ],
    "MOD_ORNAMENTS": [
        1,
        0
    ],
    "MOD_SIDESKIRT": [
        1,
        0
    ],
    "MOD_SUSPENSION": [
        3,
        0
    ],
    "MOD_TIRESMOKE": "TOGGLE",
    "MOD_TRANSMISSION": [
        2,
        0
    ],
    "MOD_TURBO": "TOGGLE",
    "MOD_XENONHEADLIGHTS": "TOGGLE",
    "clan_logo": 0,
    "custom_primary_color": [
        76,
        0,
        1
    ],
    "custom_secondary_color": [
        76,
        0,
        1
    ],
    "dash_color": 0,
    "drift_tires": 0,
    "has_collision": true,
    "headlight_color": 255,
    "interior_color": 0,
    "is_visible": true,
    "model_attachments": [],
    "neon_color": [
        0,
        0,
        0
    ],
    "neon_lights": [
        true,
        true,
        true,
        true
    ],
    "pearlescent_color": 10,
    "plate_text": "        ",
    "plate_text_index": 3,
    "primary_color": 0,
    "radio_station": "OFF",
    "secondary_color": 0,
    "tire_can_burst": 1,
    "tire_smoke_color": [
        0,
        0,
        0
    ],
    "vehicle_attachments": [],
    "vehicle_extras": [],
    "vehicle_model_hash": 165968051,
    "vehicle_window_tint": 0,
    "wheel_color": 0,
    "wheel_type": 10
}