{
    "": "TOGGLE",
    "MOD_ARMOR": [
        4,
        0
    ],
    "MOD_BRAKES": [
        2,
        0
    ],
    "MOD_ENGINE": [
        3,
        0
    ],
    "MOD_EXHAUST": [
        4,
        0
    ],
    "MOD_FENDER": [
        1,
        0
    ],
    "MOD_FRONTWHEEL": [
        147,
        0
    ],
    "MOD_HORNS": [
        32,
        0
    ],
    "MOD_LIVERY": [
        9,
        0
    ],
    "MOD_ROOF": [
        1,
        0
    ],
    "MOD_SIDESKIRT": [
        5,
        0
    ],
    "MOD_SPOILERS": [
        16,
        0
    ],
    "MOD_TIRESMOKE": "TOGGLE",
    "MOD_TRANSMISSION": [
        2,
        0
    ],
    "MOD_TURBO": "TOGGLE",
    "MOD_XENONHEADLIGHTS": "TOGGLE",
    "clan_logo": 0,
    "custom_primary_color": [
        18,
        17,
        16
    ],
    "dash_color": 0,
    "drift_tires": 0,
    "has_collision": true,
    "headlight_color": 8,
    "interior_color": 27,
    "is_visible": true,
    "model_attachments": [],
    "neon_color": [
        255,
        1,
        1
    ],
    "neon_lights": [
        true,
        true,
        true,
        true
    ],
    "pearlescent_color": 28,
    "plate_text": "        ",
    "plate_text_index": 1,
    "primary_color": 0,
    "radio_station": "RADIO_02_POP",
    "secondary_color": 0,
    "tire_can_burst": 0,
    "tire_smoke_color": [
        226,
        6,
        6
    ],
    "vehicle_attachments": [],
    "vehicle_extras": [
        [
            1,
            true
        ]
    ],
    "vehicle_model_hash": 1323778901,
    "vehicle_window_tint": 1,
    "wheel_color": 0,
    "wheel_type": 8
}