{
    "MOD_ARMOR": [
        4,
        0
    ],
    "MOD_EXHAUST": [
        0,
        0
    ],
    "MOD_FRONTWHEEL": [
        102,
        0
    ],
    "MOD_LIVERY": [
        3,
        0
    ],
    "MOD_ROOF": [
        4,
        0
    ],
    "MOD_TURBO": "TOGGLE",
    "clan_logo": 0,
    "dash_color": 7,
    "drift_tires": 0,
    "has_collision": true,
    "headlight_color": 255,
    "interior_color": 89,
    "is_visible": true,
    "model_attachments": [],
    "neon_color": [
        0,
        0,
        0
    ],
    "neon_lights": [
        true,
        true,
        true,
        true
    ],
    "pearlescent_color": 120,
    "plate_text": "        ",
    "plate_text_index": 5,
    "primary_color": 12,
    "radio_station": "RADIO_02_POP",
    "secondary_color": 42,
    "tire_can_burst": 0,
    "vehicle_attachments": [],
    "vehicle_extras": [],
    "vehicle_model_hash": 1748565021,
    "vehicle_window_tint": 1,
    "wheel_color": 120,
    "wheel_type": 12
}