{
    "MOD_ARMOR": [
        2,
        0
    ],
    "MOD_BRAKES": [
        0,
        0
    ],
    "MOD_ENGINE": [
        3,
        0
    ],
    "MOD_EXHAUST": [
        2,
        0
    ],
    "MOD_FRONTWHEEL": [
        17,
        0
    ],
    "MOD_HORNS": [
        19,
        0
    ],
    "MOD_LIVERY": [
        6,
        0
    ],
    "MOD_SUSPENSION": [
        0,
        0
    ],
    "MOD_TIRESMOKE": "TOGGLE",
    "MOD_TURBO": "TOGGLE",
    "clan_logo": 0,
    "custom_primary_color": [
        226,
        230,
        155
    ],
    "custom_secondary_color": [
        226,
        230,
        155
    ],
    "dash_color": 7,
    "drift_tires": 0,
    "has_collision": true,
    "headlight_color": 255,
    "interior_color": 89,
    "is_visible": true,
    "model_attachments": [],
    "neon_color": [
        0,
        255,
        255
    ],
    "neon_lights": [
        true,
        true,
        true,
        true
    ],
    "pearlescent_color": 5,
    "plate_text": "        ",
    "plate_text_index": 0,
    "primary_color": 38,
    "radio_station": "RADIO_02_POP",
    "secondary_color": 8,
    "tire_can_burst": 0,
    "tire_smoke_color": [
        255,
        135,
        135
    ],
    "vehicle_attachments": [],
    "vehicle_extras": [],
    "vehicle_model_hash": 1748565021,
    "vehicle_window_tint": 0,
    "wheel_color": 107,
    "wheel_type": 8
}