{
    "": "TOGGLE",
    "MOD_ARMOR": [
        4,
        0
    ],
    "MOD_BRAKES": [
        2,
        0
    ],
    "MOD_ENGINE": [
        3,
        0
    ],
    "MOD_EXHAUST": [
        1,
        0
    ],
    "MOD_FRONTBUMPER": [
        6,
        0
    ],
    "MOD_FRONTWHEEL": [
        17,
        1
    ],
    "MOD_HOOD": [
        2,
        0
    ],
    "MOD_HORNS": [
        42,
        0
    ],
    "MOD_REARBUMPER": [
        2,
        0
    ],
    "MOD_SPOILERS": [
        3,
        0
    ],
    "MOD_SUSPENSION": [
        3,
        0
    ],
    "MOD_TRANSMISSION": [
        2,
        0
    ],
    "MOD_TURBO": "TOGGLE",
    "MOD_XENONHEADLIGHTS": "TOGGLE",
    "clan_logo": 0,
    "dash_color": 0,
    "has_collision": true,
    "headlight_color": 255,
    "interior_color": 34,
    "is_invincible": false,
    "is_visible": true,
    "model_attachments": [],
    "neon_color": [
        255,
        1,
        1
    ],
    "neon_lights": [
        true,
        true,
        true,
        true
    ],
    "pearlescent_color": 31,
    "plate_text": "88KSC052",
    "plate_text_index": 1,
    "primary_color": 143,
    "radio_station": "OFF",
    "secondary_color": 12,
    "tire_smoke_color": [
        226,
        6,
        6
    ],
    "vehicle_attachments": [],
    "vehicle_extras": [],
    "vehicle_model_hash": 2174267100,
    "vehicle_window_tint": 1,
    "wheel_color": 156,
    "wheel_type": 7
}