{
    "MOD_ARCHCOVER": [
        2,
        0
    ],
    "MOD_ARMOR": [
        4,
        0
    ],
    "MOD_BRAKES": [
        2,
        0
    ],
    "MOD_ENGINE": [
        3,
        0
    ],
    "MOD_FENDER": [
        0,
        0
    ],
    "MOD_FRONTWHEEL": [
        54,
        0
    ],
    "MOD_GRILLE": [
        4,
        0
    ],
    "MOD_HOOD": [
        7,
        0
    ],
    "MOD_HORNS": [
        40,
        0
    ],
    "MOD_LIVERY": [
        9,
        0
    ],
    "MOD_REARBUMPER": [
        4,
        0
    ],
    "MOD_RIGHTFENDER": [
        0,
        0
    ],
    "MOD_ROOF": [
        0,
        0
    ],
    "MOD_SPOILERS": [
        4,
        0
    ],
    "MOD_SUSPENSION": [
        1,
        0
    ],
    "MOD_TIRESMOKE": "TOGGLE",
    "MOD_TRIM": [
        1,
        0
    ],
    "MOD_XENONHEADLIGHTS": "TOGGLE",
    "clan_logo": 0,
    "custom_primary_color": [
        202,
        70,
        248
    ],
    "custom_secondary_color": [
        202,
        70,
        248
    ],
    "dash_color": 0,
    "drift_tires": 0,
    "has_collision": true,
    "headlight_color": 10,
    "interior_color": 0,
    "is_visible": true,
    "model_attachments": [],
    "neon_color": [
        255,
        5,
        190
    ],
    "neon_lights": [
        true,
        true,
        true,
        true
    ],
    "pearlescent_color": 111,
    "plate_text": "DOGONPAI",
    "plate_text_index": 0,
    "primary_color": 12,
    "radio_station": "RADIO_37_MOTOMAMI",
    "secondary_color": 12,
    "tire_can_burst": 0,
    "tire_smoke_color": [
        0,
        0,
        0
    ],
    "vehicle_attachments": [],
    "vehicle_extras": [],
    "vehicle_model_hash": 1121330119,
    "vehicle_window_tint": 1,
    "wheel_color": 122,
    "wheel_type": 8
}