{
    "": [
        0,
        0
    ],
    "MOD_AERIALS": [
        4,
        0
    ],
    "MOD_AIRFILTER": [
        0,
        0
    ],
    "MOD_ARMOR": [
        4,
        0
    ],
    "MOD_BRAKES": [
        2,
        0
    ],
    "MOD_DASHBOARD": [
        1,
        0
    ],
    "MOD_ENGINE": [
        3,
        0
    ],
    "MOD_EXHAUST": [
        3,
        0
    ],
    "MOD_FENDER": [
        6,
        0
    ],
    "MOD_FRAME": [
        3,
        0
    ],
    "MOD_FRONTWHEEL": [
        44,
        1
    ],
    "MOD_LIVERY": [
        12,
        0
    ],
    "MOD_REARBUMPER": [
        2,
        0
    ],
    "MOD_ROOF": [
        5,
        0
    ],
    "MOD_SEATS": [
        12,
        0
    ],
    "MOD_SIDESKIRT": [
        1,
        0
    ],
    "MOD_SPOILERS": [
        15,
        0
    ],
    "MOD_STEERINGWHEELS": [
        3,
        0
    ],
    "MOD_STRUTS": [
        3,
        0
    ],
    "MOD_SUSPENSION": [
        3,
        0
    ],
    "MOD_TIRESMOKE": "TOGGLE",
    "MOD_TRANSMISSION": [
        2,
        0
    ],
    "MOD_TRIM": [
        1,
        0
    ],
    "MOD_TRIMDESIGN": [
        1,
        0
    ],
    "MOD_TURBO": "TOGGLE",
    "MOD_VANITYPLATES": [
        4,
        0
    ],
    "MOD_XENONHEADLIGHTS": "TOGGLE",
    "clan_logo": 0,
    "dash_color": 35,
    "drift_tires": 0,
    "has_collision": true,
    "headlight_color": 255,
    "interior_color": 30,
    "is_visible": true,
    "model_attachments": [],
    "neon_color": [
        255,
        1,
        1
    ],
    "neon_lights": [
        true,
        true,
        true,
        true
    ],
    "pearlescent_color": 0,
    "plate_text": "25TGN879",
    "plate_text_index": 1,
    "primary_color": 111,
    "radio_station": "OFF",
    "secondary_color": 35,
    "tire_can_burst": 0,
    "tire_smoke_color": [
        226,
        6,
        6
    ],
    "vehicle_attachments": [],
    "vehicle_extras": [],
    "vehicle_model_hash": 821121576,
    "vehicle_window_tint": 3,
    "wheel_color": 156,
    "wheel_type": 0
}