{
    "": [
        1,
        0
    ],
    "MOD_AIRFILTER": [
        8,
        0
    ],
    "MOD_ARCHCOVER": [
        0,
        0
    ],
    "MOD_ARMOR": [
        4,
        0
    ],
    "MOD_BRAKES": [
        2,
        0
    ],
    "MOD_DOORSPEAKERS": [
        6,
        0
    ],
    "MOD_ENGINE": [
        3,
        0
    ],
    "MOD_ENGINEBLOCK": [
        2,
        0
    ],
    "MOD_EXHAUST": [
        1,
        0
    ],
    "MOD_FENDER": [
        2,
        0
    ],
    "MOD_FRAME": [
        7,
        0
    ],
    "MOD_FRONTWHEEL": [
        91,
        0
    ],
    "MOD_HOOD": [
        9,
        0
    ],
    "MOD_HORNS": [
        16,
        0
    ],
    "MOD_LIVERY": [
        3,
        0
    ],
    "MOD_REARBUMPER": [
        2,
        0
    ],
    "MOD_ROOF": [
        8,
        0
    ],
    "MOD_SEATS": [
        13,
        0
    ],
    "MOD_SIDESKIRT": [
        10,
        0
    ],
    "MOD_SPOILERS": [
        14,
        0
    ],
    "MOD_STEERINGWHEELS": [
        14,
        0
    ],
    "MOD_STRUTS": [
        18,
        0
    ],
    "MOD_SUSPENSION": [
        3,
        0
    ],
    "MOD_TRANSMISSION": [
        2,
        0
    ],
    "MOD_TRIM": [
        12,
        0
    ],
    "MOD_TRIMDESIGN": [
        0,
        0
    ],
    "MOD_TURBO": "TOGGLE",
    "MOD_VANITYPLATES": [
        7,
        0
    ],
    "clan_logo": 0,
    "dash_color": 7,
    "drift_tires": 0,
    "has_collision": true,
    "headlight_color": 255,
    "interior_color": 156,
    "is_visible": true,
    "model_attachments": [],
    "neon_color": [
        15,
        3,
        255
    ],
    "neon_lights": [
        true,
        true,
        true,
        true
    ],
    "pearlescent_color": 145,
    "plate_text": "        ",
    "plate_text_index": 0,
    "primary_color": 12,
    "radio_station": "RADIO_02_POP",
    "secondary_color": 27,
    "tire_can_burst": 0,
    "vehicle_attachments": [],
    "vehicle_extras": [],
    "vehicle_model_hash": 2038480341,
    "vehicle_window_tint": 1,
    "wheel_color": 30,
    "wheel_type": 10
}