{
    "MOD_AERIALS": [
        5,
        0
    ],
    "MOD_AIRFILTER": [
        9,
        0
    ],
    "MOD_ARCHCOVER": [
        7,
        0
    ],
    "MOD_ARMOR": [
        4,
        0
    ],
    "MOD_BRAKES": [
        2,
        0
    ],
    "MOD_DASHBOARD": [
        2,
        0
    ],
    "MOD_DOORSPEAKERS": [
        6,
        0
    ],
    "MOD_ENGINE": [
        3,
        0
    ],
    "MOD_ENGINEBLOCK": [
        2,
        0
    ],
    "MOD_EXHAUST": [
        5,
        0
    ],
    "MOD_FENDER": [
        6,
        0
    ],
    "MOD_FRAME": [
        7,
        0
    ],
    "MOD_FRONTBUMPER": [
        0,
        0
    ],
    "MOD_FRONTWHEEL": [
        21,
        0
    ],
    "MOD_HOOD": [
        3,
        0
    ],
    "MOD_HORNS": [
        42,
        0
    ],
    "MOD_LIVERY": [
        11,
        0
    ],
    "MOD_REARBUMPER": [
        0,
        0
    ],
    "MOD_ROOF": [
        8,
        0
    ],
    "MOD_SEATS": [
        10,
        0
    ],
    "MOD_SIDESKIRT": [
        10,
        0
    ],
    "MOD_SPOILERS": [
        15,
        0
    ],
    "MOD_STEERINGWHEELS": [
        10,
        0
    ],
    "MOD_STRUTS": [
        19,
        0
    ],
    "MOD_SUSPENSION": [
        3,
        0
    ],
    "MOD_TIRESMOKE": "TOGGLE",
    "MOD_TRANSMISSION": [
        2,
        0
    ],
    "MOD_TURBO": "TOGGLE",
    "MOD_XENONHEADLIGHTS": "TOGGLE",
    "clan_logo": 0,
    "dash_color": 89,
    "drift_tires": 0,
    "has_collision": true,
    "headlight_color": 0,
    "interior_color": 90,
    "is_visible": true,
    "model_attachments": [],
    "neon_color": [
        255,
        255,
        0
    ],
    "neon_lights": [
        true,
        true,
        true,
        true
    ],
    "pearlescent_color": 160,
    "plate_text": "0THDG814",
    "plate_text_index": 3,
    "primary_color": 158,
    "radio_station": "RADIO_37_MOTOMAMI",
    "secondary_color": 158,
    "tire_can_burst": 0,
    "tire_smoke_color": [
        252,
        238,
        0
    ],
    "vehicle_attachments": [],
    "vehicle_extras": [],
    "vehicle_model_hash": 2038480341,
    "vehicle_window_tint": 1,
    "wheel_color": 37,
    "wheel_type": 0
}