{
    "": [
        1,
        0
    ],
    "MOD_AERIALS": [
        5,
        0
    ],
    "MOD_ARMOR": [
        4,
        0
    ],
    "MOD_BRAKES": [
        2,
        0
    ],
    "MOD_ENGINE": [
        3,
        0
    ],
    "MOD_ENGINEBLOCK": [
        3,
        0
    ],
    "MOD_FENDER": [
        5,
        0
    ],
    "MOD_FRAME": [
        4,
        0
    ],
    "MOD_FRONTBUMPER": [
        0,
        0
    ],
    "MOD_FRONTWHEEL": [
        46,
        0
    ],
    "MOD_HOOD": [
        8,
        0
    ],
    "MOD_HORNS": [
        57,
        0
    ],
    "MOD_LIVERY": [
        11,
        0
    ],
    "MOD_REARBUMPER": [
        0,
        0
    ],
    "MOD_ROOF": [
        5,
        0
    ],
    "MOD_SEATS": [
        5,
        0
    ],
    "MOD_SIDESKIRT": [
        10,
        0
    ],
    "MOD_SPOILERS": [
        15,
        0
    ],
    "MOD_STEERINGWHEELS": [
        11,
        0
    ],
    "MOD_STRUTS": [
        17,
        0
    ],
    "MOD_SUSPENSION": [
        3,
        0
    ],
    "MOD_TIRESMOKE": "TOGGLE",
    "MOD_TRANSMISSION": [
        2,
        0
    ],
    "MOD_TRIMDESIGN": [
        1,
        0
    ],
    "MOD_TURBO": "TOGGLE",
    "MOD_VANITYPLATES": [
        2,
        0
    ],
    "MOD_XENONHEADLIGHTS": "TOGGLE",
    "clan_logo": 0,
    "custom_primary_color": [
        100,
        80,
        0
    ],
    "dash_color": 29,
    "drift_tires": 0,
    "has_collision": true,
    "headlight_color": 255,
    "interior_color": 0,
    "is_visible": true,
    "model_attachments": [],
    "neon_color": [
        255,
        255,
        0
    ],
    "neon_lights": [
        true,
        true,
        true,
        true
    ],
    "pearlescent_color": 89,
    "plate_text": "89IWR108",
    "plate_text_index": 1,
    "primary_color": 99,
    "radio_station": "RADIO_19_USER",
    "secondary_color": 89,
    "tire_can_burst": 0,
    "tire_smoke_color": [
        255,
        255,
        255
    ],
    "vehicle_attachments": [],
    "vehicle_extras": [],
    "vehicle_model_hash": 821121576,
    "vehicle_window_tint": 1,
    "wheel_color": 156,
    "wheel_type": 0
}