{
    "MOD_AERIALS": [
        3,
        0
    ],
    "MOD_AIRFILTER": [
        9,
        0
    ],
    "MOD_ARCHCOVER": [
        5,
        0
    ],
    "MOD_ARMOR": [
        4,
        0
    ],
    "MOD_DASHBOARD": [
        2,
        0
    ],
    "MOD_ENGINEBLOCK": [
        2,
        0
    ],
    "MOD_EXHAUST": [
        5,
        0
    ],
    "MOD_FENDER": [
        5,
        0
    ],
    "MOD_FRAME": [
        5,
        0
    ],
    "MOD_FRONTBUMPER": [
        2,
        0
    ],
    "MOD_FRONTWHEEL": [
        59,
        0
    ],
    "MOD_HORNS": [
        40,
        0
    ],
    "MOD_LIVERY": [
        15,
        0
    ],
    "MOD_REARBUMPER": [
        2,
        0
    ],
    "MOD_ROOF": [
        8,
        0
    ],
    "MOD_SEATS": [
        10,
        0
    ],
    "MOD_SIDESKIRT": [
        10,
        0
    ],
    "MOD_SPOILERS": [
        10,
        0
    ],
    "MOD_STEERINGWHEELS": [
        13,
        0
    ],
    "MOD_STRUTS": [
        19,
        0
    ],
    "MOD_SUSPENSION": [
        2,
        0
    ],
    "MOD_TIRESMOKE": "TOGGLE",
    "MOD_TRIM": [
        12,
        0
    ],
    "MOD_TRIMDESIGN": [
        0,
        0
    ],
    "MOD_VANITYPLATES": [
        7,
        0
    ],
    "MOD_XENONHEADLIGHTS": "TOGGLE",
    "clan_logo": 0,
    "custom_primary_color": [
        0,
        19,
        255
    ],
    "custom_secondary_color": [
        0,
        19,
        255
    ],
    "dash_color": 70,
    "drift_tires": 0,
    "has_collision": true,
    "headlight_color": 2,
    "interior_color": 70,
    "is_visible": true,
    "model_attachments": [],
    "neon_color": [
        0,
        18,
        255
    ],
    "neon_lights": [
        true,
        true,
        true,
        true
    ],
    "pearlescent_color": 0,
    "plate_text": "DOGONPAI",
    "plate_text_index": 2,
    "primary_color": 12,
    "radio_station": "RADIO_27_DLC_PRHEI4",
    "secondary_color": 120,
    "tire_can_burst": 0,
    "tire_smoke_color": [
        0,
        0,
        0
    ],
    "vehicle_attachments": [],
    "vehicle_extras": [],
    "vehicle_model_hash": 821121576,
    "vehicle_window_tint": 1,
    "wheel_color": 64,
    "wheel_type": 8
}