{
    "": "TOGGLE",
    "MOD_AIRFILTER": [
        4,
        0
    ],
    "MOD_ARMOR": [
        4,
        0
    ],
    "MOD_BRAKES": [
        2,
        0
    ],
    "MOD_COLUMNSHIFTERLEVERS": [
        14,
        0
    ],
    "MOD_DIALDESIGN": [
        13,
        0
    ],
    "MOD_ENGINE": [
        3,
        0
    ],
    "MOD_ENGINEBLOCK": [
        3,
        0
    ],
    "MOD_EXHAUST": [
        1,
        0
    ],
    "MOD_FRONTWHEEL": [
        123,
        0
    ],
    "MOD_HOOD": [
        0,
        0
    ],
    "MOD_HORNS": [
        57,
        0
    ],
    "MOD_LIVERY": [
        6,
        0
    ],
    "MOD_ORNAMENTS": [
        44,
        0
    ],
    "MOD_PLAQUES": [
        21,
        0
    ],
    "MOD_PLATEHOLDER": [
        12,
        0
    ],
    "MOD_REARWHEEL": [
        0,
        0
    ],
    "MOD_SPEAKERS": [
        1,
        0
    ],
    "MOD_STEERINGWHEELS": [
        15,
        0
    ],
    "MOD_TRANSMISSION": [
        2,
        0
    ],
    "MOD_TRIMDESIGN": [
        4,
        0
    ],
    "MOD_TRUNK": [
        6,
        0
    ],
    "MOD_TURBO": "TOGGLE",
    "MOD_VANITYPLATES": [
        15,
        0
    ],
    "MOD_XENONHEADLIGHTS": "TOGGLE",
    "clan_logo": 0,
    "custom_primary_color": [
        253,
        0,
        255
    ],
    "custom_secondary_color": [
        253,
        0,
        255
    ],
    "dash_color": 0,
    "has_collision": true,
    "headlight_color": 10,
    "interior_color": 135,
    "is_invincible": false,
    "is_visible": true,
    "model_attachments": [],
    "neon_color": [
        255,
        5,
        190
    ],
    "neon_lights": [
        true,
        true,
        true,
        true
    ],
    "pearlescent_color": 4,
    "plate_text": "PUTOS N ",
    "plate_text_index": 5,
    "primary_color": 142,
    "radio_station": "OFF",
    "secondary_color": 25,
    "tire_smoke_color": [
        203,
        54,
        148
    ],
    "vehicle_attachments": [],
    "vehicle_extras": [
        [
            2,
            true
        ],
        [
            3,
            false
        ]
    ],
    "vehicle_model_hash": 2255212070,
    "vehicle_window_tint": 6,
    "wheel_color": 135,
    "wheel_type": 8
}