{
    "MOD_AIRFILTER": [
        4,
        0
    ],
    "MOD_ARMOR": [
        4,
        0
    ],
    "MOD_BRAKES": [
        2,
        0
    ],
    "MOD_COLUMNSHIFTERLEVERS": [
        13,
        0
    ],
    "MOD_DIALDESIGN": [
        13,
        0
    ],
    "MOD_ENGINE": [
        3,
        0
    ],
    "MOD_ENGINEBLOCK": [
        3,
        0
    ],
    "MOD_EXHAUST": [
        1,
        0
    ],
    "MOD_FRONTWHEEL": [
        106,
        0
    ],
    "MOD_HOOD": [
        0,
        0
    ],
    "MOD_HORNS": [
        42,
        0
    ],
    "MOD_HYDRAULICS": [
        3,
        0
    ],
    "MOD_LIVERY": [
        8,
        0
    ],
    "MOD_ORNAMENTS": [
        20,
        0
    ],
    "MOD_PLAQUES": [
        21,
        0
    ],
    "MOD_PLATEHOLDER": [
        12,
        0
    ],
    "MOD_REARWHEEL": [
        3,
        0
    ],
    "MOD_SPEAKERS": [
        1,
        0
    ],
    "MOD_STEERINGWHEELS": [
        15,
        0
    ],
    "MOD_TIRESMOKE": "TOGGLE",
    "MOD_TRANSMISSION": [
        2,
        0
    ],
    "MOD_TRIMDESIGN": [
        4,
        0
    ],
    "MOD_TRUNK": [
        2,
        0
    ],
    "MOD_TURBO": "TOGGLE",
    "MOD_VANITYPLATES": [
        3,
        0
    ],
    "MOD_XENONHEADLIGHTS": "TOGGLE",
    "clan_logo": 0,
    "custom_primary_color": [
        0,
        204,
        255
    ],
    "dash_color": 145,
    "drift_tires": 0,
    "has_collision": true,
    "headlight_color": 2,
    "interior_color": 145,
    "is_visible": true,
    "model_attachments": [],
    "neon_color": [
        3,
        83,
        255
    ],
    "neon_lights": [
        true,
        true,
        true,
        true
    ],
    "pearlescent_color": 10,
    "plate_text": "  999   ",
    "plate_text_index": 10,
    "primary_color": 0,
    "radio_station": "OFF",
    "secondary_color": 111,
    "tire_can_burst": 1,
    "tire_smoke_color": [
        0,
        174,
        239
    ],
    "vehicle_attachments": [],
    "vehicle_extras": [
        [
            2,
            true
        ],
        [
            3,
            false
        ]
    ],
    "vehicle_model_hash": 2504420315,
    "vehicle_window_tint": 1,
    "wheel_color": 140,
    "wheel_type": 8
}