{
    "": "TOGGLE",
    "MOD_AIRFILTER": [
        4,
        0
    ],
    "MOD_ARMOR": [
        4,
        0
    ],
    "MOD_BRAKES": [
        2,
        0
    ],
    "MOD_COLUMNSHIFTERLEVERS": [
        8,
        0
    ],
    "MOD_DIALDESIGN": [
        13,
        0
    ],
    "MOD_ENGINE": [
        3,
        0
    ],
    "MOD_ENGINEBLOCK": [
        3,
        0
    ],
    "MOD_EXHAUST": [
        1,
        0
    ],
    "MOD_FRONTWHEEL": [
        111,
        0
    ],
    "MOD_HOOD": [
        0,
        0
    ],
    "MOD_HORNS": [
        57,
        0
    ],
    "MOD_HYDRAULICS": [
        3,
        0
    ],
    "MOD_LIVERY": [
        8,
        0
    ],
    "MOD_ORNAMENTS": [
        16,
        0
    ],
    "MOD_PLAQUES": [
        21,
        0
    ],
    "MOD_PLATEHOLDER": [
        12,
        0
    ],
    "MOD_REARWHEEL": [
        0,
        0
    ],
    "MOD_SPEAKERS": [
        1,
        0
    ],
    "MOD_STEERINGWHEELS": [
        15,
        0
    ],
    "MOD_TRANSMISSION": [
        2,
        0
    ],
    "MOD_TRIMDESIGN": [
        4,
        0
    ],
    "MOD_TRUNK": [
        2,
        0
    ],
    "MOD_TURBO": "TOGGLE",
    "MOD_VANITYPLATES": [
        15,
        0
    ],
    "MOD_XENONHEADLIGHTS": "TOGGLE",
    "clan_logo": 0,
    "custom_primary_color": [
        175,
        102,
        5
    ],
    "custom_secondary_color": [
        175,
        102,
        5
    ],
    "dash_color": 156,
    "has_collision": true,
    "headlight_color": 5,
    "interior_color": 61,
    "is_invincible": false,
    "is_visible": true,
    "model_attachments": [],
    "neon_color": [
        255,
        150,
        5
    ],
    "neon_lights": [
        true,
        true,
        true,
        true
    ],
    "pearlescent_color": 70,
    "plate_text": "PUTOS N ",
    "plate_text_index": 5,
    "primary_color": 73,
    "radio_station": "OFF",
    "secondary_color": 73,
    "tire_smoke_color": [
        252,
        238,
        0
    ],
    "vehicle_attachments": [],
    "vehicle_extras": [
        [
            2,
            false
        ],
        [
            3,
            true
        ]
    ],
    "vehicle_model_hash": 2504420315,
    "vehicle_window_tint": 6,
    "wheel_color": 70,
    "wheel_type": 8
}