{
    "MOD_BRAKES": [
        2,
        0
    ],
    "MOD_ENGINE": [
        1,
        0
    ],
    "MOD_FENDER": [
        0,
        0
    ],
    "MOD_FRONTBUMPER": [
        0,
        0
    ],
    "MOD_FRONTWHEEL": [
        108,
        0
    ],
    "MOD_HORNS": [
        48,
        0
    ],
    "MOD_ROOF": [
        0,
        0
    ],
    "MOD_SPOILERS": [
        1,
        0
    ],
    "MOD_TURBO": "TOGGLE",
    "clan_logo": 0,
    "custom_primary_color": [
        233,
        231,
        211
    ],
    "custom_secondary_color": [
        233,
        231,
        211
    ],
    "dash_color": 0,
    "drift_tires": 0,
    "has_collision": true,
    "headlight_color": 255,
    "interior_color": 0,
    "is_visible": true,
    "model_attachments": [],
    "neon_color": [
        255,
        246,
        191
    ],
    "neon_lights": [
        true,
        true,
        true,
        true
    ],
    "pearlescent_color": 36,
    "plate_text": "        ",
    "plate_text_index": 0,
    "primary_color": 28,
    "radio_station": "RADIO_13_JAZZ",
    "secondary_color": 28,
    "tire_can_burst": 1,
    "vehicle_attachments": [],
    "vehicle_extras": [],
    "vehicle_model_hash": 2299640309,
    "vehicle_window_tint": 0,
    "wheel_color": 156,
    "wheel_type": 8
}