{
    "": [
        -1,
        0
    ],
    "MOD_ARMOR": [
        4,
        0
    ],
    "MOD_BRAKES": [
        2,
        0
    ],
    "MOD_ENGINE": [
        3,
        0
    ],
    "MOD_FRONTBUMPER": [
        0,
        0
    ],
    "MOD_FRONTWHEEL": [
        59,
        0
    ],
    "MOD_HORNS": [
        -1,
        0
    ],
    "MOD_ROOF": [
        2,
        0
    ],
    "MOD_SPOILERS": [
        1,
        0
    ],
    "MOD_SUSPENSION": [
        1,
        0
    ],
    "MOD_TIRESMOKE": "TOGGLE",
    "MOD_TRANSMISSION": [
        2,
        0
    ],
    "MOD_TURBO": "TOGGLE",
    "MOD_XENONHEADLIGHTS": "TOGGLE",
    "dash_color": 0,
    "drift_tires": 0,
    "headlight_color": 3,
    "interior_color": 9,
    "neon_color": [
        3,
        83,
        255
    ],
    "neon_lights": [
        true,
        true,
        true,
        true
    ],
    "pearlescent_color": 53,
    "plate_text": "GT 2017 ",
    "plate_text_index": 7,
    "primary_color": 174,
    "secondary_color": 174,
    "tire_can_burst": 0,
    "tire_smoke_color": [
        0,
        0,
        0
    ],
    "vehicle_extras": [],
    "vehicle_model_hash": 1426219628,
    "vehicle_window_tint": 1,
    "wheel_color": 202,
    "wheel_type": 12
}