{
    "MOD_ARMOR": [
        4,
        0
    ],
    "MOD_BRAKES": [
        2,
        0
    ],
    "MOD_ENGINE": [
        3,
        0
    ],
    "MOD_EXHAUST": [
        6,
        0
    ],
    "MOD_FENDER": [
        3,
        0
    ],
    "MOD_FRAME": [
        1,
        0
    ],
    "MOD_FRONTBUMPER": [
        11,
        0
    ],
    "MOD_FRONTWHEEL": [
        109,
        0
    ],
    "MOD_GRILLE": [
        6,
        0
    ],
    "MOD_HOOD": [
        6,
        0
    ],
    "MOD_HORNS": [
        40,
        0
    ],
    "MOD_LIVERY": [
        2,
        0
    ],
    "MOD_ORNAMENTS": [
        5,
        0
    ],
    "MOD_REARBUMPER": [
        11,
        0
    ],
    "MOD_RIGHTFENDER": [
        3,
        0
    ],
    "MOD_ROOF": [
        13,
        0
    ],
    "MOD_SIDESKIRT": [
        14,
        0
    ],
    "MOD_SPOILERS": [
        12,
        0
    ],
    "MOD_SUSPENSION": [
        3,
        0
    ],
    "MOD_TIRESMOKE": "TOGGLE",
    "MOD_TRANSMISSION": [
        2,
        0
    ],
    "MOD_TURBO": "TOGGLE",
    "MOD_XENONHEADLIGHTS": "TOGGLE",
    "clan_logo": 0,
    "custom_primary_color": [
        246,
        151,
        153
    ],
    "dash_color": 156,
    "drift_tires": 0,
    "has_collision": true,
    "headlight_color": 9,
    "interior_color": 154,
    "is_visible": true,
    "model_attachments": [],
    "neon_color": [
        255,
        151,
        168
    ],
    "neon_lights": [
        true,
        true,
        true,
        true
    ],
    "pearlescent_color": 136,
    "plate_text": "BRUTAL D",
    "plate_text_index": 7,
    "primary_color": 117,
    "radio_station": "RADIO_18_90S_ROCK",
    "secondary_color": 136,
    "tire_can_burst": 0,
    "tire_smoke_color": [
        255,
        151,
        168
    ],
    "vehicle_attachments": [],
    "vehicle_extras": [],
    "vehicle_model_hash": 3829141989,
    "vehicle_window_tint": 1,
    "wheel_color": 134,
    "wheel_type": 8
}