{
    "": "TOGGLE",
    "MOD_ARMOR": [
        4,
        0
    ],
    "MOD_BRAKES": [
        2,
        0
    ],
    "MOD_ENGINE": [
        3,
        0
    ],
    "MOD_EXHAUST": [
        2,
        0
    ],
    "MOD_FENDER": [
        6,
        0
    ],
    "MOD_FRAME": [
        3,
        0
    ],
    "MOD_FRONTBUMPER": [
        12,
        0
    ],
    "MOD_FRONTWHEEL": [
        140,
        0
    ],
    "MOD_GRILLE": [
        5,
        0
    ],
    "MOD_HOOD": [
        6,
        0
    ],
    "MOD_HORNS": [
        56,
        0
    ],
    "MOD_LIVERY": [
        12,
        0
    ],
    "MOD_ORNAMENTS": [
        5,
        0
    ],
    "MOD_REARBUMPER": [
        11,
        0
    ],
    "MOD_RIGHTFENDER": [
        3,
        0
    ],
    "MOD_ROOF": [
        14,
        0
    ],
    "MOD_SIDESKIRT": [
        14,
        0
    ],
    "MOD_SPOILERS": [
        8,
        0
    ],
    "MOD_SUSPENSION": [
        3,
        0
    ],
    "MOD_TIRESMOKE": "TOGGLE",
    "MOD_TRANSMISSION": [
        2,
        0
    ],
    "MOD_TURBO": "TOGGLE",
    "MOD_XENONHEADLIGHTS": "TOGGLE",
    "clan_logo": 0,
    "custom_primary_color": [
        96,
        0,
        255
    ],
    "custom_secondary_color": [
        96,
        0,
        255
    ],
    "dash_color": 0,
    "drift_tires": 0,
    "has_collision": true,
    "headlight_color": 1,
    "interior_color": 70,
    "is_visible": true,
    "model_attachments": [],
    "neon_color": [
        19,
        255,
        0
    ],
    "neon_lights": [
        true,
        true,
        true,
        true
    ],
    "pearlescent_color": 70,
    "plate_text": "KSKSTYLE",
    "plate_text_index": 1,
    "primary_color": 12,
    "radio_station": "RADIO_19_USER",
    "secondary_color": 43,
    "tire_can_burst": 0,
    "tire_smoke_color": [
        132,
        102,
        226
    ],
    "vehicle_attachments": [],
    "vehicle_extras": [],
    "vehicle_model_hash": 2815031719,
    "vehicle_window_tint": 1,
    "wheel_color": 140,
    "wheel_type": 11
}