{
    "MOD_ARMOR": [
        4,
        0
    ],
    "MOD_BRAKES": [
        2,
        0
    ],
    "MOD_ENGINE": [
        3,
        0
    ],
    "MOD_EXHAUST": [
        3,
        0
    ],
    "MOD_FRONTBUMPER": [
        15,
        0
    ],
    "MOD_HOOD": [
        15,
        0
    ],
    "MOD_REARBUMPER": [
        4,
        0
    ],
    "MOD_ROOF": [
        9,
        0
    ],
    "MOD_SIDESKIRT": [
        8,
        0
    ],
    "MOD_SPOILERS": [
        9,
        0
    ],
    "MOD_TIRESMOKE": "TOGGLE",
    "MOD_TRANSMISSION": [
        2,
        0
    ],
    "MOD_TURBO": "TOGGLE",
    "clan_logo": 0,
    "dash_color": 132,
    "drift_tires": 0,
    "has_collision": true,
    "headlight_color": 255,
    "interior_color": 1,
    "is_visible": true,
    "model_attachments": [],
    "neon_color": [
        0,
        0,
        0
    ],
    "neon_lights": [
        false,
        false,
        false,
        false
    ],
    "pearlescent_color": 0,
    "plate_text": "FRANKL1N",
    "plate_text_index": 4,
    "primary_color": 111,
    "radio_station": "RADIO_02_POP",
    "secondary_color": 53,
    "tire_can_burst": 0,
    "tire_smoke_color": [
        255,
        255,
        255
    ],
    "vehicle_attachments": [],
    "vehicle_extras": [],
    "vehicle_model_hash": 2850852987,
    "vehicle_window_tint": 1,
    "wheel_color": 156,
    "wheel_type": 0
}