{
    "MOD_ARMOR": [
        4,
        0
    ],
    "MOD_BRAKES": [
        2,
        0
    ],
    "MOD_ENGINE": [
        3,
        0
    ],
    "MOD_EXHAUST": [
        13,
        0
    ],
    "MOD_FRAME": [
        1,
        0
    ],
    "MOD_FRONTBUMPER": [
        7,
        0
    ],
    "MOD_FRONTWHEEL": [
        209,
        0
    ],
    "MOD_GRILLE": [
        8,
        0
    ],
    "MOD_HOOD": [
        13,
        0
    ],
    "MOD_HORNS": [
        57,
        0
    ],
    "MOD_LIVERY": [
        3,
        0
    ],
    "MOD_REARBUMPER": [
        7,
        0
    ],
    "MOD_RIGHTFENDER": [
        1,
        0
    ],
    "MOD_ROOF": [
        1,
        0
    ],
    "MOD_SIDESKIRT": [
        5,
        0
    ],
    "MOD_SUSPENSION": [
        1,
        0
    ],
    "MOD_TRANSMISSION": [
        2,
        0
    ],
    "MOD_TURBO": "TOGGLE",
    "clan_logo": 0,
    "dash_color": 22,
    "drift_tires": 0,
    "has_collision": true,
    "headlight_color": 255,
    "interior_color": 65,
    "is_visible": true,
    "model_attachments": [],
    "neon_color": [
        255,
        0,
        0
    ],
    "neon_lights": [
        true,
        true,
        true,
        true
    ],
    "pearlescent_color": 18,
    "plate_text": "        ",
    "plate_text_index": 1,
    "primary_color": 28,
    "radio_station": "RADIO_35_DLC_HEI4_MLR",
    "secondary_color": 33,
    "tire_can_burst": 0,
    "vehicle_attachments": [],
    "vehicle_extras": [],
    "vehicle_model_hash": 960812448,
    "vehicle_window_tint": 1,
    "wheel_color": 150,
    "wheel_type": 8
}