{
    "": [
        6,
        0
    ],
    "MOD_AIRFILTER": [
        6,
        0
    ],
    "MOD_ARMOR": [
        4,
        0
    ],
    "MOD_BRAKES": [
        2,
        0
    ],
    "MOD_DASHBOARD": [
        2,
        0
    ],
    "MOD_ENGINE": [
        3,
        0
    ],
    "MOD_ENGINEBLOCK": [
        1,
        0
    ],
    "MOD_EXHAUST": [
        3,
        0
    ],
    "MOD_FENDER": [
        1,
        0
    ],
    "MOD_FRAME": [
        4,
        0
    ],
    "MOD_FRONTBUMPER": [
        6,
        0
    ],
    "MOD_FRONTWHEEL": [
        28,
        0
    ],
    "MOD_GRILLE": [
        0,
        0
    ],
    "MOD_HOOD": [
        13,
        0
    ],
    "MOD_LIVERY": [
        8,
        0
    ],
    "MOD_PLATEHOLDER": [
        3,
        0
    ],
    "MOD_REARBUMPER": [
        1,
        0
    ],
    "MOD_RIGHTFENDER": [
        1,
        0
    ],
    "MOD_ROOF": [
        2,
        0
    ],
    "MOD_SEATS": [
        12,
        0
    ],
    "MOD_SIDESKIRT": [
        1,
        0
    ],
    "MOD_SPOILERS": [
        7,
        0
    ],
    "MOD_STEERINGWHEELS": [
        14,
        0
    ],
    "MOD_STRUTS": [
        11,
        0
    ],
    "MOD_SUSPENSION": [
        3,
        0
    ],
    "MOD_TANK": [
        2,
        0
    ],
    "MOD_TRANSMISSION": [
        2,
        0
    ],
    "MOD_TRIMDESIGN": [
        0,
        0
    ],
    "MOD_TURBO": "TOGGLE",
    "MOD_VANITYPLATES": [
        0,
        0
    ],
    "MOD_WINDOWS": [
        1,
        0
    ],
    "MOD_XENONHEADLIGHTS": "TOGGLE",
    "clan_logo": 0,
    "custom_primary_color": [
        0,
        0,
        0
    ],
    "custom_secondary_color": [
        0,
        0,
        0
    ],
    "dash_color": 0,
    "drift_tires": 0,
    "has_collision": true,
    "headlight_color": 255,
    "interior_color": 1,
    "is_visible": true,
    "model_attachments": [],
    "neon_color": [
        255,
        1,
        1
    ],
    "neon_lights": [
        true,
        true,
        true,
        true
    ],
    "pearlescent_color": 150,
    "plate_text": "KSKSTYLE",
    "plate_text_index": 1,
    "primary_color": 12,
    "radio_station": "RADIO_19_USER",
    "secondary_color": 12,
    "tire_can_burst": 0,
    "vehicle_attachments": [],
    "vehicle_extras": [],
    "vehicle_model_hash": 4113404654,
    "vehicle_window_tint": 1,
    "wheel_color": 156,
    "wheel_type": 11
}