{
    "": [
        6,
        0
    ],
    "MOD_AIRFILTER": [
        4,
        0
    ],
    "MOD_ARMOR": [
        4,
        0
    ],
    "MOD_BRAKES": [
        1,
        0
    ],
    "MOD_DASHBOARD": [
        4,
        0
    ],
    "MOD_ENGINE": [
        3,
        0
    ],
    "MOD_ENGINEBLOCK": [
        3,
        0
    ],
    "MOD_EXHAUST": [
        3,
        0
    ],
    "MOD_FENDER": [
        2,
        0
    ],
    "MOD_FRAME": [
        3,
        0
    ],
    "MOD_FRONTBUMPER": [
        6,
        0
    ],
    "MOD_FRONTWHEEL": [
        87,
        0
    ],
    "MOD_GRILLE": [
        0,
        0
    ],
    "MOD_HOOD": [
        14,
        0
    ],
    "MOD_LIVERY": [
        1,
        0
    ],
    "MOD_PLATEHOLDER": [
        2,
        0
    ],
    "MOD_REARBUMPER": [
        1,
        0
    ],
    "MOD_RIGHTFENDER": [
        1,
        0
    ],
    "MOD_ROOF": [
        1,
        0
    ],
    "MOD_SEATS": [
        8,
        0
    ],
    "MOD_SIDESKIRT": [
        2,
        0
    ],
    "MOD_SPOILERS": [
        1,
        0
    ],
    "MOD_STEERINGWHEELS": [
        14,
        0
    ],
    "MOD_STRUTS": [
        6,
        0
    ],
    "MOD_SUSPENSION": [
        3,
        0
    ],
    "MOD_TANK": [
        1,
        0
    ],
    "MOD_TIRESMOKE": "TOGGLE",
    "MOD_TRANSMISSION": [
        2,
        0
    ],
    "MOD_TRIM": [
        2,
        0
    ],
    "MOD_TRIMDESIGN": [
        0,
        0
    ],
    "MOD_WINDOWS": [
        2,
        0
    ],
    "MOD_XENONHEADLIGHTS": "TOGGLE",
    "clan_logo": 0,
    "dash_color": 134,
    "drift_tires": 0,
    "has_collision": true,
    "headlight_color": 5,
    "interior_color": 134,
    "is_visible": true,
    "model_attachments": [],
    "neon_color": [
        255,
        255,
        0
    ],
    "neon_lights": [
        true,
        true,
        true,
        true
    ],
    "pearlescent_color": 88,
    "plate_text": "        ",
    "plate_text_index": 1,
    "primary_color": 89,
    "radio_station": "RADIO_36_AUDIOPLAYER",
    "secondary_color": 13,
    "tire_can_burst": 0,
    "tire_smoke_color": [
        255,
        255,
        255
    ],
    "vehicle_attachments": [],
    "vehicle_extras": [],
    "vehicle_model_hash": 2787736776,
    "vehicle_window_tint": 1,
    "wheel_color": 89,
    "wheel_type": 11
}