{
    "": "TOGGLE",
    "MOD_ARMOR": [
        4,
        0
    ],
    "MOD_BRAKES": [
        2,
        0
    ],
    "MOD_ENGINE": [
        3,
        0
    ],
    "MOD_FRAME": [
        5,
        0
    ],
    "MOD_FRONTWHEEL": [
        22,
        0
    ],
    "MOD_GRILLE": [
        5,
        0
    ],
    "MOD_LIVERY": [
        5,
        0
    ],
    "MOD_SPOILERS": [
        8,
        0
    ],
    "MOD_TRANSMISSION": [
        2,
        0
    ],
    "MOD_TURBO": "TOGGLE",
    "MOD_XENONHEADLIGHTS": "TOGGLE",
    "clan_logo": 0,
    "custom_primary_color": [
        131,
        255,
        0
    ],
    "custom_secondary_color": [
        0,
        0,
        0
    ],
    "dash_color": 0,
    "drift_tires": 0,
    "has_collision": true,
    "headlight_color": 11,
    "interior_color": 2,
    "is_visible": true,
    "model_attachments": [],
    "neon_color": [
        255,
        0,
        255
    ],
    "neon_lights": [
        false,
        false,
        false,
        false
    ],
    "pearlescent_color": 0,
    "plate_text": "65KGW913",
    "plate_text_index": 4,
    "primary_color": 28,
    "radio_station": "RADIO_34_DLC_HEI4_KULT",
    "secondary_color": 28,
    "tire_can_burst": 0,
    "vehicle_attachments": [],
    "vehicle_extras": [],
    "vehicle_model_hash": 1934384720,
    "vehicle_window_tint": 0,
    "wheel_color": 0,
    "wheel_type": 0
}