{
    "MOD_ARCHCOVER": [
        2,
        0
    ],
    "MOD_BRAKES": [
        2,
        0
    ],
    "MOD_DASHBOARD": [
        3,
        0
    ],
    "MOD_DIALDESIGN": [
        1,
        0
    ],
    "MOD_ENGINE": [
        3,
        0
    ],
    "MOD_ENGINEBLOCK": [
        6,
        0
    ],
    "MOD_EXHAUST": [
        4,
        0
    ],
    "MOD_FRAME": [
        0,
        0
    ],
    "MOD_FRONTBUMPER": [
        5,
        0
    ],
    "MOD_FRONTWHEEL": [
        46,
        0
    ],
    "MOD_HOOD": [
        6,
        0
    ],
    "MOD_HORNS": [
        42,
        0
    ],
    "MOD_PLAQUES": [
        0,
        0
    ],
    "MOD_REARBUMPER": [
        0,
        0
    ],
    "MOD_ROOF": [
        0,
        0
    ],
    "MOD_SEATS": [
        3,
        0
    ],
    "MOD_SIDESKIRT": [
        4,
        0
    ],
    "MOD_SPOILERS": [
        8,
        0
    ],
    "MOD_STEERINGWHEELS": [
        12,
        0
    ],
    "MOD_SUSPENSION": [
        3,
        0
    ],
    "MOD_TANK": [
        3,
        0
    ],
    "MOD_TIRESMOKE": "TOGGLE",
    "MOD_TRANSMISSION": [
        2,
        0
    ],
    "MOD_TURBO": "TOGGLE",
    "MOD_XENONHEADLIGHTS": "TOGGLE",
    "clan_logo": 0,
    "dash_color": 150,
    "drift_tires": 0,
    "has_collision": true,
    "headlight_color": 0,
    "interior_color": 31,
    "is_visible": true,
    "model_attachments": [],
    "neon_color": [
        255,
        1,
        1
    ],
    "neon_lights": [
        true,
        true,
        true,
        true
    ],
    "pearlescent_color": 27,
    "plate_text": "ALNBRITO",
    "plate_text_index": 1,
    "primary_color": 31,
    "radio_station": "RADIO_37_MOTOMAMI",
    "secondary_color": 31,
    "tire_can_burst": 0,
    "tire_smoke_color": [
        226,
        6,
        6
    ],
    "vehicle_attachments": [],
    "vehicle_extras": [],
    "vehicle_model_hash": 2172320429,
    "vehicle_window_tint": 1,
    "wheel_color": 156,
    "wheel_type": 0
}