{
    "": "TOGGLE",
    "MOD_AERIALS": [
        6,
        0
    ],
    "MOD_ARCHCOVER": [
        6,
        0
    ],
    "MOD_ARMOR": [
        4,
        0
    ],
    "MOD_BRAKES": [
        2,
        0
    ],
    "MOD_ENGINE": [
        3,
        0
    ],
    "MOD_EXHAUST": [
        4,
        0
    ],
    "MOD_FENDER": [
        1,
        0
    ],
    "MOD_FRAME": [
        5,
        0
    ],
    "MOD_FRONTBUMPER": [
        0,
        0
    ],
    "MOD_FRONTWHEEL": [
        116,
        0
    ],
    "MOD_GRILLE": [
        5,
        0
    ],
    "MOD_HOOD": [
        0,
        0
    ],
    "MOD_HORNS": [
        57,
        0
    ],
    "MOD_LIVERY": [
        11,
        0
    ],
    "MOD_SIDESKIRT": [
        0,
        0
    ],
    "MOD_SPOILERS": [
        5,
        0
    ],
    "MOD_TIRESMOKE": "TOGGLE",
    "MOD_TRANSMISSION": [
        2,
        0
    ],
    "MOD_TRIM": [
        5,
        0
    ],
    "MOD_TURBO": "TOGGLE",
    "clan_logo": 0,
    "custom_primary_color": [
        141,
        97,
        255
    ],
    "dash_color": 0,
    "drift_tires": 0,
    "has_collision": true,
    "headlight_color": 255,
    "interior_color": 2,
    "is_visible": true,
    "model_attachments": [],
    "neon_color": [
        21,
        207,
        222
    ],
    "neon_lights": [
        false,
        true,
        true,
        false
    ],
    "pearlescent_color": 70,
    "plate_text": "DOGONPAI",
    "plate_text_index": 0,
    "primary_color": 99,
    "radio_station": "RADIO_27_DLC_PRHEI4",
    "secondary_color": 111,
    "tire_can_burst": 0,
    "tire_smoke_color": [
        0,
        0,
        0
    ],
    "vehicle_attachments": [],
    "vehicle_extras": [
        [
            1,
            true
        ],
        [
            2,
            true
        ],
        [
            3,
            true
        ],
        [
            4,
            false
        ]
    ],
    "vehicle_model_hash": 3061199846,
    "vehicle_window_tint": 1,
    "wheel_color": 122,
    "wheel_type": 8
}