{
    "": "TOGGLE",
    "MOD_ARMOR": [
        4,
        0
    ],
    "MOD_BRAKES": [
        2,
        0
    ],
    "MOD_ENGINE": [
        3,
        0
    ],
    "MOD_EXHAUST": [
        4,
        0
    ],
    "MOD_FENDER": [
        2,
        0
    ],
    "MOD_FRAME": [
        5,
        0
    ],
    "MOD_FRONTBUMPER": [
        3,
        0
    ],
    "MOD_FRONTWHEEL": [
        18,
        0
    ],
    "MOD_GRILLE": [
        3,
        0
    ],
    "MOD_HOOD": [
        0,
        0
    ],
    "MOD_SIDESKIRT": [
        1,
        0
    ],
    "MOD_SPOILERS": [
        5,
        0
    ],
    "MOD_SUSPENSION": [
        3,
        0
    ],
    "MOD_TIRESMOKE": "TOGGLE",
    "MOD_TRANSMISSION": [
        2,
        0
    ],
    "MOD_TURBO": "TOGGLE",
    "MOD_XENONHEADLIGHTS": "TOGGLE",
    "clan_logo": 0,
    "dash_color": 0,
    "drift_tires": 0,
    "has_collision": true,
    "headlight_color": 8,
    "interior_color": 0,
    "is_visible": true,
    "model_attachments": [],
    "neon_color": [
        255,
        1,
        1
    ],
    "neon_lights": [
        true,
        true,
        true,
        true
    ],
    "pearlescent_color": 28,
    "plate_text": "65KGW913",
    "plate_text_index": 6,
    "primary_color": 29,
    "radio_station": "RADIO_16_SILVERLAKE",
    "secondary_color": 27,
    "tire_can_burst": 0,
    "tire_smoke_color": [
        0,
        0,
        0
    ],
    "vehicle_attachments": [],
    "vehicle_extras": [],
    "vehicle_model_hash": 1934384720,
    "vehicle_window_tint": 1,
    "wheel_color": 27,
    "wheel_type": 7
}