{
    "MOD_ARMOR": [
        4,
        0
    ],
    "MOD_BRAKES": [
        2,
        0
    ],
    "MOD_ENGINE": [
        3,
        0
    ],
    "MOD_EXHAUST": [
        0,
        0
    ],
    "MOD_FENDER": [
        0,
        0
    ],
    "MOD_FRAME": [
        1,
        0
    ],
    "MOD_FRONTBUMPER": [
        3,
        0
    ],
    "MOD_FRONTWHEEL": [
        34,
        0
    ],
    "MOD_GRILLE": [
        2,
        0
    ],
    "MOD_HOOD": [
        7,
        0
    ],
    "MOD_LIVERY": [
        0,
        0
    ],
    "MOD_REARBUMPER": [
        1,
        0
    ],
    "MOD_ROOF": [
        0,
        0
    ],
    "MOD_SIDESKIRT": [
        0,
        0
    ],
    "MOD_SPOILERS": [
        2,
        0
    ],
    "MOD_SUSPENSION": [
        4,
        0
    ],
    "MOD_TIRESMOKE": "TOGGLE",
    "MOD_TRANSMISSION": [
        2,
        0
    ],
    "MOD_TURBO": "TOGGLE",
    "MOD_XENONHEADLIGHTS": "TOGGLE",
    "clan_logo": 0,
    "custom_primary_color": [
        84,
        88,
        255
    ],
    "custom_secondary_color": [
        84,
        88,
        255
    ],
    "dash_color": 0,
    "drift_tires": 0,
    "has_collision": true,
    "headlight_color": 12,
    "interior_color": 0,
    "is_visible": true,
    "model_attachments": [],
    "neon_color": [
        84,
        88,
        255
    ],
    "neon_lights": [
        true,
        true,
        true,
        true
    ],
    "pearlescent_color": 28,
    "plate_text": "        ",
    "plate_text_index": 4,
    "primary_color": 120,
    "radio_station": "RADIO_35_DLC_HEI4_MLR",
    "secondary_color": 111,
    "tire_can_burst": 0,
    "tire_smoke_color": [
        20,
        20,
        20
    ],
    "vehicle_attachments": [],
    "vehicle_extras": [],
    "vehicle_model_hash": 1909189272,
    "vehicle_window_tint": 0,
    "wheel_color": 0,
    "wheel_type": 12
}