{
    "": "TOGGLE",
    "MOD_ARMOR": [
        4,
        0
    ],
    "MOD_BRAKES": [
        2,
        0
    ],
    "MOD_COLUMNSHIFTERLEVERS": [
        14,
        0
    ],
    "MOD_DIALDESIGN": [
        13,
        0
    ],
    "MOD_ENGINE": [
        3,
        0
    ],
    "MOD_ENGINEBLOCK": [
        5,
        0
    ],
    "MOD_EXHAUST": [
        7,
        0
    ],
    "MOD_FRONTWHEEL": [
        121,
        0
    ],
    "MOD_HOOD": [
        9,
        0
    ],
    "MOD_HORNS": [
        57,
        0
    ],
    "MOD_HYDRAULICS": [
        4,
        0
    ],
    "MOD_LIVERY": [
        4,
        0
    ],
    "MOD_ORNAMENTS": [
        44,
        0
    ],
    "MOD_PLAQUES": [
        21,
        0
    ],
    "MOD_PLATEHOLDER": [
        12,
        0
    ],
    "MOD_REARWHEEL": [
        0,
        0
    ],
    "MOD_ROOF": [
        2,
        0
    ],
    "MOD_SPEAKERS": [
        3,
        0
    ],
    "MOD_SPOILERS": [
        2,
        0
    ],
    "MOD_STEERINGWHEELS": [
        15,
        0
    ],
    "MOD_TANK": [
        1,
        0
    ],
    "MOD_TRANSMISSION": [
        2,
        0
    ],
    "MOD_TRIMDESIGN": [
        11,
        0
    ],
    "MOD_TRUNK": [
        4,
        0
    ],
    "MOD_TURBO": "TOGGLE",
    "MOD_VANITYPLATES": [
        15,
        0
    ],
    "MOD_XENONHEADLIGHTS": "TOGGLE",
    "clan_logo": 0,
    "custom_primary_color": [
        111,
        222,
        183
    ],
    "custom_secondary_color": [
        111,
        222,
        183
    ],
    "dash_color": 38,
    "has_collision": true,
    "headlight_color": 3,
    "interior_color": 54,
    "is_invincible": false,
    "is_visible": true,
    "model_attachments": [],
    "neon_color": [
        0,
        255,
        140
    ],
    "neon_lights": [
        true,
        true,
        true,
        true
    ],
    "pearlescent_color": 4,
    "plate_text": "PUTOS N ",
    "plate_text_index": 5,
    "primary_color": 27,
    "radio_station": "OFF",
    "secondary_color": 36,
    "tire_smoke_color": [
        114,
        204,
        114
    ],
    "vehicle_attachments": [],
    "vehicle_extras": [],
    "vehicle_model_hash": 3381377750,
    "vehicle_window_tint": 6,
    "wheel_color": 54,
    "wheel_type": 8
}