{
    "": "TOGGLE",
    "MOD_ARMOR": [
        4,
        0
    ],
    "MOD_BRAKES": [
        2,
        0
    ],
    "MOD_ENGINE": [
        3,
        0
    ],
    "MOD_FRONTWHEEL": [
        3,
        0
    ],
    "MOD_HORNS": [
        57,
        0
    ],
    "MOD_SUSPENSION": [
        3,
        0
    ],
    "MOD_TRANSMISSION": [
        2,
        0
    ],
    "MOD_TURBO": "TOGGLE",
    "MOD_XENONHEADLIGHTS": "TOGGLE",
    "clan_logo": 0,
    "custom_primary_color": [
        30,
        0,
        255
    ],
    "custom_secondary_color": [
        102,
        0,
        255
    ],
    "dash_color": 0,
    "has_collision": true,
    "headlight_color": 255,
    "interior_color": 0,
    "is_invincible": false,
    "is_visible": true,
    "model_attachments": [],
    "neon_color": [
        75,
        0,
        255
    ],
    "neon_lights": [
        false,
        false,
        false,
        false
    ],
    "pearlescent_color": 0,
    "plate_text": "   XD   ",
    "plate_text_index": 5,
    "primary_color": 0,
    "radio_station": "OFF",
    "secondary_color": 0,
    "tire_smoke_color": [
        255,
        255,
        255
    ],
    "vehicle_attachments": [],
    "vehicle_extras": [
        [
            1,
            true
        ],
        [
            10,
            false
        ],
        [
            11,
            true
        ]
    ],
    "vehicle_model_hash": 2519238556,
    "vehicle_window_tint": 1,
    "wheel_color": 9,
    "wheel_type": 10
}