{
    "": "TOGGLE",
    "MOD_ARMOR": [
        4,
        0
    ],
    "MOD_BRAKES": [
        2,
        0
    ],
    "MOD_ENGINE": [
        3,
        0
    ],
    "MOD_EXHAUST": [
        1,
        0
    ],
    "MOD_FRONTBUMPER": [
        1,
        0
    ],
    "MOD_FRONTWHEEL": [
        107,
        0
    ],
    "MOD_HOOD": [
        1,
        0
    ],
    "MOD_HORNS": [
        32,
        0
    ],
    "MOD_LIVERY": [
        7,
        0
    ],
    "MOD_SUSPENSION": [
        2,
        0
    ],
    "MOD_TRANSMISSION": [
        2,
        0
    ],
    "MOD_TURBO": "TOGGLE",
    "MOD_XENONHEADLIGHTS": "TOGGLE",
    "clan_logo": 0,
    "custom_primary_color": [
        0,
        22,
        255
    ],
    "custom_secondary_color": [
        255,
        0,
        0
    ],
    "dash_color": 0,
    "has_collision": true,
    "headlight_color": 1,
    "interior_color": 111,
    "is_invincible": true,
    "is_visible": true,
    "model_attachments": [],
    "neon_color": [
        0,
        46,
        255
    ],
    "neon_lights": [
        true,
        true,
        true,
        true
    ],
    "pearlescent_color": 111,
    "plate_text": "RAPTOR S",
    "plate_text_index": 5,
    "primary_color": 120,
    "radio_station": "RADIO_13_JAZZ",
    "secondary_color": 111,
    "tire_smoke_color": [
        0,
        0,
        0
    ],
    "vehicle_attachments": [],
    "vehicle_extras": [],
    "vehicle_model_hash": 2215179066,
    "vehicle_window_tint": 5,
    "wheel_color": 111,
    "wheel_type": 8
}