{
    "": "TOGGLE",
    "MOD_ARMOR": [
        4,
        0
    ],
    "MOD_BRAKES": [
        2,
        0
    ],
    "MOD_ENGINE": [
        3,
        0
    ],
    "MOD_FRONTWHEEL": [
        2,
        0
    ],
    "MOD_HORNS": [
        57,
        0
    ],
    "MOD_REARWHEEL": [
        2,
        0
    ],
    "MOD_TIRESMOKE": "TOGGLE",
    "MOD_TRANSMISSION": [
        2,
        0
    ],
    "MOD_TURBO": "TOGGLE",
    "MOD_XENONHEADLIGHTS": "TOGGLE",
    "clan_logo": 0,
    "dash_color": 142,
    "has_collision": true,
    "headlight_color": 255,
    "interior_color": 142,
    "is_invincible": false,
    "is_visible": true,
    "model_attachments": [],
    "neon_color": [
        255,
        0,
        255
    ],
    "neon_lights": [
        false,
        false,
        false,
        false
    ],
    "pearlescent_color": 145,
    "plate_text": "MAFIA YT",
    "plate_text_index": 1,
    "primary_color": 142,
    "radio_station": "RADIO_18_90S_ROCK",
    "secondary_color": 142,
    "tire_smoke_color": [
        100,
        79,
        142
    ],
    "vehicle_attachments": [],
    "vehicle_extras": [],
    "vehicle_model_hash": 1265391242,
    "vehicle_window_tint": 1,
    "wheel_color": 142,
    "wheel_type": 6
}