{
    "": "TOGGLE",
    "MOD_ARMOR": [
        4,
        0
    ],
    "MOD_BRAKES": [
        2,
        0
    ],
    "MOD_ENGINE": [
        3,
        0
    ],
    "MOD_FENDER": [
        0,
        0
    ],
    "MOD_FRONTBUMPER": [
        0,
        0
    ],
    "MOD_FRONTWHEEL": [
        0,
        0
    ],
    "MOD_LIVERY": [
        10,
        0
    ],
    "MOD_SIDESKIRT": [
        0,
        0
    ],
    "MOD_TRANSMISSION": [
        2,
        0
    ],
    "MOD_TURBO": "TOGGLE",
    "clan_logo": 0,
    "custom_primary_color": [
        0,
        0,
        98
    ],
    "custom_secondary_color": [
        0,
        0,
        98
    ],
    "dash_color": 111,
    "drift_tires": 0,
    "has_collision": true,
    "headlight_color": 255,
    "interior_color": 13,
    "is_visible": true,
    "model_attachments": [],
    "neon_color": [
        255,
        0,
        255
    ],
    "neon_lights": [
        false,
        false,
        false,
        false
    ],
    "pearlescent_color": 0,
    "plate_text": "61UME476",
    "plate_text_index": 4,
    "primary_color": 27,
    "radio_station": "RADIO_08_MEXICAN",
    "secondary_color": 120,
    "tire_can_burst": 1,
    "vehicle_attachments": [],
    "vehicle_extras": [],
    "vehicle_model_hash": 15219735,
    "vehicle_window_tint": 0,
    "wheel_color": 28,
    "wheel_type": 11
}