{
    "": "TOGGLE",
    "MOD_ARMOR": [
        4,
        0
    ],
    "MOD_BRAKES": [
        2,
        0
    ],
    "MOD_ENGINE": [
        3,
        0
    ],
    "MOD_FRONTBUMPER": [
        5,
        0
    ],
    "MOD_FRONTWHEEL": [
        116,
        0
    ],
    "MOD_HOOD": [
        4,
        0
    ],
    "MOD_LIVERY": [
        7,
        0
    ],
    "MOD_REARBUMPER": [
        5,
        0
    ],
    "MOD_SPOILERS": [
        0,
        0
    ],
    "MOD_SUSPENSION": [
        3,
        0
    ],
    "MOD_TIRESMOKE": "TOGGLE",
    "MOD_TURBO": "TOGGLE",
    "MOD_XENONHEADLIGHTS": "TOGGLE",
    "clan_logo": 0,
    "custom_primary_color": [
        44,
        135,
        44
    ],
    "custom_secondary_color": [
        44,
        135,
        44
    ],
    "dash_color": 0,
    "drift_tires": 0,
    "has_collision": true,
    "headlight_color": 1,
    "interior_color": 89,
    "is_visible": true,
    "model_attachments": [],
    "neon_color": [
        87,
        255,
        0
    ],
    "neon_lights": [
        true,
        true,
        true,
        true
    ],
    "pearlescent_color": 89,
    "plate_text": "KSKSTYLE",
    "plate_text_index": 1,
    "primary_color": 12,
    "radio_station": "RADIO_19_USER",
    "secondary_color": 12,
    "tire_can_burst": 0,
    "tire_smoke_color": [
        252,
        238,
        0
    ],
    "vehicle_attachments": [],
    "vehicle_extras": [],
    "vehicle_model_hash": 662793086,
    "vehicle_window_tint": 1,
    "wheel_color": 55,
    "wheel_type": 12
}