{
    "MOD_ARMOR": [
        4,
        0
    ],
    "MOD_BRAKES": [
        2,
        0
    ],
    "MOD_ENGINE": [
        3,
        0
    ],
    "MOD_FRONTBUMPER": [
        5,
        0
    ],
    "MOD_FRONTWHEEL": [
        49,
        0
    ],
    "MOD_HOOD": [
        6,
        0
    ],
    "MOD_HORNS": [
        50,
        0
    ],
    "MOD_REARBUMPER": [
        5,
        0
    ],
    "MOD_SPOILERS": [
        2,
        0
    ],
    "MOD_SUSPENSION": [
        3,
        0
    ],
    "MOD_TURBO": "TOGGLE",
    "clan_logo": 0,
    "custom_primary_color": [
        243,
        187,
        194
    ],
    "custom_secondary_color": [
        243,
        187,
        194
    ],
    "dash_color": 93,
    "drift_tires": 0,
    "has_collision": true,
    "headlight_color": 255,
    "interior_color": 134,
    "is_visible": true,
    "model_attachments": [],
    "neon_color": [
        0,
        59,
        255
    ],
    "neon_lights": [
        true,
        true,
        true,
        true
    ],
    "pearlescent_color": 111,
    "plate_text": "        ",
    "plate_text_index": 0,
    "primary_color": 111,
    "radio_station": "RADIO_14_DANCE_02",
    "secondary_color": 0,
    "tire_can_burst": 0,
    "vehicle_attachments": [],
    "vehicle_extras": [],
    "vehicle_model_hash": 662793086,
    "vehicle_window_tint": 0,
    "wheel_color": 0,
    "wheel_type": 8
}