{
    "MOD_ARMOR": [
        4,
        0
    ],
    "MOD_BRAKES": [
        2,
        0
    ],
    "MOD_ENGINE": [
        3,
        0
    ],
    "MOD_EXHAUST": [
        4,
        0
    ],
    "MOD_FRONTBUMPER": [
        16,
        0
    ],
    "MOD_FRONTWHEEL": [
        62,
        0
    ],
    "MOD_HOOD": [
        17,
        0
    ],
    "MOD_HORNS": [
        57,
        0
    ],
    "MOD_REARBUMPER": [
        5,
        0
    ],
    "MOD_ROOF": [
        9,
        0
    ],
    "MOD_SIDESKIRT": [
        11,
        0
    ],
    "MOD_SPOILERS": [
        14,
        0
    ],
    "MOD_SUSPENSION": [
        1,
        0
    ],
    "MOD_TIRESMOKE": "TOGGLE",
    "MOD_TRANSMISSION": [
        2,
        0
    ],
    "MOD_TURBO": "TOGGLE",
    "MOD_XENONHEADLIGHTS": "TOGGLE",
    "clan_logo": 0,
    "custom_primary_color": [
        0,
        0,
        0
    ],
    "custom_secondary_color": [
        0,
        0,
        0
    ],
    "dash_color": 17,
    "has_collision": true,
    "headlight_color": 10,
    "interior_color": 156,
    "is_invincible": false,
    "is_visible": true,
    "model_attachments": [],
    "neon_color": [
        125,
        0,
        255
    ],
    "neon_lights": [
        true,
        true,
        true,
        true
    ],
    "pearlescent_color": 0,
    "plate_text": "72IUU390",
    "plate_text_index": 0,
    "primary_color": 12,
    "radio_station": "RADIO_02_POP",
    "secondary_color": 120,
    "tire_smoke_color": [
        125,
        0,
        255
    ],
    "vehicle_attachments": [],
    "vehicle_extras": [],
    "vehicle_model_hash": 2850852987,
    "vehicle_window_tint": 1,
    "wheel_color": 0,
    "wheel_type": 10
}