{
    "MOD_ARMOR": [
        4,
        0
    ],
    "MOD_BRAKES": [
        2,
        0
    ],
    "MOD_ENGINE": [
        3,
        0
    ],
    "MOD_EXHAUST": [
        3,
        0
    ],
    "MOD_FRONTBUMPER": [
        16,
        0
    ],
    "MOD_FRONTWHEEL": [
        131,
        0
    ],
    "MOD_HOOD": [
        16,
        0
    ],
    "MOD_HORNS": [
        57,
        0
    ],
    "MOD_LIVERY": [
        6,
        0
    ],
    "MOD_REARBUMPER": [
        5,
        0
    ],
    "MOD_ROOF": [
        9,
        0
    ],
    "MOD_SIDESKIRT": [
        6,
        0
    ],
    "MOD_SPOILERS": [
        3,
        0
    ],
    "MOD_SUSPENSION": [
        1,
        0
    ],
    "MOD_TIRESMOKE": "TOGGLE",
    "MOD_TRANSMISSION": [
        2,
        0
    ],
    "MOD_TURBO": "TOGGLE",
    "clan_logo": 0,
    "custom_primary_color": [
        0,
        0,
        255
    ],
    "custom_secondary_color": [
        0,
        0,
        255
    ],
    "dash_color": 17,
    "drift_tires": 0,
    "has_collision": true,
    "headlight_color": 255,
    "interior_color": 156,
    "is_visible": true,
    "model_attachments": [],
    "neon_color": [
        0,
        0,
        255
    ],
    "neon_lights": [
        true,
        true,
        true,
        true
    ],
    "pearlescent_color": 73,
    "plate_text": "        ",
    "plate_text_index": 0,
    "primary_color": 120,
    "radio_station": "RADIO_02_POP",
    "secondary_color": 120,
    "tire_can_burst": 0,
    "tire_smoke_color": [
        0,
        255,
        255
    ],
    "vehicle_attachments": [],
    "vehicle_extras": [],
    "vehicle_model_hash": 2850852987,
    "vehicle_window_tint": 6,
    "wheel_color": 2,
    "wheel_type": 10
}