{
    "": "TOGGLE",
    "MOD_ARMOR": [
        4,
        0
    ],
    "MOD_BRAKES": [
        2,
        0
    ],
    "MOD_ENGINE": [
        3,
        0
    ],
    "MOD_EXHAUST": [
        4,
        0
    ],
    "MOD_FRONTBUMPER": [
        16,
        0
    ],
    "MOD_FRONTWHEEL": [
        61,
        0
    ],
    "MOD_HOOD": [
        16,
        0
    ],
    "MOD_HORNS": [
        40,
        0
    ],
    "MOD_LIVERY": [
        0,
        0
    ],
    "MOD_REARBUMPER": [
        5,
        0
    ],
    "MOD_ROOF": [
        9,
        0
    ],
    "MOD_SIDESKIRT": [
        9,
        0
    ],
    "MOD_SPOILERS": [
        13,
        0
    ],
    "MOD_SUSPENSION": [
        1,
        0
    ],
    "MOD_TIRESMOKE": "TOGGLE",
    "MOD_TRANSMISSION": [
        2,
        0
    ],
    "MOD_TURBO": "TOGGLE",
    "MOD_XENONHEADLIGHTS": "TOGGLE",
    "clan_logo": 0,
    "custom_primary_color": [
        183,
        0,
        31
    ],
    "custom_secondary_color": [
        183,
        0,
        31
    ],
    "dash_color": 156,
    "drift_tires": 0,
    "has_collision": true,
    "headlight_color": 8,
    "interior_color": 17,
    "is_visible": true,
    "model_attachments": [],
    "neon_color": [
        255,
        1,
        1
    ],
    "neon_lights": [
        true,
        true,
        true,
        true
    ],
    "pearlescent_color": 89,
    "plate_text": "46EEK572",
    "plate_text_index": 6,
    "primary_color": 140,
    "radio_station": "RADIO_27_DLC_PRHEI4",
    "secondary_color": 140,
    "tire_can_burst": 0,
    "tire_smoke_color": [
        0,
        0,
        0
    ],
    "vehicle_attachments": [],
    "vehicle_extras": [],
    "vehicle_model_hash": 2850852987,
    "vehicle_window_tint": 1,
    "wheel_color": 35,
    "wheel_type": 8
}