{
    "MOD_ARMOR": [
        4,
        0
    ],
    "MOD_BRAKES": [
        2,
        0
    ],
    "MOD_ENGINE": [
        3,
        0
    ],
    "MOD_EXHAUST": [
        1,
        0
    ],
    "MOD_FRONTBUMPER": [
        1,
        0
    ],
    "MOD_FRONTWHEEL": [
        22,
        1
    ],
    "MOD_GRILLE": [
        1,
        0
    ],
    "MOD_HOOD": [
        2,
        0
    ],
    "MOD_HORNS": [
        7,
        0
    ],
    "MOD_REARBUMPER": [
        0,
        0
    ],
    "MOD_SUSPENSION": [
        4,
        0
    ],
    "MOD_TIRESMOKE": "TOGGLE",
    "MOD_TRANSMISSION": [
        3,
        0
    ],
    "MOD_TURBO": "TOGGLE",
    "clan_logo": 0,
    "dash_color": 0,
    "drift_tires": 0,
    "has_collision": true,
    "headlight_color": 255,
    "interior_color": 106,
    "is_visible": true,
    "model_attachments": [],
    "neon_color": [
        255,
        0,
        255
    ],
    "neon_lights": [
        false,
        false,
        false,
        false
    ],
    "pearlescent_color": 111,
    "plate_text": "KRZMENU",
    "plate_text_index": 1,
    "primary_color": 106,
    "radio_station": "OFF",
    "secondary_color": 6,
    "tire_can_burst": 0,
    "tire_smoke_color": [
        255,
        255,
        255
    ],
    "vehicle_attachments": [],
    "vehicle_extras": [],
    "vehicle_model_hash": 2198276962,
    "vehicle_window_tint": 0,
    "wheel_color": 156,
    "wheel_type": 2
}