{
    "MOD_ARMOR": [
        4,
        0
    ],
    "MOD_BRAKES": [
        2,
        0
    ],
    "MOD_ENGINE": [
        3,
        0
    ],
    "MOD_FRAME": [
        2,
        0
    ],
    "MOD_FRONTWHEEL": [
        70,
        0
    ],
    "MOD_HORNS": [
        0,
        0
    ],
    "MOD_LIVERY": [
        25,
        0
    ],
    "MOD_RIGHTFENDER": [
        0,
        0
    ],
    "MOD_ROOF": [
        0,
        0
    ],
    "MOD_SUSPENSION": [
        3,
        0
    ],
    "MOD_TIRESMOKE": "TOGGLE",
    "MOD_TRANSMISSION": [
        2,
        0
    ],
    "MOD_TURBO": "TOGGLE",
    "MOD_XENONHEADLIGHTS": "TOGGLE",
    "clan_logo": 0,
    "custom_primary_color": [
        0,
        0,
        0
    ],
    "custom_secondary_color": [
        12,
        0,
        12
    ],
    "dash_color": 0,
    "has_collision": true,
    "headlight_color": 0,
    "interior_color": 0,
    "is_invincible": false,
    "is_visible": true,
    "model_attachments": [],
    "neon_color": [
        255,
        255,
        255
    ],
    "neon_lights": [
        true,
        true,
        true,
        true
    ],
    "pearlescent_color": 135,
    "plate_text": "V2D04LLQ",
    "plate_text_index": 0,
    "primary_color": 0,
    "radio_station": "RADIO_03_HIPHOP_NEW",
    "secondary_color": 0,
    "tire_smoke_color": [
        2,
        0,
        2
    ],
    "vehicle_attachments": [],
    "vehicle_extras": [
        [
            1,
            true
        ]
    ],
    "vehicle_model_hash": 2370534026,
    "vehicle_window_tint": 2,
    "wheel_color": 0,
    "wheel_type": 10
}