{
    "MOD_ARMOR": [
        4,
        0
    ],
    "MOD_BRAKES": [
        2,
        0
    ],
    "MOD_ENGINE": [
        3,
        0
    ],
    "MOD_EXHAUST": [
        4,
        0
    ],
    "MOD_FENDER": [
        3,
        0
    ],
    "MOD_FRONTBUMPER": [
        5,
        0
    ],
    "MOD_FRONTWHEEL": [
        54,
        0
    ],
    "MOD_GRILLE": [
        2,
        0
    ],
    "MOD_HOOD": [
        8,
        0
    ],
    "MOD_HORNS": [
        7,
        0
    ],
    "MOD_LIVERY": [
        0,
        0
    ],
    "MOD_REARBUMPER": [
        2,
        0
    ],
    "MOD_RIGHTFENDER": [
        1,
        0
    ],
    "MOD_ROOF": [
        5,
        0
    ],
    "MOD_SIDESKIRT": [
        5,
        0
    ],
    "MOD_SUSPENSION": [
        3,
        0
    ],
    "MOD_TIRESMOKE": "TOGGLE",
    "MOD_TRANSMISSION": [
        3,
        0
    ],
    "MOD_TURBO": "TOGGLE",
    "MOD_XENONHEADLIGHTS": "TOGGLE",
    "clan_logo": 0,
    "dash_color": 112,
    "drift_tires": 0,
    "has_collision": true,
    "headlight_color": 9,
    "interior_color": 112,
    "is_visible": true,
    "model_attachments": [],
    "neon_color": [
        210,
        50,
        215
    ],
    "neon_lights": [
        true,
        true,
        true,
        true
    ],
    "pearlescent_color": 135,
    "plate_text": "        ",
    "plate_text_index": 1,
    "primary_color": 136,
    "radio_station": "RADIO_35_DLC_HEI4_MLR",
    "secondary_color": 112,
    "tire_can_burst": 0,
    "tire_smoke_color": [
        255,
        255,
        255
    ],
    "vehicle_attachments": [],
    "vehicle_extras": [
        [
            1,
            false
        ]
    ],
    "vehicle_model_hash": 1854776567,
    "vehicle_window_tint": 1,
    "wheel_color": 136,
    "wheel_type": 8
}