{
    "MOD_BRAKES": [
        2,
        0
    ],
    "MOD_ENGINE": [
        3,
        0
    ],
    "MOD_FENDER": [
        0,
        0
    ],
    "MOD_FRAME": [
        0,
        0
    ],
    "MOD_FRONTBUMPER": [
        3,
        0
    ],
    "MOD_FRONTWHEEL": [
        132,
        0
    ],
    "MOD_GRILLE": [
        2,
        0
    ],
    "MOD_HOOD": [
        7,
        0
    ],
    "MOD_REARBUMPER": [
        3,
        0
    ],
    "MOD_ROOF": [
        5,
        0
    ],
    "MOD_SIDESKIRT": [
        5,
        0
    ],
    "MOD_SPOILERS": [
        4,
        0
    ],
    "MOD_SUSPENSION": [
        4,
        0
    ],
    "MOD_TIRESMOKE": "TOGGLE",
    "MOD_TRANSMISSION": [
        3,
        0
    ],
    "MOD_TURBO": "TOGGLE",
    "MOD_XENONHEADLIGHTS": "TOGGLE",
    "clan_logo": 0,
    "custom_primary_color": [
        55,
        155,
        200
    ],
    "custom_secondary_color": [
        55,
        155,
        200
    ],
    "dash_color": 28,
    "drift_tires": 0,
    "has_collision": true,
    "headlight_color": 2,
    "interior_color": 0,
    "is_visible": true,
    "model_attachments": [],
    "neon_color": [
        20,
        155,
        255
    ],
    "neon_lights": [
        true,
        true,
        true,
        true
    ],
    "pearlescent_color": 127,
    "plate_text": "        ",
    "plate_text_index": 1,
    "primary_color": 27,
    "radio_station": "RADIO_14_DANCE_02",
    "secondary_color": 67,
    "tire_can_burst": 0,
    "tire_smoke_color": [
        255,
        255,
        255
    ],
    "vehicle_attachments": [],
    "vehicle_extras": [],
    "vehicle_model_hash": 3963499524,
    "vehicle_window_tint": 3,
    "wheel_color": 134,
    "wheel_type": 12
}