{
    "": "TOGGLE",
    "MOD_ARMOR": [
        4,
        0
    ],
    "MOD_BRAKES": [
        2,
        0
    ],
    "MOD_ENGINE": [
        3,
        0
    ],
    "MOD_EXHAUST": [
        6,
        0
    ],
    "MOD_FRONTBUMPER": [
        5,
        0
    ],
    "MOD_FRONTWHEEL": [
        145,
        0
    ],
    "MOD_HOOD": [
        6,
        0
    ],
    "MOD_REARBUMPER": [
        6,
        0
    ],
    "MOD_SIDESKIRT": [
        3,
        0
    ],
    "MOD_SPOILERS": [
        4,
        0
    ],
    "MOD_TRANSMISSION": [
        2,
        0
    ],
    "MOD_TURBO": "TOGGLE",
    "MOD_XENONHEADLIGHTS": "TOGGLE",
    "clan_logo": 0,
    "dash_color": 132,
    "has_collision": true,
    "headlight_color": 255,
    "interior_color": 1,
    "is_invincible": false,
    "is_visible": true,
    "model_attachments": [],
    "neon_color": [
        15,
        3,
        255
    ],
    "neon_lights": [
        true,
        true,
        true,
        true
    ],
    "pearlescent_color": 31,
    "plate_text": "88HQO553",
    "plate_text_index": 2,
    "primary_color": 143,
    "radio_station": "OFF",
    "secondary_color": 12,
    "tire_smoke_color": [
        255,
        255,
        255
    ],
    "vehicle_attachments": [],
    "vehicle_extras": [],
    "vehicle_model_hash": 2246633323,
    "vehicle_window_tint": 1,
    "wheel_color": 0,
    "wheel_type": 11
}