{
    "MOD_ARMOR": [
        4,
        0
    ],
    "MOD_BRAKES": [
        2,
        0
    ],
    "MOD_ENGINE": [
        3,
        0
    ],
    "MOD_EXHAUST": [
        1,
        0
    ],
    "MOD_FRAME": [
        0,
        0
    ],
    "MOD_FRONTWHEEL": [
        116,
        0
    ],
    "MOD_GRILLE": [
        1,
        0
    ],
    "MOD_HOOD": [
        8,
        0
    ],
    "MOD_LIVERY": [
        4,
        0
    ],
    "MOD_REARBUMPER": [
        12,
        0
    ],
    "MOD_RIGHTFENDER": [
        0,
        0
    ],
    "MOD_ROOF": [
        1,
        0
    ],
    "MOD_SIDESKIRT": [
        1,
        0
    ],
    "MOD_SPOILERS": [
        9,
        0
    ],
    "MOD_SUSPENSION": [
        1,
        0
    ],
    "MOD_TIRESMOKE": "TOGGLE",
    "MOD_TRANSMISSION": [
        2,
        0
    ],
    "MOD_TURBO": "TOGGLE",
    "clan_logo": 0,
    "custom_primary_color": [
        179,
        141,
        34
    ],
    "dash_color": 39,
    "drift_tires": 0,
    "has_collision": true,
    "headlight_color": 255,
    "interior_color": 156,
    "is_visible": true,
    "model_attachments": [],
    "neon_color": [
        255,
        0,
        255
    ],
    "neon_lights": [
        false,
        false,
        false,
        false
    ],
    "pearlescent_color": 111,
    "plate_text": "        ",
    "plate_text_index": 2,
    "primary_color": 158,
    "radio_station": "RADIO_16_SILVERLAKE",
    "secondary_color": 107,
    "tire_can_burst": 0,
    "tire_smoke_color": [
        255,
        255,
        255
    ],
    "vehicle_attachments": [],
    "vehicle_extras": [],
    "vehicle_model_hash": 3145241962,
    "vehicle_window_tint": 1,
    "wheel_color": 0,
    "wheel_type": 9
}