{
    "": "TOGGLE",
    "MOD_ARMOR": [
        4,
        0
    ],
    "MOD_BRAKES": [
        2,
        0
    ],
    "MOD_ENGINE": [
        3,
        0
    ],
    "MOD_EXHAUST": [
        7,
        0
    ],
    "MOD_FRONTBUMPER": [
        2,
        0
    ],
    "MOD_FRONTWHEEL": [
        107,
        0
    ],
    "MOD_GRILLE": [
        5,
        0
    ],
    "MOD_HOOD": [
        8,
        0
    ],
    "MOD_LIVERY": [
        4,
        0
    ],
    "MOD_REARBUMPER": [
        6,
        0
    ],
    "MOD_SIDESKIRT": [
        7,
        0
    ],
    "MOD_SPOILERS": [
        14,
        0
    ],
    "MOD_SUSPENSION": [
        1,
        0
    ],
    "MOD_TIRESMOKE": "TOGGLE",
    "MOD_TRANSMISSION": [
        2,
        0
    ],
    "MOD_TURBO": "TOGGLE",
    "MOD_XENONHEADLIGHTS": "TOGGLE",
    "clan_logo": 0,
    "custom_primary_color": [
        0,
        255,
        85
    ],
    "custom_secondary_color": [
        0,
        255,
        85
    ],
    "dash_color": 156,
    "drift_tires": 0,
    "has_collision": true,
    "headlight_color": 0,
    "interior_color": 112,
    "is_visible": true,
    "model_attachments": [],
    "neon_color": [
        0,
        255,
        85
    ],
    "neon_lights": [
        true,
        true,
        true,
        true
    ],
    "pearlescent_color": 6,
    "plate_text": "21SPA190",
    "plate_text_index": 0,
    "primary_color": 9,
    "radio_station": "RADIO_34_DLC_HEI4_KULT",
    "secondary_color": 91,
    "tire_can_burst": 0,
    "tire_smoke_color": [
        0,
        255,
        85
    ],
    "vehicle_attachments": [],
    "vehicle_extras": [],
    "vehicle_model_hash": 3145241962,
    "vehicle_window_tint": -1,
    "wheel_color": 112,
    "wheel_type": 8
}