{
    "": "TOGGLE",
    "MOD_AERIALS": [
        2,
        0
    ],
    "MOD_ARMOR": [
        4,
        0
    ],
    "MOD_BRAKES": [
        2,
        0
    ],
    "MOD_DASHBOARD": [
        4,
        0
    ],
    "MOD_DIALDESIGN": [
        7,
        0
    ],
    "MOD_DOORSPEAKERS": [
        5,
        0
    ],
    "MOD_ENGINE": [
        3,
        0
    ],
    "MOD_EXHAUST": [
        3,
        0
    ],
    "MOD_FENDER": [
        2,
        0
    ],
    "MOD_FRAME": [
        2,
        0
    ],
    "MOD_FRONTBUMPER": [
        16,
        0
    ],
    "MOD_FRONTWHEEL": [
        0,
        0
    ],
    "MOD_HOOD": [
        12,
        0
    ],
    "MOD_REARBUMPER": [
        2,
        0
    ],
    "MOD_ROOF": [
        3,
        0
    ],
    "MOD_SEATS": [
        12,
        0
    ],
    "MOD_SIDESKIRT": [
        1,
        0
    ],
    "MOD_SPOILERS": [
        12,
        0
    ],
    "MOD_STEERINGWHEELS": [
        15,
        0
    ],
    "MOD_TRANSMISSION": [
        2,
        0
    ],
    "MOD_TURBO": "TOGGLE",
    "MOD_XENONHEADLIGHTS": "TOGGLE",
    "clan_logo": 0,
    "custom_primary_color": [
        255,
        1,
        94
    ],
    "custom_secondary_color": [
        255,
        1,
        94
    ],
    "dash_color": 0,
    "has_collision": true,
    "headlight_color": 255,
    "interior_color": 107,
    "is_invincible": false,
    "is_visible": true,
    "model_attachments": [],
    "neon_color": [
        255,
        0,
        95
    ],
    "neon_lights": [
        true,
        true,
        true,
        true
    ],
    "pearlescent_color": 0,
    "plate_text": "46EEK572",
    "plate_text_index": 1,
    "primary_color": 120,
    "radio_station": "RADIO_02_POP",
    "secondary_color": 120,
    "tire_smoke_color": [
        255,
        255,
        255
    ],
    "vehicle_attachments": [],
    "vehicle_extras": [],
    "vehicle_model_hash": 3812247419,
    "vehicle_window_tint": 1,
    "wheel_color": 136,
    "wheel_type": 0
}