{
    "": "TOGGLE",
    "MOD_AIRFILTER": [
        8,
        0
    ],
    "MOD_ARCHCOVER": [
        2,
        0
    ],
    "MOD_ARMOR": [
        4,
        0
    ],
    "MOD_ENGINEBLOCK": [
        0,
        0
    ],
    "MOD_EXHAUST": [
        9,
        0
    ],
    "MOD_FENDER": [
        1,
        0
    ],
    "MOD_FRONTBUMPER": [
        2,
        0
    ],
    "MOD_FRONTWHEEL": [
        116,
        0
    ],
    "MOD_GRILLE": [
        7,
        0
    ],
    "MOD_HORNS": [
        56,
        0
    ],
    "MOD_LIVERY": [
        11,
        0
    ],
    "MOD_RIGHTFENDER": [
        1,
        0
    ],
    "MOD_ROOF": [
        3,
        0
    ],
    "MOD_SIDESKIRT": [
        7,
        0
    ],
    "MOD_SPOILERS": [
        3,
        0
    ],
    "MOD_STRUTS": [
        14,
        0
    ],
    "MOD_SUSPENSION": [
        3,
        0
    ],
    "MOD_TANK": [
        6,
        0
    ],
    "MOD_TRIMDESIGN": [
        4,
        0
    ],
    "MOD_VANITYPLATES": [
        2,
        0
    ],
    "MOD_XENONHEADLIGHTS": "TOGGLE",
    "clan_logo": 1,
    "dash_color": 135,
    "drift_tires": 0,
    "has_collision": true,
    "headlight_color": 1,
    "interior_color": 28,
    "is_visible": true,
    "model_attachments": [],
    "neon_color": [
        255,
        1,
        1
    ],
    "neon_lights": [
        true,
        true,
        true,
        true
    ],
    "pearlescent_color": 0,
    "plate_text": "KSKSTYLE",
    "plate_text_index": 6,
    "primary_color": 0,
    "radio_station": "RADIO_19_USER",
    "secondary_color": 0,
    "tire_can_burst": 0,
    "vehicle_attachments": [],
    "vehicle_extras": [],
    "vehicle_model_hash": 2531693357,
    "vehicle_window_tint": 1,
    "wheel_color": 27,
    "wheel_type": 12
}