{
    "MOD_AIRFILTER": [
        7,
        0
    ],
    "MOD_BRAKES": [
        2,
        0
    ],
    "MOD_DASHBOARD": [
        2,
        0
    ],
    "MOD_ENGINE": [
        3,
        0
    ],
    "MOD_ENGINEBLOCK": [
        2,
        0
    ],
    "MOD_EXHAUST": [
        7,
        0
    ],
    "MOD_FENDER": [
        1,
        0
    ],
    "MOD_FRONTBUMPER": [
        2,
        0
    ],
    "MOD_FRONTWHEEL": [
        16,
        0
    ],
    "MOD_HOOD": [
        4,
        0
    ],
    "MOD_ORNAMENTS": [
        0,
        0
    ],
    "MOD_REARBUMPER": [
        4,
        0
    ],
    "MOD_ROOF": [
        3,
        0
    ],
    "MOD_SIDESKIRT": [
        2,
        0
    ],
    "MOD_SPOILERS": [
        2,
        0
    ],
    "MOD_STRUTS": [
        14,
        0
    ],
    "MOD_SUSPENSION": [
        3,
        0
    ],
    "MOD_TIRESMOKE": "TOGGLE",
    "MOD_TRANSMISSION": [
        2,
        0
    ],
    "MOD_TURBO": "TOGGLE",
    "MOD_VANITYPLATES": [
        0,
        0
    ],
    "clan_logo": 0,
    "custom_primary_color": [
        255,
        255,
        255
    ],
    "custom_secondary_color": [
        184,
        0,
        0
    ],
    "dash_color": 156,
    "drift_tires": 1,
    "has_collision": true,
    "headlight_color": 255,
    "interior_color": 28,
    "is_visible": true,
    "model_attachments": [],
    "neon_color": [
        255,
        0,
        255
    ],
    "neon_lights": [
        false,
        false,
        false,
        false
    ],
    "pearlescent_color": 112,
    "plate_text": "  420   ",
    "plate_text_index": 0,
    "primary_color": 0,
    "radio_station": "OFF",
    "secondary_color": 36,
    "tire_can_burst": 1,
    "tire_smoke_color": [
        20,
        20,
        20
    ],
    "vehicle_attachments": [],
    "vehicle_extras": [],
    "vehicle_model_hash": 2531693357,
    "vehicle_window_tint": 3,
    "wheel_color": 0,
    "wheel_type": 12
}