{
    "MOD_AIRFILTER": [
        3,
        0
    ],
    "MOD_ARCHCOVER": [
        2,
        0
    ],
    "MOD_BRAKES": [
        2,
        0
    ],
    "MOD_ENGINE": [
        3,
        0
    ],
    "MOD_ENGINEBLOCK": [
        2,
        0
    ],
    "MOD_EXHAUST": [
        10,
        0
    ],
    "MOD_FENDER": [
        0,
        0
    ],
    "MOD_FRONTBUMPER": [
        4,
        0
    ],
    "MOD_HOOD": [
        11,
        0
    ],
    "MOD_LIVERY": [
        4,
        0
    ],
    "MOD_REARBUMPER": [
        0,
        0
    ],
    "MOD_RIGHTFENDER": [
        1,
        0
    ],
    "MOD_ROOF": [
        3,
        0
    ],
    "MOD_SIDESKIRT": [
        1,
        0
    ],
    "MOD_SPOILERS": [
        0,
        0
    ],
    "MOD_STRUTS": [
        16,
        0
    ],
    "MOD_SUSPENSION": [
        3,
        0
    ],
    "MOD_TIRESMOKE": "TOGGLE",
    "MOD_TRANSMISSION": [
        2,
        0
    ],
    "MOD_TURBO": "TOGGLE",
    "MOD_XENONHEADLIGHTS": "TOGGLE",
    "clan_logo": 0,
    "custom_primary_color": [
        185,
        0,
        0
    ],
    "dash_color": 27,
    "drift_tires": 0,
    "has_collision": true,
    "headlight_color": 3,
    "interior_color": 156,
    "is_visible": true,
    "model_attachments": [],
    "neon_color": [
        255,
        0,
        0
    ],
    "neon_lights": [
        true,
        true,
        true,
        true
    ],
    "pearlescent_color": 94,
    "plate_text": "        ",
    "plate_text_index": 0,
    "primary_color": 29,
    "radio_station": "RADIO_37_MOTOMAMI",
    "secondary_color": 112,
    "tire_can_burst": 0,
    "tire_smoke_color": [
        255,
        255,
        255
    ],
    "vehicle_attachments": [],
    "vehicle_extras": [],
    "vehicle_model_hash": 2712905841,
    "vehicle_window_tint": 1,
    "wheel_color": 112,
    "wheel_type": 1
}