{
    "": "TOGGLE",
    "MOD_AIRFILTER": [
        8,
        0
    ],
    "MOD_ARCHCOVER": [
        2,
        0
    ],
    "MOD_ARMOR": [
        4,
        0
    ],
    "MOD_BRAKES": [
        2,
        0
    ],
    "MOD_DASHBOARD": [
        3,
        0
    ],
    "MOD_DIALDESIGN": [
        3,
        0
    ],
    "MOD_DOORSPEAKERS": [
        7,
        0
    ],
    "MOD_ENGINE": [
        3,
        0
    ],
    "MOD_ENGINEBLOCK": [
        4,
        0
    ],
    "MOD_EXHAUST": [
        12,
        0
    ],
    "MOD_FENDER": [
        1,
        0
    ],
    "MOD_FRAME": [
        8,
        0
    ],
    "MOD_FRONTBUMPER": [
        11,
        0
    ],
    "MOD_FRONTWHEEL": [
        83,
        0
    ],
    "MOD_GRILLE": [
        7,
        0
    ],
    "MOD_HOOD": [
        7,
        0
    ],
    "MOD_HORNS": [
        57,
        0
    ],
    "MOD_ORNAMENTS": [
        1,
        0
    ],
    "MOD_REARBUMPER": [
        10,
        0
    ],
    "MOD_RIGHTFENDER": [
        4,
        0
    ],
    "MOD_ROOF": [
        4,
        0
    ],
    "MOD_SEATS": [
        10,
        0
    ],
    "MOD_SIDESKIRT": [
        8,
        0
    ],
    "MOD_SPOILERS": [
        13,
        0
    ],
    "MOD_STEERINGWHEELS": [
        15,
        0
    ],
    "MOD_STRUTS": [
        16,
        0
    ],
    "MOD_SUSPENSION": [
        3,
        0
    ],
    "MOD_TANK": [
        7,
        0
    ],
    "MOD_TIRESMOKE": "TOGGLE",
    "MOD_TRANSMISSION": [
        2,
        0
    ],
    "MOD_TRIM": [
        1,
        0
    ],
    "MOD_TRIMDESIGN": [
        10,
        0
    ],
    "MOD_TURBO": "TOGGLE",
    "MOD_VANITYPLATES": [
        2,
        0
    ],
    "MOD_XENONHEADLIGHTS": "TOGGLE",
    "clan_logo": 0,
    "custom_primary_color": [
        255,
        52,
        0
    ],
    "custom_secondary_color": [
        255,
        78,
        0
    ],
    "dash_color": 156,
    "drift_tires": 1,
    "has_collision": true,
    "headlight_color": 7,
    "interior_color": 36,
    "is_visible": true,
    "model_attachments": [],
    "neon_color": [
        255,
        61,
        0
    ],
    "neon_lights": [
        true,
        true,
        true,
        true
    ],
    "pearlescent_color": 111,
    "plate_text": "24UDG336",
    "plate_text_index": 0,
    "primary_color": 112,
    "radio_station": "RADIO_27_DLC_PRHEI4",
    "secondary_color": 0,
    "tire_can_burst": 0,
    "tire_smoke_color": [
        255,
        255,
        255
    ],
    "vehicle_attachments": [],
    "vehicle_extras": [],
    "vehicle_model_hash": 2712905841,
    "vehicle_window_tint": 1,
    "wheel_color": 88,
    "wheel_type": 10
}