{
    "": "TOGGLE",
    "MOD_ARMOR": [
        4,
        0
    ],
    "MOD_BRAKES": [
        2,
        0
    ],
    "MOD_ENGINE": [
        3,
        0
    ],
    "MOD_EXHAUST": [
        4,
        0
    ],
    "MOD_FRAME": [
        0,
        0
    ],
    "MOD_FRONTBUMPER": [
        3,
        0
    ],
    "MOD_FRONTWHEEL": [
        119,
        0
    ],
    "MOD_HOOD": [
        11,
        0
    ],
    "MOD_HORNS": [
        57,
        0
    ],
    "MOD_LIVERY": [
        2,
        0
    ],
    "MOD_REARBUMPER": [
        8,
        0
    ],
    "MOD_RIGHTFENDER": [
        0,
        0
    ],
    "MOD_SIDESKIRT": [
        16,
        0
    ],
    "MOD_SPOILERS": [
        0,
        0
    ],
    "MOD_TANK": [
        0,
        0
    ],
    "MOD_TIRESMOKE": "TOGGLE",
    "MOD_TRANSMISSION": [
        2,
        0
    ],
    "MOD_TRIM": [
        1,
        0
    ],
    "MOD_TURBO": "TOGGLE",
    "MOD_XENONHEADLIGHTS": "TOGGLE",
    "clan_logo": 0,
    "custom_primary_color": [
        255,
        255,
        255
    ],
    "custom_secondary_color": [
        255,
        255,
        255
    ],
    "dash_color": 134,
    "drift_tires": 0,
    "has_collision": true,
    "headlight_color": 3,
    "interior_color": 111,
    "is_visible": true,
    "model_attachments": [],
    "neon_color": [
        3,
        83,
        255
    ],
    "neon_lights": [
        true,
        false,
        true,
        true
    ],
    "pearlescent_color": 111,
    "plate_text": "DOGONPAI",
    "plate_text_index": 2,
    "primary_color": 128,
    "radio_station": "RADIO_20_THELAB",
    "secondary_color": 75,
    "tire_can_burst": 0,
    "tire_smoke_color": [
        0,
        174,
        239
    ],
    "vehicle_attachments": [],
    "vehicle_extras": [],
    "vehicle_model_hash": 461465043,
    "vehicle_window_tint": 1,
    "wheel_color": 87,
    "wheel_type": 8
}