{
    "MOD_ARMOR": [
        4,
        0
    ],
    "MOD_BRAKES": [
        2,
        0
    ],
    "MOD_ENGINE": [
        3,
        0
    ],
    "MOD_EXHAUST": [
        1,
        0
    ],
    "MOD_FRONTWHEEL": [
        64,
        0
    ],
    "MOD_GRILLE": [
        2,
        0
    ],
    "MOD_HOOD": [
        6,
        0
    ],
    "MOD_HORNS": [
        53,
        0
    ],
    "MOD_LIVERY": [
        6,
        0
    ],
    "MOD_REARBUMPER": [
        0,
        0
    ],
    "MOD_ROOF": [
        0,
        0
    ],
    "MOD_SIDESKIRT": [
        2,
        0
    ],
    "MOD_SPOILERS": [
        8,
        0
    ],
    "MOD_SUSPENSION": [
        0,
        0
    ],
    "MOD_TRANSMISSION": [
        3,
        0
    ],
    "MOD_TURBO": "TOGGLE",
    "MOD_XENONHEADLIGHTS": "TOGGLE",
    "clan_logo": 0,
    "custom_primary_color": [
        79,
        30,
        221
    ],
    "custom_secondary_color": [
        247,
        255,
        0
    ],
    "dash_color": 49,
    "has_collision": true,
    "headlight_color": 7,
    "interior_color": 35,
    "is_invincible": true,
    "is_visible": true,
    "model_attachments": [],
    "neon_color": [
        255,
        1,
        1
    ],
    "neon_lights": [
        true,
        true,
        true,
        true
    ],
    "pearlescent_color": 31,
    "plate_text": "MAFIAREY",
    "plate_text_index": 2,
    "primary_color": 73,
    "radio_station": "RADIO_36_AUDIOPLAYER",
    "secondary_color": 0,
    "vehicle_attachments": [],
    "vehicle_extras": [
        [
            1,
            true
        ]
    ],
    "vehicle_model_hash": 4086055493,
    "vehicle_window_tint": 1,
    "wheel_color": 135,
    "wheel_type": 10
}