{
    "": "TOGGLE",
    "MOD_AIRFILTER": [
        3,
        0
    ],
    "MOD_ARMOR": [
        4,
        0
    ],
    "MOD_BRAKES": [
        2,
        0
    ],
    "MOD_ENGINE": [
        3,
        0
    ],
    "MOD_EXHAUST": [
        2,
        0
    ],
    "MOD_FRONTBUMPER": [
        6,
        0
    ],
    "MOD_FRONTWHEEL": [
        30,
        0
    ],
    "MOD_GRILLE": [
        13,
        0
    ],
    "MOD_REARBUMPER": [
        6,
        0
    ],
    "MOD_RIGHTFENDER": [
        0,
        0
    ],
    "MOD_SIDESKIRT": [
        6,
        0
    ],
    "MOD_SPOILERS": [
        15,
        0
    ],
    "MOD_STRUTS": [
        8,
        0
    ],
    "MOD_SUSPENSION": [
        1,
        0
    ],
    "MOD_TIRESMOKE": "TOGGLE",
    "MOD_TRANSMISSION": [
        2,
        0
    ],
    "MOD_TURBO": "TOGGLE",
    "clan_logo": 0,
    "dash_color": 0,
    "drift_tires": 0,
    "has_collision": true,
    "headlight_color": 255,
    "interior_color": 0,
    "is_visible": true,
    "model_attachments": [],
    "neon_color": [
        94,
        255,
        1
    ],
    "neon_lights": [
        true,
        true,
        true,
        true
    ],
    "pearlescent_color": 0,
    "plate_text": "24NIP139",
    "plate_text_index": 0,
    "primary_color": 0,
    "radio_station": "RADIO_35_DLC_HEI4_MLR",
    "secondary_color": 0,
    "tire_can_burst": 0,
    "tire_smoke_color": [
        255,
        255,
        255
    ],
    "vehicle_attachments": [],
    "vehicle_extras": [
        [
            3,
            false
        ]
    ],
    "vehicle_model_hash": 4230891418,
    "vehicle_window_tint": 2,
    "wheel_color": 156,
    "wheel_type": 0
}