{
    "": "TOGGLE",
    "MOD_ARMOR": [
        4,
        0
    ],
    "MOD_BRAKES": [
        2,
        0
    ],
    "MOD_ENGINE": [
        3,
        0
    ],
    "MOD_FRONTBUMPER": [
        0,
        0
    ],
    "MOD_FRONTWHEEL": [
        92,
        0
    ],
    "MOD_HORNS": [
        57,
        0
    ],
    "MOD_ROOF": [
        0,
        0
    ],
    "MOD_SIDESKIRT": [
        0,
        0
    ],
    "MOD_SUSPENSION": [
        3,
        0
    ],
    "MOD_TIRESMOKE": "TOGGLE",
    "MOD_TRANSMISSION": [
        2,
        0
    ],
    "MOD_TURBO": "TOGGLE",
    "MOD_XENONHEADLIGHTS": "TOGGLE",
    "clan_logo": 0,
    "custom_primary_color": [
        249,
        255,
        0
    ],
    "custom_secondary_color": [
        255,
        255,
        255
    ],
    "dash_color": 0,
    "has_collision": true,
    "headlight_color": 255,
    "interior_color": 65,
    "is_invincible": false,
    "is_visible": true,
    "model_attachments": [],
    "neon_color": [
        243,
        255,
        0
    ],
    "neon_lights": [
        true,
        true,
        true,
        true
    ],
    "pearlescent_color": 7,
    "plate_text": "   M    ",
    "plate_text_index": 1,
    "primary_color": 159,
    "radio_station": "RADIO_27_DLC_PRHEI4",
    "secondary_color": 7,
    "tire_smoke_color": [
        246,
        255,
        0
    ],
    "vehicle_attachments": [],
    "vehicle_extras": [
        [
            5,
            false
        ],
        [
            10,
            false
        ],
        [
            11,
            false
        ]
    ],
    "vehicle_model_hash": 850565707,
    "vehicle_window_tint": 0,
    "wheel_color": 64,
    "wheel_type": 9
}