{
    "": "TOGGLE",
    "MOD_ARMOR": [
        0,
        0
    ],
    "MOD_BRAKES": [
        2,
        0
    ],
    "MOD_ENGINE": [
        3,
        0
    ],
    "MOD_FRAME": [
        0,
        0
    ],
    "MOD_FRONTWHEEL": [
        106,
        0
    ],
    "MOD_HORNS": [
        48,
        0
    ],
    "MOD_ROOF": [
        0,
        0
    ],
    "MOD_TIRESMOKE": "TOGGLE",
    "MOD_TURBO": "TOGGLE",
    "MOD_VANITYPLATES": [
        0,
        0
    ],
    "MOD_XENONHEADLIGHTS": "TOGGLE",
    "clan_logo": 0,
    "custom_primary_color": [
        0,
        130,
        116
    ],
    "custom_secondary_color": [
        0,
        130,
        116
    ],
    "dash_color": 1,
    "drift_tires": 0,
    "has_collision": true,
    "headlight_color": 8,
    "interior_color": 1,
    "is_visible": true,
    "model_attachments": [],
    "neon_color": [
        193,
        159,
        85
    ],
    "neon_lights": [
        true,
        true,
        true,
        true
    ],
    "pearlescent_color": 0,
    "plate_text": "27PNX154",
    "plate_text_index": 0,
    "primary_color": 13,
    "radio_station": "OFF",
    "secondary_color": 8,
    "tire_can_burst": 0,
    "tire_smoke_color": [
        133,
        163,
        237
    ],
    "vehicle_attachments": [],
    "vehicle_extras": [],
    "vehicle_model_hash": 2859440138,
    "vehicle_window_tint": 1,
    "wheel_color": 0,
    "wheel_type": 8
}