{
    "MOD_ARMOR": [
        4,
        0
    ],
    "MOD_BRAKES": [
        2,
        0
    ],
    "MOD_ENGINE": [
        3,
        0
    ],
    "MOD_EXHAUST": [
        4,
        0
    ],
    "MOD_FRONTWHEEL": [
        115,
        0
    ],
    "MOD_HOOD": [
        3,
        0
    ],
    "MOD_HORNS": [
        57,
        0
    ],
    "MOD_SIDESKIRT": [
        0,
        0
    ],
    "MOD_SPOILERS": [
        11,
        0
    ],
    "MOD_TRANSMISSION": [
        3,
        0
    ],
    "MOD_TURBO": "TOGGLE",
    "MOD_XENONHEADLIGHTS": "TOGGLE",
    "clan_logo": 0,
    "custom_primary_color": [
        60,
        253,
        90
    ],
    "custom_secondary_color": [
        60,
        253,
        90
    ],
    "dash_color": 22,
    "drift_tires": 0,
    "has_collision": true,
    "headlight_color": 4,
    "interior_color": 65,
    "is_visible": true,
    "model_attachments": [],
    "neon_color": [
        60,
        253,
        90
    ],
    "neon_lights": [
        false,
        false,
        false,
        false
    ],
    "pearlescent_color": 18,
    "plate_text": "        ",
    "plate_text_index": 1,
    "primary_color": 27,
    "radio_station": "RADIO_02_POP",
    "secondary_color": 33,
    "tire_can_burst": 0,
    "vehicle_attachments": [],
    "vehicle_extras": [
        [
            1,
            true
        ]
    ],
    "vehicle_model_hash": 3630826055,
    "vehicle_window_tint": 1,
    "wheel_color": 112,
    "wheel_type": 8
}