{
    "MOD_ARMOR": [
        4,
        0
    ],
    "MOD_BRAKES": [
        2,
        0
    ],
    "MOD_ENGINE": [
        3,
        0
    ],
    "MOD_EXHAUST": [
        4,
        0
    ],
    "MOD_FRONTWHEEL": [
        49,
        0
    ],
    "MOD_HOOD": [
        3,
        0
    ],
    "MOD_HORNS": [
        48,
        0
    ],
    "MOD_LIVERY": [
        2,
        0
    ],
    "MOD_SIDESKIRT": [
        0,
        0
    ],
    "MOD_SPOILERS": [
        8,
        0
    ],
    "MOD_TIRESMOKE": "TOGGLE",
    "MOD_TRANSMISSION": [
        3,
        0
    ],
    "MOD_TURBO": "TOGGLE",
    "MOD_XENONHEADLIGHTS": "TOGGLE",
    "clan_logo": 0,
    "custom_primary_color": [
        255,
        255,
        255
    ],
    "custom_secondary_color": [
        255,
        255,
        255
    ],
    "dash_color": 33,
    "drift_tires": 0,
    "has_collision": true,
    "headlight_color": 8,
    "interior_color": 65,
    "is_visible": true,
    "model_attachments": [],
    "neon_color": [
        255,
        0,
        255
    ],
    "neon_lights": [
        false,
        false,
        false,
        false
    ],
    "pearlescent_color": 18,
    "plate_text": "        ",
    "plate_text_index": 0,
    "primary_color": 117,
    "radio_station": "RADIO_27_DLC_PRHEI4",
    "secondary_color": 120,
    "tire_can_burst": 0,
    "tire_smoke_color": [
        0,
        0,
        0
    ],
    "vehicle_attachments": [],
    "vehicle_extras": [
        [
            1,
            true
        ]
    ],
    "vehicle_model_hash": 3630826055,
    "vehicle_window_tint": 6,
    "wheel_color": 0,
    "wheel_type": 9
}