{
    "components": {
        "0": {
            "drawable": 22,
            "texture": 0
        },
        "1": {
            "drawable": 0,
            "texture": 0
        },
        "10": {
            "drawable": 200,
            "texture": 0
        },
        "11": {
            "drawable": 584,
            "texture": 0
        },
        "2": {
            "drawable": 77,
            "texture": 0
        },
        "3": {
            "drawable": 214,
            "texture": 0
        },
        "4": {
            "drawable": 59,
            "texture": 6
        },
        "5": {
            "drawable": 0,
            "texture": 0
        },
        "6": {
            "drawable": 161,
            "texture": 7
        },
        "7": {
            "drawable": 125,
            "texture": 0
        },
        "8": {
            "drawable": 154,
            "texture": 0
        },
        "9": {
            "drawable": 0,
            "texture": 0
        }
    },
    "model": 1885233650,
    "props": {
        "0": {
            "drawable": 247,
            "texture": 0
        },
        "1": {
            "drawable": 30,
            "texture": 4
        },
        "2": {
            "drawable": 36,
            "texture": 0
        },
        "6": {
            "drawable": 28,
            "texture": 0
        }
    }
}