{
    "blend_data": {
        "is_parent": 1,
        "shape_first_id": 21,
        "shape_mix": 0.4866027534008026,
        "shape_second_id": 9,
        "shape_third_id": 0,
        "skin_first_id": 21,
        "skin_mix": 0.0,
        "skin_second_id": 9,
        "skin_third_id": 0,
        "third_mix": 0.0
    },
    "components": {
        "0": {
            "drawable_id": 0,
            "texture_id": 0
        },
        "1": {
            "drawable_id": 174,
            "texture_id": 23
        },
        "10": {
            "drawable_id": 0,
            "texture_id": 0
        },
        "11": {
            "drawable_id": 88,
            "texture_id": 8
        },
        "2": {
            "drawable_id": 40,
            "texture_id": 0
        },
        "3": {
            "drawable_id": 77,
            "texture_id": 0
        },
        "4": {
            "drawable_id": 40,
            "texture_id": 0
        },
        "5": {
            "drawable_id": 82,
            "texture_id": 17
        },
        "6": {
            "drawable_id": 99,
            "texture_id": 0
        },
        "7": {
            "drawable_id": 31,
            "texture_id": 0
        },
        "8": {
            "drawable_id": 170,
            "texture_id": 3
        },
        "9": {
            "drawable_id": 0,
            "texture_id": 0
        }
    },
    "model": 1885233650,
    "props": {
        "0": {
            "drawable_id": 119,
            "texture_id": 3
        },
        "1": {
            "drawable_id": 25,
            "texture_id": 4
        },
        "2": {
            "drawable_id": -1,
            "texture_id": -1
        },
        "6": {
            "drawable_id": -1,
            "texture_id": -1
        },
        "7": {
            "drawable_id": -1,
            "texture_id": -1
        }
    }
}
