{
    "components": {
        "0": {
            "drawable": 22,
            "texture": 0
        },
        "1": {
            "drawable": 0,
            "texture": 0
        },
        "10": {
            "drawable": 115,
            "texture": 1
        },
        "11": {
            "drawable": 80,
            "texture": 0
        },
        "2": {
            "drawable": 77,
            "texture": 0
        },
        "3": {
            "drawable": 110,
            "texture": 3
        },
        "4": {
            "drawable": 59,
            "texture": 8
        },
        "5": {
            "drawable": 0,
            "texture": 0
        },
        "6": {
            "drawable": 77,
            "texture": 4
        },
        "7": {
            "drawable": 125,
            "texture": 0
        },
        "8": {
            "drawable": 15,
            "texture": 0
        },
        "9": {
            "drawable": 0,
            "texture": 0
        }
    },
    "model": 1885233650,
    "props": {
        "0": {
            "drawable": -1,
            "texture": -1
        },
        "1": {
            "drawable": -1,
            "texture": -1
        },
        "2": {
            "drawable": 36,
            "texture": 0
        },
        "6": {
            "drawable": -1,
            "texture": -1
        }
    }
}