{
    "blend_data": {
        "is_parent": 0,
        "shape_first_id": 0,
        "shape_mix": 0.0,
        "shape_second_id": 0,
        "shape_third_id": 0,
        "skin_first_id": 28,
        "skin_mix": 0.23448202013969421,
        "skin_second_id": 42,
        "skin_third_id": 0,
        "third_mix": 0.0
    },
    "components": {
        "0": {
            "drawable_id": 1,
            "texture_id": 0
        },
        "1": {
            "drawable_id": 208,
            "texture_id": 2
        },
        "10": {
            "drawable_id": 5,
            "texture_id": 0
        },
        "11": {
            "drawable_id": 251,
            "texture_id": 2
        },
        "2": {
            "drawable_id": 81,
            "texture_id": 0
        },
        "3": {
            "drawable_id": 190,
            "texture_id": 0
        },
        "4": {
            "drawable_id": 98,
            "texture_id": 2
        },
        "5": {
            "drawable_id": 83,
            "texture_id": 21
        },
        "6": {
            "drawable_id": 99,
            "texture_id": 0
        },
        "7": {
            "drawable_id": 7,
            "texture_id": 0
        },
        "8": {
            "drawable_id": 172,
            "texture_id": 0
        },
        "9": {
            "drawable_id": 0,
            "texture_id": 0
        }
    },
    "model": 1885233650,
    "props": {
        "0": {
            "drawable_id": 0,
            "texture_id": 5
        },
        "1": {
            "drawable_id": 0,
            "texture_id": 1
        },
        "2": {
            "drawable_id": -1,
            "texture_id": -1
        },
        "6": {
            "drawable_id": -1,
            "texture_id": -1
        },
        "7": {
            "drawable_id": -1,
            "texture_id": -1
        }
    }
}
