{
    "blend_data": {
        "is_parent": 0,
        "shape_first_id": 0,
        "shape_mix": 0.0,
        "shape_second_id": 0,
        "shape_third_id": 0,
        "skin_first_id": 31,
        "skin_mix": 1.0,
        "skin_second_id": 12,
        "skin_third_id": 0,
        "third_mix": 0.0
    },
    "components": {
        "0": {
            "drawable_id": 0,
            "texture_id": 0
        },
        "1": {
            "drawable_id": 134,
            "texture_id": 12
        },
        "10": {
            "drawable_id": 0,
            "texture_id": 0
        },
        "11": {
            "drawable_id": 274,
            "texture_id": 12
        },
        "2": {
            "drawable_id": 49,
            "texture_id": 0
        },
        "3": {
            "drawable_id": 3,
            "texture_id": 0
        },
        "4": {
            "drawable_id": 59,
            "texture_id": 2
        },
        "5": {
            "drawable_id": 82,
            "texture_id": 6
        },
        "6": {
            "drawable_id": 57,
            "texture_id": 9
        },
        "7": {
            "drawable_id": 125,
            "texture_id": 0
        },
        "8": {
            "drawable_id": 154,
            "texture_id": 0
        },
        "9": {
            "drawable_id": 0,
            "texture_id": 0
        }
    },
    "model": 1885233650,
    "props": {
        "0": {
            "drawable_id": 59,
            "texture_id": 9
        },
        "1": {
            "drawable_id": -1,
            "texture_id": -1
        },
        "2": {
            "drawable_id": -1,
            "texture_id": -1
        },
        "6": {
            "drawable_id": 14,
            "texture_id": 0
        },
        "7": {
            "drawable_id": -1,
            "texture_id": -1
        }
    }
}
