{
    "blend_data": {
        "is_parent": 1,
        "shape_first_id": 31,
        "shape_mix": 0.7218548059463501,
        "shape_second_id": 44,
        "shape_third_id": 0,
        "skin_first_id": 31,
        "skin_mix": 0.5757325887680054,
        "skin_second_id": 44,
        "skin_third_id": 0,
        "third_mix": 0.0
    },
    "components": {
        "0": {
            "drawable_id": 0,
            "texture_id": 0
        },
        "1": {
            "drawable_id": 214,
            "texture_id": 1
        },
        "10": {
            "drawable_id": 0,
            "texture_id": 0
        },
        "11": {
            "drawable_id": 302,
            "texture_id": 0
        },
        "2": {
            "drawable_id": 57,
            "texture_id": 0
        },
        "3": {
            "drawable_id": 35,
            "texture_id": 0
        },
        "4": {
            "drawable_id": 178,
            "texture_id": 0
        },
        "5": {
            "drawable_id": 86,
            "texture_id": 13
        },
        "6": {
            "drawable_id": 77,
            "texture_id": 8
        },
        "7": {
            "drawable_id": 157,
            "texture_id": 7
        },
        "8": {
            "drawable_id": 200,
            "texture_id": 0
        },
        "9": {
            "drawable_id": 0,
            "texture_id": 0
        }
    },
    "model": 1885233650,
    "props": {
        "0": {
            "drawable_id": 0,
            "texture_id": 1
        },
        "1": {
            "drawable_id": 30,
            "texture_id": 6
        },
        "2": {
            "drawable_id": 39,
            "texture_id": 1
        },
        "6": {
            "drawable_id": -1,
            "texture_id": -1
        },
        "7": {
            "drawable_id": -1,
            "texture_id": -1
        }
    }
}
