{
    "blend_data": {
        "is_parent": 1,
        "shape_first_id": 23,
        "shape_mix": 0.5973578691482544,
        "shape_second_id": 0,
        "shape_third_id": 0,
        "skin_first_id": 23,
        "skin_mix": 0.08967838436365128,
        "skin_second_id": 0,
        "skin_third_id": 0,
        "third_mix": 0.0
    },
    "components": {
        "0": {
            "drawable_id": 0,
            "texture_id": 0
        },
        "1": {
            "drawable_id": 126,
            "texture_id": 11
        },
        "10": {
            "drawable_id": 11,
            "texture_id": 1
        },
        "11": {
            "drawable_id": 118,
            "texture_id": 6
        },
        "2": {
            "drawable_id": 81,
            "texture_id": 0
        },
        "3": {
            "drawable_id": 110,
            "texture_id": 3
        },
        "4": {
            "drawable_id": 97,
            "texture_id": 1
        },
        "5": {
            "drawable_id": 82,
            "texture_id": 0
        },
        "6": {
            "drawable_id": 22,
            "texture_id": 5
        },
        "7": {
            "drawable_id": 112,
            "texture_id": 2
        },
        "8": {
            "drawable_id": 58,
            "texture_id": 0
        },
        "9": {
            "drawable_id": 60,
            "texture_id": 0
        }
    },
    "model": 1885233650,
    "props": {
        "0": {
            "drawable_id": 59,
            "texture_id": 6
        },
        "1": {
            "drawable_id": -1,
            "texture_id": -1
        },
        "2": {
            "drawable_id": -1,
            "texture_id": -1
        },
        "6": {
            "drawable_id": 28,
            "texture_id": 0
        },
        "7": {
            "drawable_id": 6,
            "texture_id": 0
        }
    }
}
