{
    "components": {
        "0": {
            "drawable": 22,
            "texture": 0
        },
        "1": {
            "drawable": 0,
            "texture": 0
        },
        "10": {
            "drawable": 0,
            "texture": 0
        },
        "11": {
            "drawable": 548,
            "texture": 0
        },
        "2": {
            "drawable": 77,
            "texture": 0
        },
        "3": {
            "drawable": 110,
            "texture": 3
        },
        "4": {
            "drawable": 97,
            "texture": 16
        },
        "5": {
            "drawable": 0,
            "texture": 0
        },
        "6": {
            "drawable": 55,
            "texture": 2
        },
        "7": {
            "drawable": 125,
            "texture": 0
        },
        "8": {
            "drawable": 153,
            "texture": 0
        },
        "9": {
            "drawable": 0,
            "texture": 0
        }
    },
    "model": 1885233650,
    "props": {
        "0": {
            "drawable": -1,
            "texture": -1
        },
        "1": {
            "drawable": -1,
            "texture": -1
        },
        "2": {
            "drawable": -1,
            "texture": -1
        },
        "6": {
            "drawable": -1,
            "texture": -1
        }
    }
}