{
    "components": {
        "0": {
            "drawable": 0,
            "texture": 0
        },
        "1": {
            "drawable": 134,
            "texture": 8
        },
        "10": {
            "drawable": 0,
            "texture": 0
        },
        "11": {
            "drawable": 178,
            "texture": 1
        },
        "2": {
            "drawable": 49,
            "texture": 0
        },
        "3": {
            "drawable": 17,
            "texture": 0
        },
        "4": {
            "drawable": 121,
            "texture": 0
        },
        "5": {
            "drawable": 0,
            "texture": 0
        },
        "6": {
            "drawable": 24,
            "texture": 0
        },
        "7": {
            "drawable": 112,
            "texture": 2
        },
        "8": {
            "drawable": 15,
            "texture": 0
        },
        "9": {
            "drawable": 60,
            "texture": 0
        }
    },
    "model": 1885233650,
    "props": {
        "0": {
            "drawable": 119,
            "texture": 0
        },
        "1": {
            "drawable": -1,
            "texture": -1
        },
        "2": {
            "drawable": 0,
            "texture": 0
        },
        "6": {
            "drawable": -1,
            "texture": -1
        }
    }
}