{
    "blend_data": {
        "is_parent": 1,
        "shape_first_id": 23,
        "shape_mix": 0.5973578691482544,
        "shape_second_id": 0,
        "shape_third_id": 0,
        "skin_first_id": 23,
        "skin_mix": 0.08967838436365128,
        "skin_second_id": 0,
        "skin_third_id": 0,
        "third_mix": 0.0
    },
    "components": {
        "0": {
            "drawable_id": 0,
            "texture_id": 0
        },
        "1": {
            "drawable_id": 115,
            "texture_id": 25
        },
        "10": {
            "drawable_id": 11,
            "texture_id": 1
        },
        "11": {
            "drawable_id": 243,
            "texture_id": 25
        },
        "2": {
            "drawable_id": 81,
            "texture_id": 0
        },
        "3": {
            "drawable_id": 110,
            "texture_id": 11
        },
        "4": {
            "drawable_id": 59,
            "texture_id": 3
        },
        "5": {
            "drawable_id": 82,
            "texture_id": 7
        },
        "6": {
            "drawable_id": 46,
            "texture_id": 9
        },
        "7": {
            "drawable_id": 0,
            "texture_id": 0
        },
        "8": {
            "drawable_id": 122,
            "texture_id": 0
        },
        "9": {
            "drawable_id": 0,
            "texture_id": 0
        }
    },
    "model": 1885233650,
    "props": {
        "0": {
            "drawable_id": 59,
            "texture_id": 3
        },
        "1": {
            "drawable_id": 15,
            "texture_id": 7
        },
        "2": {
            "drawable_id": -1,
            "texture_id": -1
        },
        "6": {
            "drawable_id": -1,
            "texture_id": -1
        },
        "7": {
            "drawable_id": -1,
            "texture_id": -1
        }
    }
}
