{
    "Hash": 1885233650,
    "Outfits": [
        {
            "Componet": 0,
            "Texture": 0,
            "Varient": 0
        },
        {
            "Componet": 1,
            "Texture": 53,
            "Varient": 2
        },
        {
            "Componet": 2,
            "Texture": 0,
            "Varient": 0
        },
        {
            "Componet": 3,
            "Texture": 77,
            "Varient": 0
        },
        {
            "Componet": 4,
            "Texture": 59,
            "Varient": 8
        },
        {
            "Componet": 5,
            "Texture": 0,
            "Varient": 0
        },
        {
            "Componet": 6,
            "Texture": 25,
            "Varient": 0
        },
        {
            "Componet": 7,
            "Texture": 147,
            "Varient": 16
        },
        {
            "Componet": 8,
            "Texture": 202,
            "Varient": 0
        },
        {
            "Componet": 9,
            "Texture": 12,
            "Varient": 0
        },
        {
            "Componet": 10,
            "Texture": 0,
            "Varient": 0
        },
        {
            "Componet": 11,
            "Texture": 220,
            "Varient": 22
        }
    ],
    "Props": [
        {
            "Componet": 0,
            "Texture": 59,
            "Varient": 6
        },
        {
            "Componet": 1,
            "Texture": 52,
            "Varient": 0
        },
        {
            "Componet": 2,
            "Texture": -1,
            "Varient": -1
        },
        {
            "Componet": 3,
            "Texture": -1,
            "Varient": -1
        }
    ],
    "Z": "0",
    "maden": "DuckyOnDatQuack1"
}